{"type":"FeatureCollection","features":[{"type":"Feature","geometry":{"type":"MultiPolygon","coordinates":[[[[-17.468856151,14.75055926],[-17.467801943,14.749230801],[-17.46651863,14.747723465],[-17.465803602,14.746849226],[-17.465802127,14.746847423],[-17.465744635,14.746777127],[-17.465743463,14.746775696],[-17.465731914,14.746761574],[-17.465727996,14.746756786],[-17.465750778,14.746746562],[-17.465988063,14.746640076],[-17.466357027,14.746474498],[-17.466510079,14.746405814],[-17.466771463,14.746302579],[-17.466954675,14.746209171],[-17.467004008,14.746184019],[-17.467216946,14.746058371],[-17.467479449,14.745903476],[-17.467606025,14.74581565],[-17.467869479,14.745632849],[-17.468366501,14.745287985],[-17.46838961,14.745271952],[-17.468396833,14.745283109],[-17.468408985,14.745297519],[-17.468427003,14.745318886],[-17.468518649,14.745427559],[-17.468616115,14.745543134],[-17.468954171,14.745944001],[-17.469186168,14.7462191],[-17.46948789,14.746576878],[-17.469788133,14.746932901],[-17.470007888,14.747193484],[-17.470148912,14.747360704],[-17.470428266,14.747699316],[-17.470503875,14.747788002],[-17.471002575,14.748372947],[-17.471271227,14.748688058],[-17.471573968,14.74904315],[-17.471848008,14.749364579],[-17.471778013,14.749457693],[-17.470885324,14.750645218],[-17.469968897,14.751769231],[-17.468856151,14.75055926]]]]},"properties":{"region":"DAKAR","departement":"DAKAR","commune":"YOFF","syscolCommune":"01130133","numSection":"030","surfaceM2":212945.6264}},{"type":"Feature","geometry":{"type":"MultiPolygon","coordinates":[[[[-17.462682131,14.748110547],[-17.462673713,14.748100859],[-17.462649648,14.748068712],[-17.464000633,14.747550094],[-17.464079642,14.747519764],[-17.464466578,14.747340663],[-17.46480509,14.747183975],[-17.465109868,14.7470429],[-17.465604571,14.746813916],[-17.465610851,14.746811008],[-17.465726546,14.746757456],[-17.465727996,14.746756786],[-17.465731914,14.746761574],[-17.465743463,14.746775696],[-17.465744635,14.746777127],[-17.465802127,14.746847423],[-17.465803602,14.746849226],[-17.46651863,14.747723465],[-17.467801943,14.749230801],[-17.468856151,14.75055926],[-17.466103301,14.752263679],[-17.46588432,14.751977204],[-17.464279214,14.750036708],[-17.463873693,14.74958788],[-17.462940676,14.748514355],[-17.462758546,14.748304796],[-17.462757291,14.748303352],[-17.462735216,14.748277953],[-17.462702093,14.748239839],[-17.462680015,14.748214436],[-17.462682101,14.748112069],[-17.462682131,14.748110547]]]]},"properties":{"region":"DAKAR","departement":"DAKAR","commune":"YOFF","syscolCommune":"01130133","numSection":"025","surfaceM2":198946.7686}},{"type":"Feature","geometry":{"type":"MultiPolygon","coordinates":[[[[-17.474221989,14.752577726],[-17.473377444,14.752563753],[-17.472719835,14.75255945],[-17.47272004,14.752560676],[-17.472476272,14.752548842],[-17.472046531,14.75254173],[-17.471714915,14.752536243],[-17.471568918,14.752488331],[-17.470748092,14.752223839],[-17.469968897,14.751769231],[-17.470885324,14.750645218],[-17.471778013,14.749457693],[-17.471848008,14.749364579],[-17.471958093,14.749470138],[-17.471961061,14.749471856],[-17.47208938,14.749546178],[-17.472092122,14.74954725],[-17.47222742,14.749600124],[-17.472225276,14.749584431],[-17.472178667,14.749243337],[-17.472073995,14.748480819],[-17.472319606,14.74844253],[-17.472344738,14.748390186],[-17.472159527,14.74817424],[-17.473087924,14.747405933],[-17.473430556,14.747575839],[-17.473653932,14.747686609],[-17.47382494,14.747771408],[-17.474042675,14.747879379],[-17.474615498,14.74803459],[-17.475593229,14.747976428],[-17.475593433,14.747976422],[-17.475622776,14.748614132],[-17.475685665,14.749351041],[-17.475685461,14.749351047],[-17.475325979,14.74936947],[-17.475325774,14.749369474],[-17.475136191,14.749395011],[-17.474842956,14.749811696],[-17.474342221,14.749825933],[-17.474342017,14.749825938],[-17.474236296,14.749593984],[-17.474133436,14.74960545],[-17.474129445,14.749984196],[-17.473992951,14.749986417],[-17.474082744,14.750933298],[-17.474058392,14.751017725],[-17.474082304,14.751225827],[-17.474136535,14.751697803],[-17.474138625,14.751715988],[-17.474139846,14.751726617],[-17.474148642,14.751787338],[-17.474150223,14.751798251],[-17.474160021,14.751865893],[-17.474173449,14.751959965],[-17.474174741,14.751973221],[-17.474183612,14.752064047],[-17.474186226,14.752090814],[-17.474203468,14.752383248],[-17.474209931,14.75245035],[-17.474215,14.75250301],[-17.474222196,14.752577728],[-17.474221989,14.752577726]]]]},"properties":{"region":"DAKAR","departement":"DAKAR","commune":"YOFF","syscolCommune":"01130133","numSection":"029","surfaceM2":190177.55}},{"type":"Feature","geometry":{"type":"MultiPolygon","coordinates":[[[[-17.474221989,14.752577726],[-17.474222196,14.752577728],[-17.474215,14.75250301],[-17.474209931,14.75245035],[-17.474203468,14.752383248],[-17.474186226,14.752090814],[-17.474183612,14.752064047],[-17.474174741,14.751973221],[-17.474173449,14.751959965],[-17.474160021,14.751865893],[-17.474150223,14.751798251],[-17.474148642,14.751787338],[-17.474139846,14.751726617],[-17.474138625,14.751715988],[-17.474136535,14.751697803],[-17.474082304,14.751225827],[-17.474058392,14.751017725],[-17.474082744,14.750933298],[-17.473992951,14.749986417],[-17.474129445,14.749984196],[-17.474133436,14.74960545],[-17.474236296,14.749593984],[-17.474342017,14.749825938],[-17.474342221,14.749825933],[-17.474842956,14.749811696],[-17.475136191,14.749395011],[-17.475325774,14.749369474],[-17.475325979,14.74936947],[-17.475685461,14.749351047],[-17.475685665,14.749351041],[-17.475622776,14.748614132],[-17.475593433,14.747976422],[-17.475781188,14.74795283],[-17.475907089,14.747937026],[-17.475923795,14.74793493],[-17.475987842,14.747926865],[-17.476298032,14.747887803],[-17.476982688,14.747801582],[-17.477646209,14.752307607],[-17.476659605,14.752349866],[-17.476659401,14.752349872],[-17.476677463,14.752672251],[-17.476089452,14.752655482],[-17.475402561,14.752527532],[-17.47532838,14.753005247],[-17.475328176,14.753005245],[-17.474778506,14.752996592],[-17.474686307,14.752723259],[-17.474221989,14.752577726]]]]},"properties":{"region":"DAKAR","departement":"DAKAR","commune":"YOFF","syscolCommune":"01130133","numSection":"028","surfaceM2":151397.0307}},{"type":"Feature","geometry":{"type":"MultiPolygon","coordinates":[[[[-17.461568661,14.753702745],[-17.460799124,14.75279271],[-17.460186087,14.752110444],[-17.459893945,14.75180541],[-17.4598082,14.751634125],[-17.459368943,14.75066905],[-17.459325702,14.750575239],[-17.459136324,14.750164385],[-17.4590483,14.749973418],[-17.458988684,14.749844078],[-17.458997501,14.749844287],[-17.459135653,14.749776871],[-17.461139298,14.748799109],[-17.461513617,14.748616441],[-17.461873849,14.748440647],[-17.46258571,14.748093257],[-17.462649648,14.748068712],[-17.462673713,14.748100859],[-17.462682131,14.748110547],[-17.462682101,14.748112069],[-17.462680015,14.748214436],[-17.462702093,14.748239839],[-17.462735216,14.748277953],[-17.462757291,14.748303352],[-17.462758546,14.748304796],[-17.462940676,14.748514355],[-17.463873693,14.74958788],[-17.464279214,14.750036708],[-17.46588432,14.751977204],[-17.466103301,14.752263679],[-17.465990027,14.752276648],[-17.465426714,14.752900783],[-17.465300619,14.753065224],[-17.465124011,14.753295541],[-17.464927386,14.753551962],[-17.46476099,14.75376896],[-17.464733895,14.753797357],[-17.464462392,14.754081924],[-17.464275928,14.754265664],[-17.464273517,14.754263848],[-17.464136532,14.754160668],[-17.464040454,14.754072675],[-17.463932274,14.753973599],[-17.463554898,14.753659555],[-17.463486793,14.753610086],[-17.463420211,14.753586892],[-17.463353846,14.753582819],[-17.463264539,14.75361365],[-17.462759268,14.753896309],[-17.462246466,14.754164704],[-17.462106231,14.754271435],[-17.462047483,14.754228597],[-17.461950713,14.75415803],[-17.461568661,14.753702745]]]]},"properties":{"region":"DAKAR","departement":"DAKAR","commune":"YOFF","syscolCommune":"01130133","numSection":"024","surfaceM2":299135.856}},{"type":"Feature","geometry":{"type":"MultiPolygon","coordinates":[[[[-17.458492399,14.754020024],[-17.458240181,14.753924899],[-17.457537918,14.753650591],[-17.456834046,14.753327687],[-17.456098351,14.75300512],[-17.455582746,14.752712258],[-17.455216721,14.752462381],[-17.455089793,14.752368131],[-17.454977373,14.75228465],[-17.454906634,14.752232121],[-17.454892407,14.752221557],[-17.454869594,14.752204611],[-17.45486873,14.752203967],[-17.454867634,14.752203153],[-17.454869811,14.752201592],[-17.454939743,14.752151438],[-17.455373281,14.751840496],[-17.455870981,14.751483536],[-17.456048943,14.751355896],[-17.456313764,14.751165959],[-17.456636966,14.750952269],[-17.457014333,14.750702765],[-17.457817836,14.75021935],[-17.458462881,14.749916094],[-17.458669648,14.749836526],[-17.458913139,14.74984229],[-17.458988684,14.749844078],[-17.4590483,14.749973418],[-17.459136324,14.750164385],[-17.459325702,14.750575239],[-17.459368943,14.75066905],[-17.4598082,14.751634125],[-17.459893945,14.75180541],[-17.460186087,14.752110444],[-17.460799124,14.75279271],[-17.461568661,14.753702745],[-17.459590433,14.754635778],[-17.458713349,14.754126414],[-17.458620372,14.754068288],[-17.458492399,14.754020024]]]]},"properties":{"region":"DAKAR","departement":"DAKAR","commune":"YOFF","syscolCommune":"01130133","numSection":"023","surfaceM2":190329.9158}},{"type":"Feature","geometry":{"type":"MultiPolygon","coordinates":[[[[-17.47050646,14.755474255],[-17.470471684,14.755465488],[-17.470151005,14.75538464],[-17.469758253,14.755243832],[-17.469402546,14.755084501],[-17.468831432,14.754818712],[-17.46824988,14.754453344],[-17.468152137,14.754378914],[-17.468068803,14.754321222],[-17.468034499,14.754297473],[-17.46781794,14.75414075],[-17.467356734,14.753710651],[-17.467130688,14.75348649],[-17.466431982,14.752642024],[-17.466160464,14.752329479],[-17.466103301,14.752263679],[-17.468856151,14.75055926],[-17.469968897,14.751769231],[-17.470748092,14.752223839],[-17.471568918,14.752488331],[-17.471278205,14.753343205],[-17.471091464,14.75389233],[-17.470781354,14.754806923],[-17.47065492,14.755176072],[-17.470576682,14.755404506],[-17.470549133,14.75548494],[-17.47050646,14.755474255]]]]},"properties":{"region":"DAKAR","departement":"DAKAR","commune":"YOFF","syscolCommune":"01130133","numSection":"026","surfaceM2":172597.3589}},{"type":"Feature","geometry":{"type":"MultiPolygon","coordinates":[[[[-17.45287987,14.756495201],[-17.453070794,14.756082444],[-17.453478149,14.755207085],[-17.453538574,14.755119196],[-17.454027476,14.754027138],[-17.454347715,14.753311816],[-17.454513529,14.752941437],[-17.454714391,14.75249276],[-17.454855759,14.752211673],[-17.454866409,14.752204032],[-17.454867634,14.752203153],[-17.45486873,14.752203967],[-17.454869594,14.752204611],[-17.454892407,14.752221557],[-17.454906634,14.752232121],[-17.454977373,14.75228465],[-17.455089793,14.752368131],[-17.455216721,14.752462381],[-17.455582746,14.752712258],[-17.456098351,14.75300512],[-17.456834046,14.753327687],[-17.457537918,14.753650591],[-17.458240181,14.753924899],[-17.458492399,14.754020024],[-17.457242042,14.756636539],[-17.457060561,14.756635356],[-17.456692007,14.756632954],[-17.454810788,14.756545576],[-17.454775703,14.756543946],[-17.453520208,14.756485623],[-17.453453502,14.756482524],[-17.453446135,14.756482768],[-17.452988689,14.756497888],[-17.452899618,14.756500833],[-17.45287987,14.756495201]]]]},"properties":{"region":"DAKAR","departement":"DAKAR","commune":"YOFF","syscolCommune":"01130133","numSection":"021","surfaceM2":178682.28}},{"type":"Feature","geometry":{"type":"MultiPolygon","coordinates":[[[[-17.464040454,14.754072675],[-17.464136532,14.754160668],[-17.464273517,14.754263848],[-17.464275928,14.754265664],[-17.46411251,14.754434406],[-17.463872865,14.754681858],[-17.463615731,14.754947369],[-17.463301518,14.755271815],[-17.46325674,14.755318052],[-17.463000348,14.755600341],[-17.46280937,14.75569879],[-17.462529615,14.755844703],[-17.461622927,14.756310398],[-17.46123185,14.756511993],[-17.461196826,14.756530048],[-17.460889616,14.756697928],[-17.460862111,14.756666395],[-17.46080716,14.756662699],[-17.460453068,14.756638881],[-17.460385748,14.756637946],[-17.459776981,14.756629509],[-17.458621582,14.756614006],[-17.458558456,14.756613159],[-17.458532523,14.756612731],[-17.457485676,14.756595451],[-17.457384438,14.75659378],[-17.457242042,14.756636539],[-17.458492399,14.754020024],[-17.458620372,14.754068288],[-17.458713349,14.754126414],[-17.459590433,14.754635778],[-17.461568661,14.753702745],[-17.461950713,14.75415803],[-17.462047483,14.754228597],[-17.462106231,14.754271435],[-17.462246466,14.754164704],[-17.462759268,14.753896309],[-17.463264539,14.75361365],[-17.463353846,14.753582819],[-17.463420211,14.753586892],[-17.463486793,14.753610086],[-17.463554898,14.753659555],[-17.463932274,14.753973599],[-17.464040454,14.754072675]]]]},"properties":{"region":"DAKAR","departement":"DAKAR","commune":"YOFF","syscolCommune":"01130133","numSection":"022","surfaceM2":157105.8923}},{"type":"Feature","geometry":{"type":"MultiPolygon","coordinates":[[[[-17.469864326,14.758305621],[-17.47000062,14.758194211],[-17.470127323,14.757668193],[-17.470411452,14.756726976],[-17.470571516,14.756049121],[-17.470575547,14.756032044],[-17.470483986,14.756017349],[-17.470484454,14.756002228],[-17.470484673,14.755995151],[-17.470486685,14.755930075],[-17.470518276,14.755573589],[-17.47050646,14.755474255],[-17.470549133,14.75548494],[-17.470576682,14.755404506],[-17.470603285,14.755414145],[-17.470645272,14.755418075],[-17.470907369,14.755442611],[-17.471119233,14.755497712],[-17.471488229,14.75554635],[-17.472254987,14.755581171],[-17.473261731,14.755551273],[-17.473782241,14.755531359],[-17.474307445,14.755492271],[-17.47548627,14.755440516],[-17.475603726,14.755435359],[-17.475389638,14.755738806],[-17.475251297,14.756022467],[-17.475004495,14.756244418],[-17.474954779,14.7562909],[-17.47451959,14.756697786],[-17.474301306,14.756943931],[-17.474157717,14.75727891],[-17.474072382,14.757552315],[-17.474050036,14.757835332],[-17.474046599,14.757878861],[-17.474053766,14.758015708],[-17.474054643,14.758032446],[-17.474057849,14.758093667],[-17.474043934,14.758094985],[-17.473937878,14.758112801],[-17.473900507,14.758119078],[-17.473725924,14.758148405],[-17.473686554,14.758157328],[-17.473546254,14.758189127],[-17.473384847,14.758251806],[-17.473293011,14.758296206],[-17.473001785,14.758263079],[-17.472686227,14.758260636],[-17.472221132,14.758303703],[-17.472058905,14.758333969],[-17.472026746,14.758319787],[-17.471610271,14.758346729],[-17.471521327,14.758354703],[-17.471105351,14.758358668],[-17.470788603,14.758369228],[-17.470705164,14.758363744],[-17.470600231,14.758328217],[-17.470389672,14.758280274],[-17.469864326,14.758305621]]]]},"properties":{"region":"DAKAR","departement":"DAKAR","commune":"YOFF","syscolCommune":"01130133","numSection":"013","surfaceM2":140606.0346}},{"type":"Feature","geometry":{"type":"MultiPolygon","coordinates":[[[[-17.46325674,14.755318052],[-17.463301518,14.755271815],[-17.463615731,14.754947369],[-17.463872865,14.754681858],[-17.46411251,14.754434406],[-17.464275928,14.754265664],[-17.464462392,14.754081924],[-17.464733895,14.753797357],[-17.46476099,14.75376896],[-17.464927386,14.753551962],[-17.465124011,14.753295541],[-17.465300619,14.753065224],[-17.465426714,14.752900783],[-17.465990027,14.752276648],[-17.466103301,14.752263679],[-17.466160464,14.752329479],[-17.466431982,14.752642024],[-17.467130688,14.75348649],[-17.467356734,14.753710651],[-17.46781794,14.75414075],[-17.468034499,14.754297473],[-17.468068803,14.754321222],[-17.467965769,14.754467825],[-17.467559723,14.755171789],[-17.466106699,14.757690863],[-17.465667078,14.758453016],[-17.46532133,14.758220799],[-17.465123286,14.757975519],[-17.464941809,14.757751926],[-17.464815605,14.75759531],[-17.464719473,14.757347747],[-17.464778607,14.756273882],[-17.463286668,14.755336849],[-17.46325674,14.755318052]]]]},"properties":{"region":"DAKAR","departement":"DAKAR","commune":"YOFF","syscolCommune":"01130133","numSection":"016","surfaceM2":166422.2017}},{"type":"Feature","geometry":{"type":"MultiPolygon","coordinates":[[[[-17.495179299,14.754970714],[-17.495046286,14.755030646],[-17.494610852,14.755235443],[-17.494600136,14.755243008],[-17.494417093,14.755372217],[-17.494327257,14.755435631],[-17.494007346,14.755642405],[-17.493896966,14.755713747],[-17.493864806,14.755724466],[-17.493196901,14.755947098],[-17.49299482,14.755996126],[-17.49266325,14.75607657],[-17.492649486,14.756096584],[-17.492603755,14.756163081],[-17.492536821,14.756312752],[-17.492508292,14.756376543],[-17.492445238,14.756521585],[-17.492411743,14.756858747],[-17.492308777,14.757178062],[-17.492250204,14.757345596],[-17.49224216,14.757365917],[-17.492187262,14.757504595],[-17.492086293,14.757609619],[-17.491985266,14.75770552],[-17.491931234,14.757819614],[-17.491879901,14.757961278],[-17.49175301,14.75809434],[-17.491714497,14.758099531],[-17.491578235,14.758117898],[-17.491428717,14.758154051],[-17.4912527,14.758178579],[-17.491034306,14.75815853],[-17.490910734,14.758121312],[-17.490782264,14.758012595],[-17.490622311,14.757833552],[-17.490486262,14.757695037],[-17.490340215,14.757583642],[-17.490228281,14.757516597],[-17.49007033,14.757468568],[-17.489958236,14.757420044],[-17.489802365,14.757365077],[-17.48960576,14.75735047],[-17.489431741,14.757378631],[-17.489218901,14.757447828],[-17.488990736,14.75752663],[-17.488846048,14.757572056],[-17.488828057,14.757589031],[-17.488701724,14.75770824],[-17.488662188,14.757745547],[-17.488650741,14.757758619],[-17.488645202,14.757751125],[-17.488637372,14.757740528],[-17.488625587,14.75772213],[-17.488623384,14.757718692],[-17.488577067,14.757646388],[-17.488466504,14.757600106],[-17.488461134,14.7575967],[-17.488445325,14.757583746],[-17.488390946,14.757545229],[-17.488327951,14.757479078],[-17.488220831,14.757349068],[-17.488091329,14.757280834],[-17.487863775,14.756871068],[-17.488139188,14.756746235],[-17.488611801,14.756598287],[-17.488601812,14.756287693],[-17.48899289,14.755728984],[-17.489706347,14.75513638],[-17.488998404,14.754917717],[-17.488996895,14.754917004],[-17.488998242,14.754917589],[-17.489612302,14.754648437],[-17.489753465,14.754586564],[-17.489853601,14.754544197],[-17.49259608,14.753365719],[-17.492684752,14.753328044],[-17.493635578,14.752890413],[-17.493745691,14.753116777],[-17.494036394,14.753559494],[-17.49424312,14.753775967],[-17.494452833,14.753939843],[-17.494725431,14.754091598],[-17.494997683,14.754163105],[-17.495142607,14.754351318],[-17.495158602,14.754621317],[-17.495161751,14.754674493],[-17.495164768,14.754725431],[-17.495171452,14.754838272],[-17.495179299,14.754970714]]]]},"properties":{"region":"DAKAR","departement":"DAKAR","commune":"YOFF","syscolCommune":"01130133","numSection":"003","surfaceM2":224811.9953}},{"type":"Feature","geometry":{"type":"MultiPolygon","coordinates":[[[[-17.479743676,14.758519111],[-17.478765634,14.757830001],[-17.478568021,14.757650863],[-17.478144348,14.757247575],[-17.477895638,14.757028388],[-17.47736879,14.756388855],[-17.476506363,14.755714487],[-17.475603726,14.755435359],[-17.47548627,14.755440516],[-17.474307445,14.755492271],[-17.473782241,14.755531359],[-17.473261731,14.755551273],[-17.472254987,14.755581171],[-17.471488229,14.75554635],[-17.471119233,14.755497712],[-17.470907369,14.755442611],[-17.470645272,14.755418075],[-17.470603285,14.755414145],[-17.470576682,14.755404506],[-17.47065492,14.755176072],[-17.470781354,14.754806923],[-17.471091464,14.75389233],[-17.471278205,14.753343205],[-17.471568918,14.752488331],[-17.471714915,14.752536243],[-17.472046531,14.75254173],[-17.472476272,14.752548842],[-17.47272004,14.752560676],[-17.472719835,14.75255945],[-17.473377444,14.752563753],[-17.474221989,14.752577726],[-17.474686307,14.752723259],[-17.474778506,14.752996592],[-17.475328176,14.753005245],[-17.47532838,14.753005247],[-17.475402561,14.752527532],[-17.476089452,14.752655482],[-17.476677463,14.752672251],[-17.476659401,14.752349872],[-17.476659605,14.752349866],[-17.477646209,14.752307607],[-17.477878539,14.753971815],[-17.477899463,14.754019236],[-17.478352455,14.754645592],[-17.478841882,14.756075945],[-17.479572721,14.758042684],[-17.479743676,14.758519111]]]]},"properties":{"region":"DAKAR","departement":"DAKAR","commune":"YOFF","syscolCommune":"01130133","numSection":"027","surfaceM2":291070.5146}},{"type":"Feature","geometry":{"type":"MultiPolygon","coordinates":[[[[-17.4830713,14.758951598],[-17.483071149,14.75895146],[-17.4830791,14.758949532],[-17.483368351,14.758879386],[-17.483418855,14.75886714],[-17.483580228,14.758797775],[-17.483818225,14.758695478],[-17.484103776,14.758572738],[-17.484142563,14.758556064],[-17.48423172,14.758517743],[-17.484601518,14.758265097],[-17.484613006,14.758257248],[-17.484968576,14.758014321],[-17.485320925,14.757663781],[-17.485555993,14.75742992],[-17.485994323,14.756795508],[-17.486026594,14.756725788],[-17.486325649,14.756079664],[-17.486430842,14.755783465],[-17.486623741,14.755240306],[-17.486728907,14.754854519],[-17.486894071,14.754248632],[-17.486899646,14.754228176],[-17.48689997,14.75422699],[-17.486905612,14.754208501],[-17.486921938,14.754212898],[-17.487063471,14.754251014],[-17.487342721,14.754326222],[-17.487619935,14.754400881],[-17.487683138,14.754417903],[-17.488049415,14.754469315],[-17.488121554,14.754503449],[-17.488980848,14.75491004],[-17.488996895,14.754917004],[-17.488998404,14.754917717],[-17.489706347,14.75513638],[-17.48899289,14.755728984],[-17.488601812,14.756287693],[-17.488611801,14.756598287],[-17.488139188,14.756746235],[-17.487863775,14.756871068],[-17.487863606,14.756871069],[-17.487568612,14.757001518],[-17.487166876,14.7572222],[-17.486678608,14.7575356],[-17.485991292,14.758119946],[-17.485228643,14.758671974],[-17.484615556,14.758979213],[-17.483952974,14.75892233],[-17.483301447,14.758950279],[-17.483074166,14.75895158],[-17.4830713,14.758951598]]]]},"properties":{"region":"DAKAR","departement":"DAKAR","commune":"YOFF","syscolCommune":"01130133","numSection":"006","surfaceM2":103440.7889}},{"type":"Feature","geometry":{"type":"MultiPolygon","coordinates":[[[[-17.4515895,14.759284797],[-17.451592061,14.759279264],[-17.452320641,14.757704182],[-17.45287987,14.756495201],[-17.452899618,14.756500833],[-17.452988689,14.756497888],[-17.453446135,14.756482768],[-17.453453502,14.756482524],[-17.453520208,14.756485623],[-17.454775703,14.756543946],[-17.454810788,14.756545576],[-17.456692007,14.756632954],[-17.457060561,14.756635356],[-17.457242042,14.756636539],[-17.457384438,14.75659378],[-17.457485676,14.756595451],[-17.458532523,14.756612731],[-17.458558456,14.756613159],[-17.458621582,14.756614006],[-17.459776981,14.756629509],[-17.460385748,14.756637946],[-17.460453068,14.756638881],[-17.46080716,14.756662699],[-17.460862111,14.756666395],[-17.460889616,14.756697928],[-17.460936408,14.756809951],[-17.460939169,14.756824114],[-17.460944444,14.756851178],[-17.461008538,14.757179999],[-17.461180264,14.757882273],[-17.461452704,14.759041809],[-17.461617307,14.759717705],[-17.459060146,14.759653846],[-17.458745347,14.759647725],[-17.458196722,14.759637057],[-17.458156527,14.759636276],[-17.457034358,14.759609793],[-17.456241552,14.759591078],[-17.456241115,14.759591068],[-17.455277831,14.759567201],[-17.454681626,14.759555412],[-17.45232664,14.759514336],[-17.452037748,14.759509295],[-17.451775192,14.759504714],[-17.451615863,14.759415774],[-17.451615185,14.759414176],[-17.451574428,14.759318079],[-17.451574397,14.759318002],[-17.451589457,14.759284894],[-17.4515895,14.759284797]]]]},"properties":{"region":"DAKAR","departement":"DAKAR","commune":"YOFF","syscolCommune":"01130133","numSection":"020","surfaceM2":327264.648}},{"type":"Feature","geometry":{"type":"MultiPolygon","coordinates":[[[[-17.462805307,14.759749888],[-17.462547375,14.759741962],[-17.462430176,14.75973836],[-17.462367414,14.759736431],[-17.461758873,14.75972124],[-17.461751371,14.759721052],[-17.461741557,14.759720807],[-17.461617307,14.759717705],[-17.461452704,14.759041809],[-17.461180264,14.757882273],[-17.461008538,14.757179999],[-17.460944444,14.756851178],[-17.460939169,14.756824114],[-17.460936408,14.756809951],[-17.460889616,14.756697928],[-17.461196826,14.756530048],[-17.46123185,14.756511993],[-17.461622927,14.756310398],[-17.462529615,14.755844703],[-17.46280937,14.75569879],[-17.463000348,14.755600341],[-17.46325674,14.755318052],[-17.463286668,14.755336849],[-17.464778607,14.756273882],[-17.464719473,14.757347747],[-17.464815605,14.75759531],[-17.464941809,14.757751926],[-17.465123286,14.757975519],[-17.46532133,14.758220799],[-17.465667078,14.758453016],[-17.464910991,14.759763794],[-17.464910618,14.759764444],[-17.464834613,14.759761045],[-17.464733298,14.759756511],[-17.464472549,14.759759293],[-17.463391891,14.75973457],[-17.462805307,14.759749888]]]]},"properties":{"region":"DAKAR","departement":"DAKAR","commune":"YOFF","syscolCommune":"01130133","numSection":"017","surfaceM2":173965.8072}},{"type":"Feature","geometry":{"type":"MultiPolygon","coordinates":[[[[-17.47000062,14.758194211],[-17.469864326,14.758305621],[-17.469826844,14.75830872],[-17.469832239,14.758974577],[-17.469828535,14.759051767],[-17.469754693,14.759473244],[-17.469768103,14.759902307],[-17.469216227,14.759936358],[-17.468698599,14.759960787],[-17.468630734,14.7599707],[-17.46832545,14.760015293],[-17.468268937,14.760005535],[-17.46732656,14.759871513],[-17.46666619,14.759851676],[-17.465050585,14.759770916],[-17.464914195,14.759764608],[-17.464910618,14.759764444],[-17.464910991,14.759763794],[-17.465667078,14.758453016],[-17.466106699,14.757690863],[-17.467559723,14.755171789],[-17.467965769,14.754467825],[-17.468068803,14.754321222],[-17.468152137,14.754378914],[-17.46824988,14.754453344],[-17.468831432,14.754818712],[-17.469402546,14.755084501],[-17.469758253,14.755243832],[-17.470151005,14.75538464],[-17.470471684,14.755465488],[-17.47050646,14.755474255],[-17.470518276,14.755573589],[-17.470486685,14.755930075],[-17.470484673,14.755995151],[-17.470484454,14.756002228],[-17.470483986,14.756017349],[-17.470575547,14.756032044],[-17.470571516,14.756049121],[-17.470411452,14.756726976],[-17.470127323,14.757668193],[-17.47000062,14.758194211]]]]},"properties":{"region":"DAKAR","departement":"DAKAR","commune":"YOFF","syscolCommune":"01130133","numSection":"014","surfaceM2":230778.2236}},{"type":"Feature","geometry":{"type":"MultiPolygon","coordinates":[[[[-17.476212072,14.759842469],[-17.476177726,14.75981],[-17.47616397,14.759796997],[-17.476123935,14.75978419],[-17.476043783,14.759766502],[-17.47589874,14.759734497],[-17.475634977,14.759662787],[-17.475372562,14.759624299],[-17.475286633,14.759611695],[-17.475277845,14.759610405],[-17.475263562,14.759595815],[-17.475252373,14.759584384],[-17.475146434,14.759571718],[-17.475091409,14.75956514],[-17.474873109,14.759539036],[-17.474853365,14.759536165],[-17.474785176,14.759526248],[-17.474518389,14.759487442],[-17.474509939,14.759486213],[-17.474377078,14.75946684],[-17.474350694,14.75946188],[-17.474208546,14.759435154],[-17.474177602,14.759431666],[-17.4741472,14.759428237],[-17.474131537,14.758960024],[-17.474061011,14.758154064],[-17.474060533,14.75814491],[-17.474057849,14.758093667],[-17.474054643,14.758032446],[-17.474053766,14.758015708],[-17.474046599,14.757878861],[-17.474050036,14.757835332],[-17.474072382,14.757552315],[-17.474157717,14.75727891],[-17.474301306,14.756943931],[-17.47451959,14.756697786],[-17.474954779,14.7562909],[-17.475004495,14.756244418],[-17.475251297,14.756022467],[-17.475389638,14.755738806],[-17.475603726,14.755435359],[-17.476506363,14.755714487],[-17.47736879,14.756388855],[-17.477895638,14.757028388],[-17.477895347,14.757029314],[-17.477844225,14.757191766],[-17.477787669,14.757371481],[-17.477645893,14.758014296],[-17.47748452,14.758639966],[-17.477330115,14.759312017],[-17.477101245,14.759807496],[-17.476927415,14.760244043],[-17.476705933,14.760071418],[-17.476212072,14.759842469]]]]},"properties":{"region":"DAKAR","departement":"DAKAR","commune":"YOFF","syscolCommune":"01130133","numSection":"011","surfaceM2":150504.1084}},{"type":"Feature","geometry":{"type":"MultiPolygon","coordinates":[[[[-17.477334725,14.760646781],[-17.47733375,14.760560743],[-17.476941534,14.760255047],[-17.476927415,14.760244043],[-17.477101245,14.759807496],[-17.477330115,14.759312017],[-17.47748452,14.758639966],[-17.477645893,14.758014296],[-17.477787669,14.757371481],[-17.477844225,14.757191766],[-17.477895347,14.757029314],[-17.477895638,14.757028388],[-17.478144348,14.757247575],[-17.478568021,14.757650863],[-17.478765634,14.757830001],[-17.479743676,14.758519111],[-17.479957439,14.758623814],[-17.480257181,14.758774664],[-17.480593454,14.758861683],[-17.480764926,14.758917166],[-17.480864541,14.758949401],[-17.481284315,14.759008332],[-17.481694884,14.759046018],[-17.481961634,14.759070503],[-17.481979944,14.759072183],[-17.481995569,14.759070903],[-17.481854158,14.759255289],[-17.481795231,14.759332124],[-17.481767533,14.759368239],[-17.481766213,14.759370806],[-17.481703256,14.759466665],[-17.481641935,14.759560035],[-17.481606112,14.759614579],[-17.481591989,14.759636084],[-17.481573623,14.759664047],[-17.481455759,14.759858442],[-17.481421545,14.759914872],[-17.481334023,14.760059219],[-17.481232428,14.760226777],[-17.48121413,14.760256959],[-17.481205835,14.76027064],[-17.48106385,14.760504815],[-17.480952441,14.76068856],[-17.480641262,14.761201783],[-17.480542967,14.761363902],[-17.480525029,14.761393486],[-17.480520002,14.761401777],[-17.480516331,14.761407831],[-17.480514875,14.761409557],[-17.48050912,14.761416376],[-17.480308212,14.761378161],[-17.47998873,14.761310244],[-17.479819369,14.761275302],[-17.479716174,14.761254011],[-17.479344245,14.761174824],[-17.479255636,14.761172039],[-17.479225192,14.761171082],[-17.479204101,14.761161022],[-17.479089249,14.761172541],[-17.478991546,14.761178815],[-17.478807589,14.761190624],[-17.478806537,14.761030359],[-17.478570536,14.760974745],[-17.478556275,14.760971386],[-17.478488597,14.760954539],[-17.478338017,14.760917057],[-17.478337533,14.760910231],[-17.478329933,14.760896371],[-17.478125265,14.760783357],[-17.477752079,14.760606181],[-17.477708553,14.760585516],[-17.477652524,14.760649478],[-17.477635859,14.760668502],[-17.477558682,14.760756605],[-17.477334725,14.760646781]]]]},"properties":{"region":"DAKAR","departement":"DAKAR","commune":"YOFF","syscolCommune":"01130133","numSection":"010","surfaceM2":137135.9135}},{"type":"Feature","geometry":{"type":"MultiPolygon","coordinates":[[[[-17.462547375,14.759741962],[-17.462805307,14.759749888],[-17.463391891,14.75973457],[-17.464472549,14.759759293],[-17.464733298,14.759756511],[-17.464834613,14.759761045],[-17.464910618,14.759764444],[-17.464914195,14.759764608],[-17.465050585,14.759770916],[-17.46666619,14.759851676],[-17.46732656,14.759871513],[-17.468268937,14.760005535],[-17.46832545,14.760015293],[-17.468630734,14.7599707],[-17.468698599,14.759960787],[-17.469216227,14.759936358],[-17.469768103,14.759902307],[-17.469789346,14.759900995],[-17.470366301,14.759859523],[-17.470387474,14.760565591],[-17.470130452,14.760563711],[-17.470136713,14.760823594],[-17.470138552,14.760899882],[-17.470142143,14.761048948],[-17.470149665,14.761361186],[-17.470089325,14.761360406],[-17.4697273,14.761364458],[-17.469245278,14.761405478],[-17.468869347,14.761431948],[-17.468531404,14.761476437],[-17.468132294,14.761534457],[-17.467687332,14.761593507],[-17.467251367,14.761643516],[-17.46643635,14.76176045],[-17.465555326,14.761869413],[-17.465231321,14.761927438],[-17.464721395,14.762013466],[-17.464714576,14.762014499],[-17.464012384,14.762120948],[-17.463627339,14.762183461],[-17.463284309,14.76220939],[-17.463188842,14.762216408],[-17.462963479,14.762239093],[-17.462956084,14.762194713],[-17.462938709,14.762090445],[-17.462928911,14.762031648],[-17.462928236,14.762027598],[-17.462792168,14.761211023],[-17.462547375,14.759741962]]]]},"properties":{"region":"DAKAR","departement":"DAKAR","commune":"YOFF","syscolCommune":"01130133","numSection":"015","surfaceM2":172173.5375}},{"type":"Feature","geometry":{"type":"MultiPolygon","coordinates":[[[[-17.483698881,14.762839883],[-17.48367825,14.762816175],[-17.48358544,14.762810859],[-17.483566444,14.76280977],[-17.483470819,14.762764027],[-17.48343636,14.762747541],[-17.483222721,14.762623633],[-17.483457615,14.762237027],[-17.483601111,14.761866451],[-17.483386552,14.760763705],[-17.483371004,14.760683795],[-17.483332692,14.760486884],[-17.483321255,14.760428095],[-17.483303186,14.76033523],[-17.483271882,14.760174341],[-17.483264448,14.76013614],[-17.483232001,14.759969364],[-17.483203772,14.759808694],[-17.483197371,14.75977227],[-17.483178093,14.75966255],[-17.483152484,14.759497105],[-17.483141498,14.759426124],[-17.483112134,14.759236421],[-17.483093431,14.75911559],[-17.483076318,14.759005029],[-17.483075938,14.759002577],[-17.483072702,14.758981668],[-17.483069087,14.758958318],[-17.483069004,14.758957779],[-17.483068166,14.758952358],[-17.483068051,14.758951616],[-17.4830713,14.758951598],[-17.483074166,14.75895158],[-17.483301447,14.758950279],[-17.483952974,14.75892233],[-17.484615556,14.758979213],[-17.485228643,14.758671974],[-17.485991292,14.758119946],[-17.486678608,14.7575356],[-17.487166876,14.7572222],[-17.487568612,14.757001518],[-17.487863606,14.756871069],[-17.487863775,14.756871068],[-17.488091329,14.757280834],[-17.488220831,14.757349068],[-17.488327951,14.757479078],[-17.488390946,14.757545229],[-17.488445325,14.757583746],[-17.488461134,14.7575967],[-17.488466504,14.757600106],[-17.488577067,14.757646388],[-17.488623384,14.757718692],[-17.488625587,14.75772213],[-17.488637372,14.757740528],[-17.488645202,14.757751125],[-17.488650741,14.757758619],[-17.488566281,14.757855079],[-17.488506919,14.757882316],[-17.488501928,14.757887364],[-17.488351836,14.757956232],[-17.488303285,14.758047624],[-17.488267929,14.758165867],[-17.488166761,14.758279551],[-17.48811035,14.758302912],[-17.488102408,14.758311837],[-17.487944907,14.758372882],[-17.487863293,14.758468558],[-17.48786195,14.758471775],[-17.487821766,14.758568017],[-17.487819288,14.758721531],[-17.487751245,14.758848602],[-17.487702154,14.758961024],[-17.487657073,14.759077633],[-17.487654483,14.759097131],[-17.487639281,14.759211575],[-17.487701238,14.759333091],[-17.48773528,14.759481513],[-17.487738244,14.759725624],[-17.487795941,14.759944558],[-17.487779215,14.760095575],[-17.487711749,14.760267314],[-17.487597231,14.760399585],[-17.487540806,14.760422714],[-17.487449243,14.760460247],[-17.487443796,14.760468385],[-17.48732126,14.760651577],[-17.487175755,14.760908355],[-17.486954294,14.761061607],[-17.486845534,14.76117014],[-17.486784031,14.761199581],[-17.486693876,14.761242737],[-17.486528666,14.761289674],[-17.486415976,14.761290889],[-17.486288194,14.761258582],[-17.486171753,14.761228036],[-17.485971193,14.761090619],[-17.485849202,14.760992561],[-17.485741808,14.760916566],[-17.485624231,14.760859562],[-17.485508255,14.760829056],[-17.485267286,14.760840548],[-17.48507731,14.760874572],[-17.484885909,14.760918218],[-17.484872539,14.760940121],[-17.484828307,14.76101258],[-17.484801259,14.761126911],[-17.484754836,14.761310632],[-17.48470331,14.761452711],[-17.484601569,14.761606218],[-17.484502593,14.761756973],[-17.48441723,14.761874922],[-17.484416215,14.761924983],[-17.484413645,14.762051867],[-17.484374355,14.762286352],[-17.484348307,14.762455374],[-17.484220623,14.762541119],[-17.48420449,14.762541021],[-17.483954224,14.76253951],[-17.483921447,14.762571986],[-17.483862326,14.762630567],[-17.483742604,14.76278389],[-17.483698881,14.762839883]]]]},"properties":{"region":"DAKAR","departement":"DAKAR","commune":"YOFF","syscolCommune":"01130133","numSection":"007","surfaceM2":175954.2896}},{"type":"Feature","geometry":{"type":"MultiPolygon","coordinates":[[[[-17.479995483,14.762762971],[-17.480210683,14.761984097],[-17.480224964,14.761943786],[-17.480263775,14.761790776],[-17.480310161,14.761672202],[-17.480327343,14.761631774],[-17.48050912,14.761416376],[-17.480514875,14.761409557],[-17.480516331,14.761407831],[-17.480520002,14.761401777],[-17.480525029,14.761393486],[-17.480542967,14.761363902],[-17.480641262,14.761201783],[-17.480952441,14.76068856],[-17.48106385,14.760504815],[-17.481205835,14.76027064],[-17.48121413,14.760256959],[-17.481232428,14.760226777],[-17.481334023,14.760059219],[-17.481421545,14.759914872],[-17.481455759,14.759858442],[-17.481573623,14.759664047],[-17.481591989,14.759636084],[-17.481606112,14.759614579],[-17.481641935,14.759560035],[-17.481703256,14.759466665],[-17.481766213,14.759370806],[-17.481767533,14.759368239],[-17.481795231,14.759332124],[-17.481854158,14.759255289],[-17.481995569,14.759070903],[-17.481995979,14.75907336],[-17.481995591,14.759070873],[-17.482481538,14.759031028],[-17.482629423,14.759010993],[-17.482628508,14.75901257],[-17.482630995,14.759012206],[-17.482764463,14.758992699],[-17.482774829,14.758991184],[-17.482810633,14.758986333],[-17.483067899,14.758951479],[-17.483069524,14.75895147],[-17.483071149,14.75895146],[-17.4830713,14.758951598],[-17.483068051,14.758951616],[-17.483068166,14.758952358],[-17.483069004,14.758957779],[-17.483069087,14.758958318],[-17.483072702,14.758981668],[-17.483075938,14.759002577],[-17.483076318,14.759005029],[-17.483093431,14.75911559],[-17.483112134,14.759236421],[-17.483141498,14.759426124],[-17.483152484,14.759497105],[-17.483178093,14.75966255],[-17.483197371,14.75977227],[-17.483203772,14.759808694],[-17.483232001,14.759969364],[-17.483264448,14.76013614],[-17.483271882,14.760174341],[-17.483303186,14.76033523],[-17.483321255,14.760428095],[-17.483332692,14.760486884],[-17.483371004,14.760683795],[-17.483386552,14.760763705],[-17.483601111,14.761866451],[-17.483457615,14.762237027],[-17.483222721,14.762623633],[-17.483222432,14.762623506],[-17.482997578,14.762524708],[-17.482693336,14.762468701],[-17.482692967,14.762468709],[-17.482325617,14.762479476],[-17.482325542,14.762479476],[-17.482016694,14.762460261],[-17.481836261,14.762416036],[-17.48137817,14.762417971],[-17.481189095,14.762424942],[-17.480873272,14.762436587],[-17.480852116,14.762437366],[-17.480792377,14.76263986],[-17.480756091,14.76273104],[-17.480754395,14.762755124],[-17.480747104,14.762816154],[-17.480758898,14.762827381],[-17.480823661,14.76285238],[-17.480983965,14.762937005],[-17.480953589,14.763021172],[-17.480932623,14.763079265],[-17.480932294,14.763079158],[-17.480264847,14.762863293],[-17.479992134,14.762775091],[-17.479995483,14.762762971]]]]},"properties":{"region":"DAKAR","departement":"DAKAR","commune":"YOFF","syscolCommune":"01130133","numSection":"008","surfaceM2":103904.7647}},{"type":"Feature","geometry":{"type":"MultiPolygon","coordinates":[[[[-17.456241115,14.759591068],[-17.456241552,14.759591078],[-17.457034358,14.759609793],[-17.458156527,14.759636276],[-17.458196722,14.759637057],[-17.458745347,14.759647725],[-17.459060146,14.759653846],[-17.461617307,14.759717705],[-17.461741557,14.759720807],[-17.461751371,14.759721052],[-17.461758873,14.75972124],[-17.462367414,14.759736431],[-17.462430176,14.75973836],[-17.462547375,14.759741962],[-17.462792168,14.761211023],[-17.462928236,14.762027598],[-17.462928911,14.762031648],[-17.462938709,14.762090445],[-17.462956084,14.762194713],[-17.462963479,14.762239093],[-17.462950344,14.762240414],[-17.462830339,14.762268436],[-17.462723852,14.762301418],[-17.462441387,14.762363376],[-17.46204287,14.762412435],[-17.461774406,14.762460467],[-17.4613844,14.762519462],[-17.461042304,14.762595472],[-17.460755335,14.762661406],[-17.460523386,14.762691342],[-17.460365401,14.762710369],[-17.460041315,14.762786367],[-17.459624409,14.762872386],[-17.459337331,14.762920434],[-17.459152356,14.76295845],[-17.458846383,14.763043467],[-17.458420425,14.763137891],[-17.458115419,14.763222355],[-17.457736388,14.763361901],[-17.457467388,14.763428455],[-17.457069345,14.763491413],[-17.456779429,14.763568003],[-17.45651652,14.7635492],[-17.456392276,14.763594515],[-17.456308773,14.763624972],[-17.456308767,14.763624695],[-17.456308158,14.763588276],[-17.456307558,14.76355252],[-17.456305648,14.763438671],[-17.456301407,14.763185852],[-17.456299084,14.763047464],[-17.456294916,14.762798891],[-17.456284363,14.762169783],[-17.456275131,14.761619336],[-17.456272859,14.761483854],[-17.456269919,14.761308572],[-17.456247987,14.760000879],[-17.456241115,14.759591068]]]]},"properties":{"region":"DAKAR","departement":"DAKAR","commune":"YOFF","syscolCommune":"01130133","numSection":"018","surfaceM2":253003.2414}},{"type":"Feature","geometry":{"type":"MultiPolygon","coordinates":[[[[-17.470149665,14.761361186],[-17.470142143,14.761048948],[-17.470138552,14.760899882],[-17.470136713,14.760823594],[-17.470130452,14.760563711],[-17.470387474,14.760565591],[-17.470366301,14.759859523],[-17.469789346,14.759900995],[-17.469768103,14.759902307],[-17.469754693,14.759473244],[-17.469828535,14.759051767],[-17.469832239,14.758974577],[-17.469826844,14.75830872],[-17.469864326,14.758305621],[-17.470389672,14.758280274],[-17.470600231,14.758328217],[-17.470705164,14.758363744],[-17.470788603,14.758369228],[-17.471105351,14.758358668],[-17.471521327,14.758354703],[-17.471610271,14.758346729],[-17.472026746,14.758319787],[-17.472058905,14.758333969],[-17.472221132,14.758303703],[-17.472686227,14.758260636],[-17.473001785,14.758263079],[-17.473293011,14.758296206],[-17.473384847,14.758251806],[-17.473546254,14.758189127],[-17.473686554,14.758157328],[-17.473725924,14.758148405],[-17.473900507,14.758119078],[-17.473937878,14.758112801],[-17.474043934,14.758094985],[-17.474057849,14.758093667],[-17.474060533,14.75814491],[-17.474061011,14.758154064],[-17.474131537,14.758960024],[-17.4741472,14.759428237],[-17.474177602,14.759431666],[-17.474208546,14.759435154],[-17.474350694,14.75946188],[-17.474377078,14.75946684],[-17.474509939,14.759486213],[-17.474518389,14.759487442],[-17.474785176,14.759526248],[-17.474853365,14.759536165],[-17.474873109,14.759539036],[-17.475091409,14.75956514],[-17.475146434,14.759571718],[-17.475252373,14.759584384],[-17.475263562,14.759595815],[-17.475277845,14.759610405],[-17.475286633,14.759611695],[-17.475372562,14.759624299],[-17.475634977,14.759662787],[-17.47589874,14.759734497],[-17.476043783,14.759766502],[-17.476123935,14.75978419],[-17.47616397,14.759796997],[-17.476177726,14.75981],[-17.476212072,14.759842469],[-17.476705933,14.760071418],[-17.476927415,14.760244043],[-17.476941534,14.760255047],[-17.47733375,14.760560743],[-17.477334725,14.760646781],[-17.477240571,14.761171774],[-17.477200719,14.761393978],[-17.47712819,14.761930174],[-17.477076707,14.762372563],[-17.477068691,14.762413927],[-17.477041895,14.762552206],[-17.477037377,14.762571528],[-17.477021055,14.762682944],[-17.477017946,14.762798785],[-17.476928482,14.76280473],[-17.476869938,14.762808619],[-17.476863775,14.762807365],[-17.476837092,14.762801938],[-17.476837108,14.762886153],[-17.476835013,14.762964392],[-17.476840265,14.763045172],[-17.476842297,14.763116358],[-17.47684453,14.76319454],[-17.476848373,14.763194643],[-17.476841913,14.763333358],[-17.47684175,14.763336865],[-17.476841464,14.763341882],[-17.476814933,14.76331582],[-17.476683361,14.763186567],[-17.476580332,14.763106547],[-17.476421292,14.762999483],[-17.476308253,14.762937457],[-17.476160576,14.762820847],[-17.476037294,14.7627235],[-17.475807793,14.762563484],[-17.475532315,14.762413582],[-17.475065311,14.762165454],[-17.474916253,14.762103452],[-17.474798799,14.762032529],[-17.474616281,14.76188949],[-17.474494279,14.761773444],[-17.474391818,14.76170245],[-17.474182347,14.761654962],[-17.473963331,14.761625555],[-17.473684255,14.761592497],[-17.473480293,14.761576525],[-17.473317825,14.761555996],[-17.473006328,14.761500474],[-17.472820265,14.761466511],[-17.472699374,14.761440521],[-17.472336281,14.76139951],[-17.471983317,14.761367424],[-17.471602334,14.761353433],[-17.470969498,14.761359574],[-17.47087827,14.761360457],[-17.470479305,14.761365448],[-17.47021482,14.761362029],[-17.470149665,14.761361186]]]]},"properties":{"region":"DAKAR","departement":"DAKAR","commune":"YOFF","syscolCommune":"01130133","numSection":"012","surfaceM2":252933.8181}},{"type":"Feature","geometry":{"type":"MultiPolygon","coordinates":[[[[-17.451615863,14.759415774],[-17.451775192,14.759504714],[-17.452037748,14.759509295],[-17.45232664,14.759514336],[-17.454681626,14.759555412],[-17.455277831,14.759567201],[-17.456241115,14.759591068],[-17.456247987,14.760000879],[-17.456269919,14.761308572],[-17.456272859,14.761483854],[-17.456275131,14.761619336],[-17.456284363,14.762169783],[-17.456294916,14.762798891],[-17.456299084,14.763047464],[-17.456301407,14.763185852],[-17.456305648,14.763438671],[-17.456307558,14.76355252],[-17.456308158,14.763588276],[-17.456308767,14.763624695],[-17.456308773,14.763624972],[-17.45623091,14.763653371],[-17.456096354,14.763704399],[-17.454763406,14.763999356],[-17.454522379,14.764064343],[-17.454346928,14.764107358],[-17.453272417,14.764358408],[-17.45320331,14.764375186],[-17.452992635,14.764426336],[-17.451818472,14.76463539],[-17.451053696,14.764780014],[-17.450077607,14.764964597],[-17.449077924,14.765153636],[-17.449038392,14.765161111],[-17.448512767,14.765287064],[-17.447961442,14.765419173],[-17.449238002,14.763854644],[-17.449506103,14.763480123],[-17.449850223,14.762999401],[-17.449975714,14.76272349],[-17.450023096,14.762619317],[-17.450179771,14.762274848],[-17.450346067,14.762004863],[-17.450688507,14.761262029],[-17.450756272,14.761127118],[-17.451615651,14.759416197],[-17.451615863,14.759415774]]]]},"properties":{"region":"DAKAR","departement":"DAKAR","commune":"YOFF","syscolCommune":"01130133","numSection":"019","surfaceM2":357578.7774}},{"type":"Feature","geometry":{"type":"MultiPolygon","coordinates":[[[[-17.476857951,14.763358588],[-17.476854655,14.763355081],[-17.476851742,14.763351982],[-17.476841464,14.763341882],[-17.47684175,14.763336865],[-17.476841913,14.763333358],[-17.476848373,14.763194643],[-17.47684453,14.76319454],[-17.476842297,14.763116358],[-17.476840265,14.763045172],[-17.476835013,14.762964392],[-17.476837108,14.762886153],[-17.476837092,14.762801938],[-17.476863775,14.762807365],[-17.476869938,14.762808619],[-17.476928482,14.76280473],[-17.477017946,14.762798785],[-17.477021055,14.762682944],[-17.477037377,14.762571528],[-17.477041895,14.762552206],[-17.477068691,14.762413927],[-17.477076707,14.762372563],[-17.47712819,14.761930174],[-17.477200719,14.761393978],[-17.477240571,14.761171774],[-17.477334725,14.760646781],[-17.477558682,14.760756605],[-17.477635859,14.760668502],[-17.477652524,14.760649478],[-17.477708553,14.760585516],[-17.477752079,14.760606181],[-17.478125265,14.760783357],[-17.478329933,14.760896371],[-17.478337533,14.760910231],[-17.478338017,14.760917057],[-17.478488597,14.760954539],[-17.478556275,14.760971386],[-17.478570536,14.760974745],[-17.478806537,14.761030359],[-17.478807589,14.761190624],[-17.478991546,14.761178815],[-17.479089249,14.761172541],[-17.479204101,14.761161022],[-17.479225192,14.761171082],[-17.479255636,14.761172039],[-17.479344245,14.761174824],[-17.479716174,14.761254011],[-17.479819369,14.761275302],[-17.47998873,14.761310244],[-17.480308212,14.761378161],[-17.48050912,14.761416376],[-17.480327343,14.761631774],[-17.480310161,14.761672202],[-17.480263775,14.761790776],[-17.480224964,14.761943786],[-17.480210683,14.761984097],[-17.479995483,14.762762971],[-17.479992134,14.762775091],[-17.480264847,14.762863293],[-17.480932294,14.763079158],[-17.480932623,14.763079265],[-17.480953589,14.763021172],[-17.480983965,14.762937005],[-17.480823661,14.76285238],[-17.480758898,14.762827381],[-17.480747104,14.762816154],[-17.480754395,14.762755124],[-17.480756091,14.76273104],[-17.480792377,14.76263986],[-17.480852116,14.762437366],[-17.480873272,14.762436587],[-17.481189095,14.762424942],[-17.48137817,14.762417971],[-17.481836261,14.762416036],[-17.482016694,14.762460261],[-17.482325542,14.762479476],[-17.482325617,14.762479476],[-17.482692967,14.762468709],[-17.482693336,14.762468701],[-17.482997578,14.762524708],[-17.483222432,14.762623506],[-17.483222721,14.762623633],[-17.48343636,14.762747541],[-17.483470819,14.762764027],[-17.483566444,14.76280977],[-17.48358544,14.762810859],[-17.48367825,14.762816175],[-17.483698881,14.762839883],[-17.48367025,14.76287655],[-17.483478251,14.763104555],[-17.483326736,14.763300551],[-17.483140176,14.763623579],[-17.483040243,14.763832526],[-17.482953738,14.763977593],[-17.482885272,14.76405959],[-17.482792741,14.764119532],[-17.482691198,14.764170536],[-17.48267972,14.764172593],[-17.482585252,14.764189517],[-17.482463745,14.764154507],[-17.482294289,14.764115519],[-17.482111251,14.764135531],[-17.481946071,14.764187055],[-17.481922727,14.764206546],[-17.481792209,14.76431553],[-17.481696737,14.764447594],[-17.481611282,14.764660585],[-17.481556771,14.764792323],[-17.481474265,14.764923591],[-17.481391769,14.764992504],[-17.481338302,14.765015692],[-17.481188754,14.765080554],[-17.481087273,14.76510852],[-17.480975241,14.765119029],[-17.480743217,14.765076533],[-17.480584987,14.765055513],[-17.480353251,14.765089576],[-17.480176774,14.765127517],[-17.479977765,14.76513905],[-17.479750261,14.765114572],[-17.479578273,14.765098034],[-17.479312251,14.764992529],[-17.479116298,14.764913598],[-17.478892282,14.764807505],[-17.478612287,14.764660998],[-17.478397298,14.764532584],[-17.478257206,14.764434533],[-17.477989008,14.764238223],[-17.477929268,14.764194496],[-17.477741291,14.764024505],[-17.477545276,14.763882516],[-17.477394804,14.763761494],[-17.477194259,14.76363753],[-17.477007313,14.763517531],[-17.476977611,14.763485925],[-17.476917364,14.763421812],[-17.476857951,14.763358588]]]]},"properties":{"region":"DAKAR","departement":"DAKAR","commune":"YOFF","syscolCommune":"01130133","numSection":"009","surfaceM2":207115.4642}},{"type":"Feature","geometry":{"type":"MultiPolygon","coordinates":[[[[-17.473087924,14.747405933],[-17.472820257,14.747229049],[-17.472553471,14.747052745],[-17.472273942,14.746768905],[-17.472029701,14.746347243],[-17.47181124,14.745761575],[-17.471738171,14.745272352],[-17.471715369,14.744884178],[-17.471712215,14.744634883],[-17.471711382,14.744569194],[-17.471850479,14.744115468],[-17.471993103,14.743695167],[-17.471998634,14.743684452],[-17.472173133,14.743346415],[-17.472309093,14.743195359],[-17.472314376,14.74318949],[-17.472456044,14.743025478],[-17.472462661,14.743019459],[-17.472465328,14.743021776],[-17.472477248,14.743032137],[-17.472483825,14.743037797],[-17.472495775,14.743048075],[-17.4725105,14.743060037],[-17.472517711,14.743066756],[-17.472547083,14.743018409],[-17.472563103,14.742992744],[-17.472579181,14.742965874],[-17.472592642,14.742944218],[-17.472603758,14.742926031],[-17.472613818,14.742910077],[-17.472615844,14.742904552],[-17.472652692,14.742902813],[-17.472771809,14.742897191],[-17.472885869,14.742973969],[-17.473072404,14.743095165],[-17.473112086,14.743296291],[-17.473479537,14.743553263],[-17.47351,14.743954613],[-17.473752215,14.745255533],[-17.473931929,14.745429072],[-17.474058259,14.745497447],[-17.475085767,14.746193557],[-17.475283454,14.746299003],[-17.475362933,14.746268272],[-17.475408469,14.745951075],[-17.475951902,14.745951231],[-17.475974984,14.746363303],[-17.475978456,14.746507279],[-17.475989414,14.746607554],[-17.476368325,14.746665641],[-17.476330911,14.746920975],[-17.476313601,14.747039106],[-17.476322421,14.747344038],[-17.476315666,14.747494648],[-17.476303087,14.74777509],[-17.476298032,14.747887803],[-17.475987842,14.747926865],[-17.475923795,14.74793493],[-17.475907089,14.747937026],[-17.475781188,14.74795283],[-17.475593433,14.747976422],[-17.475593229,14.747976428],[-17.474615498,14.74803459],[-17.474042675,14.747879379],[-17.47382494,14.747771408],[-17.473653932,14.747686609],[-17.473430556,14.747575839],[-17.473087924,14.747405933]]]]},"properties":{"region":"DAKAR","departement":"DAKAR","commune":"YOFF","syscolCommune":"01130133","numSection":"036","surfaceM2":146211.1473}},{"type":"Feature","geometry":{"type":"MultiPolygon","coordinates":[[[[-17.493635578,14.752890413],[-17.492621751,14.751035049],[-17.492313305,14.750470569],[-17.492520894,14.750357209],[-17.492730107,14.750233647],[-17.49283011,14.750172215],[-17.49287841,14.750153768],[-17.492886358,14.750155368],[-17.492870851,14.75010612],[-17.492894801,14.750088396],[-17.492910699,14.750037312],[-17.493022969,14.750010931],[-17.493132041,14.7499853],[-17.493339216,14.749917061],[-17.493490909,14.749950897],[-17.493589696,14.749972931],[-17.493588019,14.749990355],[-17.493673731,14.75000501],[-17.493694438,14.74991503],[-17.493809943,14.749927328],[-17.493998741,14.749947431],[-17.494175585,14.749967167],[-17.494545738,14.750008476],[-17.494572999,14.750011389],[-17.494626198,14.749985059],[-17.49465666,14.749864643],[-17.494643771,14.749854264],[-17.494785624,14.749431809],[-17.494554666,14.749389323],[-17.494549243,14.749375792],[-17.494962931,14.749080288],[-17.495121438,14.748990964],[-17.495099049,14.74890465],[-17.495103296,14.748904105],[-17.495222801,14.748888805],[-17.49522971,14.748887921],[-17.495334364,14.748874522],[-17.495369927,14.749124282],[-17.495395188,14.749301683],[-17.495367936,14.749595442],[-17.495403238,14.749875613],[-17.495415624,14.74997391],[-17.495416677,14.749982273],[-17.495514918,14.75016802],[-17.495607412,14.7503429],[-17.495690649,14.750500275],[-17.495766295,14.750643304],[-17.495770721,14.750651671],[-17.495875429,14.750849643],[-17.495927395,14.750947895],[-17.495963894,14.751016905],[-17.496170158,14.751406887],[-17.496320944,14.751594905],[-17.496473635,14.751528454],[-17.496641498,14.7514554],[-17.496747252,14.751409377],[-17.496824402,14.7513758],[-17.496832425,14.751416642],[-17.496855709,14.751535146],[-17.496890266,14.751711024],[-17.496893911,14.751729574],[-17.496908808,14.751805395],[-17.496925172,14.751888668],[-17.496952129,14.752025875],[-17.496972283,14.752128448],[-17.496976262,14.752148698],[-17.496993267,14.752235245],[-17.497032933,14.752373795],[-17.497117084,14.752667736],[-17.497186111,14.752822045],[-17.497227511,14.752914594],[-17.497276508,14.753024127],[-17.497446647,14.753404469],[-17.497463149,14.753441358],[-17.497471858,14.753460825],[-17.497475421,14.753468786],[-17.49748344,14.753501552],[-17.497493445,14.75354243],[-17.497495272,14.753549894],[-17.497518334,14.753644119],[-17.497521146,14.753655612],[-17.497535693,14.753715053],[-17.497557693,14.753804943],[-17.49756527,14.753821981],[-17.497575142,14.753844179],[-17.497578652,14.753852067],[-17.497617475,14.753939361],[-17.497618397,14.753941433],[-17.497726816,14.754185202],[-17.49773044,14.754193348],[-17.497685536,14.75421141],[-17.497594817,14.754247902],[-17.497563737,14.754260405],[-17.497547196,14.754275598],[-17.497531396,14.75429011],[-17.4974347,14.754378925],[-17.497381724,14.754427583],[-17.497337975,14.754439477],[-17.497078486,14.754510025],[-17.496738231,14.754448306],[-17.496321236,14.754480347],[-17.496105205,14.75457283],[-17.495951929,14.75463845],[-17.495946477,14.754640783],[-17.495862155,14.754676881],[-17.495844157,14.754684587],[-17.495736198,14.754730804],[-17.49524612,14.754940605],[-17.495179299,14.754970714],[-17.495171452,14.754838272],[-17.495164768,14.754725431],[-17.495161751,14.754674493],[-17.495158602,14.754621317],[-17.495142607,14.754351318],[-17.494997683,14.754163105],[-17.494725431,14.754091598],[-17.494452833,14.753939843],[-17.49424312,14.753775967],[-17.494036394,14.753559494],[-17.493745691,14.753116777],[-17.493635578,14.752890413]]]]},"properties":{"region":"DAKAR","departement":"DAKAR","commune":"YOFF","syscolCommune":"01130133","numSection":"001","surfaceM2":192288.8004}},{"type":"Feature","geometry":{"type":"MultiPolygon","coordinates":[[[[-17.472469722,14.743009294],[-17.472462661,14.743019459],[-17.472456044,14.743025478],[-17.472314376,14.74318949],[-17.472309093,14.743195359],[-17.472173133,14.743346415],[-17.471998634,14.743684452],[-17.471993103,14.743695167],[-17.471850479,14.744115468],[-17.471711382,14.744569194],[-17.470787603,14.744602229],[-17.470769583,14.743873469],[-17.470746175,14.743802153],[-17.47031228,14.74354149],[-17.470166888,14.743454146],[-17.470110623,14.743420345],[-17.470018468,14.743364982],[-17.469991303,14.743349737],[-17.47037577,14.742497334],[-17.470467561,14.742293823],[-17.470471338,14.742284811],[-17.470499658,14.742217265],[-17.470508434,14.742196333],[-17.470639074,14.741884732],[-17.470639294,14.741884209],[-17.470708135,14.741720007],[-17.470754511,14.741609394],[-17.470904824,14.74125087],[-17.470936665,14.741174921],[-17.470937477,14.741172987],[-17.471030576,14.740950929],[-17.471089601,14.740810138],[-17.471160268,14.740641586],[-17.471280988,14.74035364],[-17.471812497,14.739085875],[-17.472269214,14.737996493],[-17.472269734,14.737995248],[-17.472392933,14.738020321],[-17.472423073,14.738026455],[-17.472799403,14.738103047],[-17.475668196,14.738686892],[-17.476097679,14.74153592],[-17.476115997,14.741657451],[-17.475745334,14.741793799],[-17.474860202,14.74191501],[-17.474297349,14.741981397],[-17.474125519,14.74197767],[-17.474007453,14.741975109],[-17.473953066,14.741994289],[-17.473694313,14.742085542],[-17.473265561,14.742318416],[-17.473116099,14.742399595],[-17.472969913,14.742515799],[-17.472958581,14.742524807],[-17.472876817,14.74259237],[-17.472832329,14.742633003],[-17.472675899,14.742773776],[-17.472671853,14.742777417],[-17.472581289,14.74284866],[-17.472546319,14.742899009],[-17.472481148,14.742992843],[-17.47248072,14.742993459],[-17.472469722,14.743009294]]]]},"properties":{"region":"DAKAR","departement":"DAKAR","commune":"YOFF","syscolCommune":"01130133","numSection":"032","surfaceM2":255984.7244}},{"type":"Feature","geometry":{"type":"MultiPolygon","coordinates":[[[[-17.473297585,14.730952162],[-17.473433641,14.730861988],[-17.473510232,14.730811223],[-17.47361974,14.730738644],[-17.47439288,14.73022622],[-17.475668196,14.738686892],[-17.472799403,14.738103047],[-17.472423073,14.738026455],[-17.472392933,14.738020321],[-17.472269734,14.737995248],[-17.472270062,14.737994474],[-17.472311307,14.73789609],[-17.472685614,14.736919837],[-17.472712734,14.736843873],[-17.473008529,14.736015344],[-17.4730105,14.736009827],[-17.473323439,14.734403316],[-17.473326193,14.734389179],[-17.473339306,14.734321854],[-17.473356685,14.734232652],[-17.473356803,14.734227441],[-17.473379753,14.73322583],[-17.473384741,14.733008164],[-17.473388714,14.732834788],[-17.473339538,14.732412708],[-17.473321935,14.732261626],[-17.473268778,14.731943817],[-17.473267285,14.731934893],[-17.473230501,14.73171497],[-17.473120036,14.731255504],[-17.473081503,14.731095233],[-17.473086231,14.731092104],[-17.473266084,14.73097304],[-17.473297585,14.730952162]]]]},"properties":{"region":"DAKAR","departement":"DAKAR","commune":"YOFF","syscolCommune":"01130133","numSection":"033","surfaceM2":182576.5216}},{"type":"Feature","geometry":{"type":"MultiPolygon","coordinates":[[[[-17.488996895,14.754917004],[-17.488980848,14.75491004],[-17.488121554,14.754503449],[-17.488049415,14.754469315],[-17.487683138,14.754417903],[-17.487619935,14.754400881],[-17.487342721,14.754326222],[-17.487063471,14.754251014],[-17.486921938,14.754212898],[-17.486905612,14.754208501],[-17.486905693,14.754208235],[-17.487122725,14.753497157],[-17.487246624,14.75315025],[-17.487247386,14.753148946],[-17.487458422,14.752787591],[-17.487776079,14.752243665],[-17.488194353,14.751550407],[-17.488197406,14.751546033],[-17.488507875,14.75109447],[-17.4885079,14.751094435],[-17.488723911,14.750780254],[-17.488921551,14.750453354],[-17.489403299,14.749656526],[-17.489438709,14.749597957],[-17.489529855,14.749234792],[-17.489664927,14.748696609],[-17.4897695,14.74827994],[-17.489887564,14.747809524],[-17.490023217,14.747269018],[-17.490103019,14.746951051],[-17.490219106,14.746951776],[-17.490864329,14.748038728],[-17.492263595,14.750379594],[-17.492313305,14.750470569],[-17.492621751,14.751035049],[-17.493635578,14.752890413],[-17.492684752,14.753328044],[-17.49259608,14.753365719],[-17.489853601,14.754544197],[-17.489753465,14.754586564],[-17.489612302,14.754648437],[-17.488998242,14.754917589],[-17.488996895,14.754917004]]]]},"properties":{"region":"DAKAR","departement":"DAKAR","commune":"YOFF","syscolCommune":"01130133","numSection":"002","surfaceM2":302961.4532}},{"type":"Feature","geometry":{"type":"MultiPolygon","coordinates":[[[[-17.482629423,14.759010993],[-17.483701114,14.757167854],[-17.483337043,14.754427445],[-17.486391234,14.752883006],[-17.486763503,14.752628159],[-17.486958642,14.752494567],[-17.48728873,14.752241817],[-17.487891596,14.751780195],[-17.488188878,14.751552562],[-17.488197406,14.751546033],[-17.488194353,14.751550407],[-17.487776079,14.752243665],[-17.487458422,14.752787591],[-17.487247386,14.753148946],[-17.487246624,14.75315025],[-17.487122725,14.753497157],[-17.486905693,14.754208235],[-17.486905612,14.754208501],[-17.48689997,14.75422699],[-17.486899646,14.754228176],[-17.486894071,14.754248632],[-17.486728907,14.754854519],[-17.486623741,14.755240306],[-17.486430842,14.755783465],[-17.486325649,14.756079664],[-17.486026594,14.756725788],[-17.485994323,14.756795508],[-17.485555993,14.75742992],[-17.485320925,14.757663781],[-17.484968576,14.758014321],[-17.484613006,14.758257248],[-17.484601518,14.758265097],[-17.48423172,14.758517743],[-17.484142563,14.758556064],[-17.484103776,14.758572738],[-17.483818225,14.758695478],[-17.483580228,14.758797775],[-17.483418855,14.75886714],[-17.483368351,14.758879386],[-17.4830791,14.758949532],[-17.483071149,14.75895146],[-17.483069524,14.75895147],[-17.483067899,14.758951479],[-17.482810633,14.758986333],[-17.482774829,14.758991184],[-17.482764463,14.758992699],[-17.482630995,14.759012206],[-17.482628508,14.75901257],[-17.482629423,14.759010993]]]]},"properties":{"region":"DAKAR","departement":"DAKAR","commune":"YOFF","syscolCommune":"01130133","numSection":"005","surfaceM2":176369.0739}},{"type":"Feature","geometry":{"type":"MultiPolygon","coordinates":[[[[-17.483571125,14.746969858],[-17.483545216,14.746963349],[-17.483543626,14.746972685],[-17.483508913,14.747176802],[-17.483473374,14.74738576],[-17.483729182,14.747743374],[-17.483792836,14.747832364],[-17.483851556,14.747921267],[-17.483999762,14.748145653],[-17.484129518,14.748346472],[-17.484308201,14.748621506],[-17.484638744,14.749130286],[-17.48494684,14.74960855],[-17.485082991,14.749788266],[-17.485115737,14.749767781],[-17.485193848,14.749719362],[-17.486054563,14.749185839],[-17.48633821,14.74902261],[-17.48669834,14.748880382],[-17.48686813,14.748000585],[-17.487590865,14.74806458],[-17.48771674,14.747911278],[-17.487737964,14.74788543],[-17.488009726,14.747699241],[-17.488096191,14.747656719],[-17.488310833,14.747487628],[-17.488432334,14.747511998],[-17.488675313,14.747560735],[-17.48897571,14.747637836],[-17.489203434,14.747018067],[-17.489859813,14.747224412],[-17.489921932,14.747243939],[-17.490023217,14.747269018],[-17.489887564,14.747809524],[-17.4897695,14.74827994],[-17.489664927,14.748696609],[-17.489529855,14.749234792],[-17.489438709,14.749597957],[-17.489403299,14.749656526],[-17.488921551,14.750453354],[-17.488723911,14.750780254],[-17.4885079,14.751094435],[-17.488507875,14.75109447],[-17.488197406,14.751546033],[-17.488188878,14.751552562],[-17.487891596,14.751780195],[-17.48728873,14.752241817],[-17.486958642,14.752494567],[-17.486763503,14.752628159],[-17.486391234,14.752883006],[-17.483337043,14.754427445],[-17.482223816,14.746204214],[-17.483088378,14.746419613],[-17.483562551,14.746960086],[-17.483571125,14.746969858]]]]},"properties":{"region":"DAKAR","departement":"DAKAR","commune":"YOFF","syscolCommune":"01130133","numSection":"004","surfaceM2":372711.8245}},{"type":"Feature","geometry":{"type":"MultiPolygon","coordinates":[[[[-17.483571125,14.746969858],[-17.484090249,14.747127296],[-17.484317171,14.747211383],[-17.484331463,14.747172029],[-17.484539974,14.746289618],[-17.484553117,14.746031802],[-17.484537792,14.745985326],[-17.484528137,14.745913722],[-17.484434991,14.745886996],[-17.484304434,14.745853502],[-17.484179754,14.74581851],[-17.484033884,14.745777531],[-17.48392944,14.745750926],[-17.483819509,14.745716731],[-17.483778621,14.745706654],[-17.483788142,14.745673533],[-17.483867109,14.745387742],[-17.483958478,14.744980801],[-17.484055278,14.744593495],[-17.484060847,14.744564753],[-17.48418403,14.744424795],[-17.484541761,14.744521341],[-17.484915519,14.744623452],[-17.485299071,14.744744576],[-17.485364338,14.744771243],[-17.485228736,14.745266884],[-17.485520127,14.745361234],[-17.485856505,14.745480953],[-17.485798374,14.745693593],[-17.486247805,14.745821199],[-17.486217398,14.74590849],[-17.4870281,14.746163889],[-17.48701197,14.746208261],[-17.488134458,14.746535811],[-17.48824675,14.746575907],[-17.488058357,14.747030743],[-17.488083842,14.747413048],[-17.488310833,14.747487628],[-17.488096191,14.747656719],[-17.488009726,14.747699241],[-17.487737964,14.74788543],[-17.48771674,14.747911278],[-17.487590865,14.74806458],[-17.48686813,14.748000585],[-17.48669834,14.748880382],[-17.48633821,14.74902261],[-17.486054563,14.749185839],[-17.485193848,14.749719362],[-17.485115737,14.749767781],[-17.485082991,14.749788266],[-17.48494684,14.74960855],[-17.484638744,14.749130286],[-17.484308201,14.748621506],[-17.484129518,14.748346472],[-17.483999762,14.748145653],[-17.483851556,14.747921267],[-17.483792836,14.747832364],[-17.483729182,14.747743374],[-17.483473374,14.74738576],[-17.483508913,14.747176802],[-17.483543626,14.746972685],[-17.483545216,14.746963349],[-17.483571125,14.746969858]]]]},"properties":{"region":"DAKAR","departement":"DAKAR","commune":"YOFF","syscolCommune":"01130133","numSection":"035","surfaceM2":156795.1534}},{"type":"Feature","geometry":{"type":"MultiPolygon","coordinates":[[[[-17.476330911,14.746920975],[-17.476368325,14.746665641],[-17.475989414,14.746607554],[-17.475978456,14.746507279],[-17.475974984,14.746363303],[-17.475951902,14.745951231],[-17.475408469,14.745951075],[-17.475362933,14.746268272],[-17.475283454,14.746299003],[-17.475085767,14.746193557],[-17.474058259,14.745497447],[-17.473931929,14.745429072],[-17.473752215,14.745255533],[-17.47351,14.743954613],[-17.473479537,14.743553263],[-17.473112086,14.743296291],[-17.473072404,14.743095165],[-17.472885869,14.742973969],[-17.472771809,14.742897191],[-17.472652692,14.742902813],[-17.472615844,14.742904552],[-17.472613818,14.742910077],[-17.472603758,14.742926031],[-17.472592642,14.742944218],[-17.472579181,14.742965874],[-17.472563103,14.742992744],[-17.472547083,14.743018409],[-17.472517711,14.743066756],[-17.4725105,14.743060037],[-17.472495775,14.743048075],[-17.472483825,14.743037797],[-17.472477248,14.743032137],[-17.472465328,14.743021776],[-17.472462661,14.743019459],[-17.472469722,14.743009294],[-17.47248072,14.742993459],[-17.472481148,14.742992843],[-17.472546319,14.742899009],[-17.472581289,14.74284866],[-17.472671853,14.742777417],[-17.472675899,14.742773776],[-17.472832329,14.742633003],[-17.472876817,14.74259237],[-17.472958581,14.742524807],[-17.472969913,14.742515799],[-17.473116099,14.742399595],[-17.473265561,14.742318416],[-17.473694313,14.742085542],[-17.473953066,14.741994289],[-17.474007453,14.741975109],[-17.474125519,14.74197767],[-17.474297349,14.741981397],[-17.474860202,14.74191501],[-17.475745334,14.741793799],[-17.476115997,14.741657451],[-17.476156506,14.741858883],[-17.476192143,14.7420361],[-17.476982688,14.747801582],[-17.476298032,14.747887803],[-17.476303087,14.74777509],[-17.476315666,14.747494648],[-17.476322421,14.747344038],[-17.476313601,14.747039106],[-17.476330911,14.746920975]]]]},"properties":{"region":"DAKAR","departement":"DAKAR","commune":"YOFF","syscolCommune":"01130133","numSection":"037","surfaceM2":158955.3668}},{"type":"Feature","geometry":{"type":"MultiPolygon","coordinates":[[[[-17.487627465,14.711155146],[-17.487601943,14.710972783],[-17.487508223,14.710647291],[-17.487157903,14.710072615],[-17.486668123,14.709491459],[-17.486740656,14.709360003],[-17.487423877,14.709137363],[-17.487567883,14.709301835],[-17.48782872,14.709450787],[-17.48839255,14.709313134],[-17.488703393,14.709237246],[-17.488706052,14.709471791],[-17.488731517,14.709660689],[-17.488741441,14.710196057],[-17.488790668,14.710697967],[-17.488874324,14.710945259],[-17.489001445,14.711186034],[-17.489034185,14.711330967],[-17.489078881,14.711433393],[-17.489169513,14.711747202],[-17.489309896,14.712060475],[-17.489401578,14.712192667],[-17.489574975,14.712675082],[-17.48995794,14.713264208],[-17.48999169,14.713761682],[-17.489958612,14.713780107],[-17.489905059,14.713809935],[-17.489754519,14.713893784],[-17.488623988,14.714523472],[-17.488615394,14.714225924],[-17.48860761,14.713956386],[-17.488311402,14.713164736],[-17.487645201,14.712030095],[-17.487646005,14.711756289],[-17.487646809,14.711482165],[-17.487642497,14.711409273],[-17.487627465,14.711155146]]]]},"properties":{"region":"DAKAR","departement":"DAKAR","commune":"OUAKAM","syscolCommune":"01130131","numSection":"010","surfaceM2":89325.1444}},{"type":"Feature","geometry":{"type":"MultiPolygon","coordinates":[[[[-17.487627465,14.711155146],[-17.487642497,14.711409273],[-17.487646809,14.711482165],[-17.487646005,14.711756289],[-17.487645201,14.712030095],[-17.488311402,14.713164736],[-17.48860761,14.713956386],[-17.488615394,14.714225924],[-17.488623988,14.714523472],[-17.488616129,14.714707484],[-17.488588255,14.71493235],[-17.488585482,14.714933318],[-17.488454236,14.715013885],[-17.487916807,14.715205494],[-17.487780193,14.71526123],[-17.487472474,14.715356371],[-17.487028,14.715494723],[-17.486753763,14.71530308],[-17.485886699,14.714697151],[-17.485333598,14.714711436],[-17.484969277,14.714732044],[-17.484703825,14.71477246],[-17.484463915,14.714795906],[-17.483882174,14.714836515],[-17.483655429,14.714869436],[-17.483006176,14.714937379],[-17.482599587,14.714995094],[-17.482279465,14.715064503],[-17.482274966,14.715067046],[-17.482268461,14.715057364],[-17.48204823,14.71472956],[-17.48186159,14.714360925],[-17.481798123,14.714228902],[-17.481741893,14.714111935],[-17.481741025,14.714110127],[-17.481592617,14.713726775],[-17.481589719,14.713716459],[-17.48145209,14.713226378],[-17.481445455,14.712639608],[-17.481492688,14.711905551],[-17.481511902,14.71149996],[-17.481545935,14.711145809],[-17.481575786,14.71083522],[-17.481581622,14.710649838],[-17.481594431,14.710379447],[-17.481580819,14.7101773],[-17.481574841,14.71008854],[-17.481572795,14.710058137],[-17.481592055,14.71004817],[-17.481667405,14.710009178],[-17.481692207,14.709910529],[-17.48220287,14.709858822],[-17.482611874,14.709817308],[-17.483363444,14.709741019],[-17.483585645,14.709791284],[-17.483761433,14.709856217],[-17.484528362,14.710006345],[-17.485244719,14.710178359],[-17.485355123,14.710148154],[-17.485357692,14.709998876],[-17.486001935,14.709809967],[-17.486257839,14.709743026],[-17.486270651,14.709486651],[-17.486529166,14.709489778],[-17.486668123,14.709491459],[-17.487157903,14.710072615],[-17.487508223,14.710647291],[-17.487601943,14.710972783],[-17.487627465,14.711155146]]]]},"properties":{"region":"DAKAR","departement":"DAKAR","commune":"OUAKAM","syscolCommune":"01130131","numSection":"009","surfaceM2":390271.3016}},{"type":"Feature","geometry":{"type":"MultiPolygon","coordinates":[[[[-17.476556749,14.712653776],[-17.476675698,14.712592226],[-17.476704341,14.712577405],[-17.476742058,14.712557887],[-17.477353505,14.712241492],[-17.477811266,14.712004619],[-17.479296643,14.711235991],[-17.481431289,14.710131364],[-17.481512759,14.710089204],[-17.481546439,14.710071776],[-17.481572795,14.710058137],[-17.481574841,14.71008854],[-17.481580819,14.7101773],[-17.481594431,14.710379447],[-17.481581622,14.710649838],[-17.481575786,14.71083522],[-17.481545935,14.711145809],[-17.481511902,14.71149996],[-17.481492688,14.711905551],[-17.481445455,14.712639608],[-17.48145209,14.713226378],[-17.481589719,14.713716459],[-17.481481752,14.71374774],[-17.481226762,14.714110819],[-17.481192777,14.714159212],[-17.480927952,14.714534246],[-17.480923929,14.714539943],[-17.480850001,14.714589975],[-17.480612211,14.714629836],[-17.480565665,14.71463764],[-17.480404267,14.714698327],[-17.480344652,14.714783421],[-17.480392289,14.714942261],[-17.48056501,14.715129323],[-17.480621027,14.715189991],[-17.480782689,14.71528519],[-17.4800853,14.715990761],[-17.479372485,14.71664229],[-17.479161894,14.716778873],[-17.47880241,14.716957369],[-17.478481169,14.717099685],[-17.477824598,14.717268865],[-17.477349308,14.717353736],[-17.477341627,14.717355109],[-17.477285046,14.717358338],[-17.477274732,14.717310838],[-17.477231014,14.717109427],[-17.477123328,14.715703253],[-17.477110439,14.715621566],[-17.476922301,14.714429242],[-17.476768107,14.713474784],[-17.476729835,14.713217045],[-17.476653751,14.71296945],[-17.476587867,14.712755042],[-17.476556749,14.712653776]]]]},"properties":{"region":"DAKAR","departement":"DAKAR","commune":"OUAKAM","syscolCommune":"01130131","numSection":"005","surfaceM2":271093.2484}},{"type":"Feature","geometry":{"type":"MultiPolygon","coordinates":[[[[-17.494391946,14.714895674],[-17.494518049,14.715132003],[-17.49464517,14.715370237],[-17.494739768,14.71554752],[-17.494995433,14.716026653],[-17.494788983,14.716021704],[-17.494553622,14.716067283],[-17.494311543,14.716170332],[-17.49400313,14.716274094],[-17.493731488,14.716370288],[-17.493481957,14.716466241],[-17.493247085,14.716554862],[-17.492953575,14.716672812],[-17.492674969,14.71680495],[-17.492580131,14.716892061],[-17.492470801,14.717000855],[-17.492339439,14.717117061],[-17.492222816,14.717233105],[-17.492083594,14.717306346],[-17.491911281,14.717357282],[-17.491696617,14.717399443],[-17.491571975,14.717378083],[-17.491377114,14.717334778],[-17.491173963,14.717246157],[-17.490978929,14.717187715],[-17.490877781,14.717181236],[-17.490721961,14.717152644],[-17.490488745,14.717155152],[-17.490160786,14.717009221],[-17.489920901,14.716898],[-17.489794795,14.716842566],[-17.48955296,14.716590266],[-17.4893439,14.7163647],[-17.48908803,14.71600251],[-17.4889335,14.715695401],[-17.488860653,14.715437857],[-17.488855005,14.715360845],[-17.488819652,14.714878709],[-17.488588255,14.71493235],[-17.488616129,14.714707484],[-17.488623988,14.714523472],[-17.489754519,14.713893784],[-17.489905059,14.713809935],[-17.489958612,14.713780107],[-17.48999169,14.713761682],[-17.490344732,14.71446469],[-17.490483127,14.714602431],[-17.49078362,14.714774752],[-17.491159771,14.715037058],[-17.491681378,14.715237266],[-17.491881684,14.715350127],[-17.492087662,14.715414499],[-17.49229405,14.715515187],[-17.492443506,14.71553174],[-17.492723352,14.715528728],[-17.493002579,14.715471239],[-17.493605677,14.715180235],[-17.493974318,14.715055196],[-17.494085981,14.715029779],[-17.494387852,14.714888005],[-17.494391946,14.714895674]]]]},"properties":{"region":"DAKAR","departement":"DAKAR","commune":"OUAKAM","syscolCommune":"01130131","numSection":"019","surfaceM2":132317.5474}},{"type":"Feature","geometry":{"type":"MultiPolygon","coordinates":[[[[-17.482956565,14.715777682],[-17.482568517,14.715421918],[-17.482523669,14.715380799],[-17.482466968,14.715310112],[-17.482425229,14.715258079],[-17.48231111,14.715115815],[-17.482290308,14.715089879],[-17.48228123,14.715076372],[-17.482274966,14.715067046],[-17.482279465,14.715064503],[-17.482599587,14.714995094],[-17.483006176,14.714937379],[-17.483655429,14.714869436],[-17.483882174,14.714836515],[-17.484463915,14.714795906],[-17.484703825,14.71477246],[-17.484969277,14.714732044],[-17.485333598,14.714711436],[-17.485886699,14.714697151],[-17.486753763,14.71530308],[-17.487028,14.715494723],[-17.487472474,14.715356371],[-17.487780193,14.71526123],[-17.487916807,14.715205494],[-17.488454236,14.715013885],[-17.488585482,14.714933318],[-17.488588255,14.71493235],[-17.488819652,14.714878709],[-17.488855005,14.715360845],[-17.488860653,14.715437857],[-17.4889335,14.715695401],[-17.48908803,14.71600251],[-17.4893439,14.7163647],[-17.48955296,14.716590266],[-17.489794795,14.716842566],[-17.489579685,14.717042407],[-17.488411093,14.718002672],[-17.488080661,14.71827858],[-17.487979332,14.718364591],[-17.487978892,14.718364949],[-17.487967726,14.718373968],[-17.48796807,14.718374129],[-17.487567377,14.718713982],[-17.487208926,14.718921135],[-17.487031966,14.719048378],[-17.486785423,14.719220324],[-17.486304714,14.719444981],[-17.486289149,14.719456605],[-17.486222522,14.719435116],[-17.486143941,14.719204583],[-17.486096918,14.718927181],[-17.486035329,14.718751283],[-17.486001474,14.718707732],[-17.485839311,14.718499131],[-17.485832431,14.71849028],[-17.48554446,14.718159692],[-17.485359206,14.717978056],[-17.485211679,14.71783341],[-17.485189615,14.717812931],[-17.485145493,14.717771972],[-17.485102279,14.717715071],[-17.484991028,14.71757763],[-17.484889527,14.717433711],[-17.484840656,14.717341694],[-17.484776763,14.717221393],[-17.484750676,14.717172274],[-17.484574211,14.716798095],[-17.484529878,14.716771229],[-17.484160263,14.716547255],[-17.483795813,14.716328496],[-17.483731129,14.716221087],[-17.483060255,14.715826759],[-17.482956565,14.715777682]]]]},"properties":{"region":"DAKAR","departement":"DAKAR","commune":"OUAKAM","syscolCommune":"01130131","numSection":"011","surfaceM2":215482.8611}},{"type":"Feature","geometry":{"type":"MultiPolygon","coordinates":[[[[-17.480966056,14.72033524],[-17.480260172,14.719791491],[-17.480252296,14.719796668],[-17.480041391,14.719669715],[-17.479777958,14.719525826],[-17.479729925,14.719487732],[-17.479505893,14.719320256],[-17.479161646,14.719045965],[-17.47884957,14.718809936],[-17.478513434,14.718550999],[-17.478272621,14.718302625],[-17.477847397,14.717882487],[-17.477599218,14.717684381],[-17.477311378,14.717486699],[-17.477334479,14.717424679],[-17.477341627,14.717355109],[-17.477349308,14.717353736],[-17.477824598,14.717268865],[-17.478481169,14.717099685],[-17.47880241,14.716957369],[-17.479161894,14.716778873],[-17.479372485,14.71664229],[-17.4800853,14.715990761],[-17.480782689,14.71528519],[-17.480621027,14.715189991],[-17.48056501,14.715129323],[-17.480392289,14.714942261],[-17.480344652,14.714783421],[-17.480404267,14.714698327],[-17.480565665,14.71463764],[-17.480612211,14.714629836],[-17.480850001,14.714589975],[-17.480923929,14.714539943],[-17.480927952,14.714534246],[-17.481192777,14.714159212],[-17.481226762,14.714110819],[-17.481481752,14.71374774],[-17.481589719,14.713716459],[-17.481592617,14.713726775],[-17.481741025,14.714110127],[-17.481741893,14.714111935],[-17.481798123,14.714228902],[-17.48186159,14.714360925],[-17.48204823,14.71472956],[-17.482268461,14.715057364],[-17.482274966,14.715067046],[-17.48228123,14.715076372],[-17.482290308,14.715089879],[-17.48231111,14.715115815],[-17.482425229,14.715258079],[-17.482466968,14.715310112],[-17.482523669,14.715380799],[-17.482568517,14.715421918],[-17.482956565,14.715777682],[-17.483060255,14.715826759],[-17.483731129,14.716221087],[-17.483795813,14.716328496],[-17.484160263,14.716547255],[-17.484529878,14.716771229],[-17.484574211,14.716798095],[-17.484750676,14.717172274],[-17.484776763,14.717221393],[-17.484840656,14.717341694],[-17.484889527,14.717433711],[-17.484991028,14.71757763],[-17.485102279,14.717715071],[-17.485145493,14.717771972],[-17.485189615,14.717812931],[-17.485211679,14.71783341],[-17.485359206,14.717978056],[-17.48554446,14.718159692],[-17.485832431,14.71849028],[-17.485839311,14.718499131],[-17.486001474,14.718707732],[-17.486035329,14.718751283],[-17.486096918,14.718927181],[-17.486143941,14.719204583],[-17.486222522,14.719435116],[-17.486289149,14.719456605],[-17.4862531,14.71948353],[-17.486240821,14.719492701],[-17.485964109,14.719950335],[-17.485774345,14.720321086],[-17.485747072,14.721139524],[-17.485680032,14.721673816],[-17.485626625,14.721798889],[-17.485281674,14.721998236],[-17.48490038,14.722215759],[-17.484583208,14.722415517],[-17.484573497,14.722397125],[-17.484353024,14.722292776],[-17.483618716,14.721998297],[-17.482737227,14.721616464],[-17.482240056,14.721283867],[-17.481355554,14.720635273],[-17.481176582,14.720497408],[-17.480966056,14.72033524]]]]},"properties":{"region":"DAKAR","departement":"DAKAR","commune":"OUAKAM","syscolCommune":"01130131","numSection":"008","surfaceM2":440109.3377}},{"type":"Feature","geometry":{"type":"MultiPolygon","coordinates":[[[[-17.476656881,14.722862546],[-17.476479992,14.722748899],[-17.476447547,14.722499417],[-17.476186413,14.72049149],[-17.475833777,14.717779863],[-17.475797707,14.717489719],[-17.475838855,14.717485057],[-17.476008302,14.717465864],[-17.47642206,14.717418995],[-17.4768023,14.717368598],[-17.477175131,14.717364609],[-17.477223859,14.717361829],[-17.477285046,14.717358338],[-17.477341627,14.717355109],[-17.477334479,14.717424679],[-17.477311378,14.717486699],[-17.477599218,14.717684381],[-17.477847397,14.717882487],[-17.478272621,14.718302625],[-17.478513434,14.718550999],[-17.47884957,14.718809936],[-17.479161646,14.719045965],[-17.479505893,14.719320256],[-17.479729925,14.719487732],[-17.479777958,14.719525826],[-17.480041391,14.719669715],[-17.480252296,14.719796668],[-17.480260172,14.719791491],[-17.480966056,14.72033524],[-17.480684389,14.720804982],[-17.480659803,14.721095145],[-17.48065117,14.721213476],[-17.480397383,14.721184869],[-17.480256749,14.721178858],[-17.480044157,14.721403905],[-17.479853051,14.72160358],[-17.480243886,14.722179396],[-17.480212285,14.722338448],[-17.479835145,14.722346312],[-17.479597982,14.722396658],[-17.479033327,14.722559505],[-17.478884115,14.722916775],[-17.478192759,14.722589541],[-17.477878276,14.722766649],[-17.477526093,14.722762179],[-17.477249765,14.72304231],[-17.477149443,14.722921758],[-17.476899046,14.723018136],[-17.476682192,14.722878811],[-17.476656881,14.722862546]]]]},"properties":{"region":"DAKAR","departement":"DAKAR","commune":"OUAKAM","syscolCommune":"01130131","numSection":"006","surfaceM2":219618.6327}},{"type":"Feature","geometry":{"type":"MultiPolygon","coordinates":[[[[-17.486784489,14.723165257],[-17.486166009,14.722979079],[-17.485562285,14.722799883],[-17.485304433,14.722728283],[-17.485194312,14.722703852],[-17.485069424,14.72269091],[-17.484833675,14.722607743],[-17.484723381,14.722587503],[-17.48462695,14.722495696],[-17.484583208,14.722415517],[-17.48490038,14.722215759],[-17.485281674,14.721998236],[-17.485626625,14.721798889],[-17.485680032,14.721673816],[-17.485747072,14.721139524],[-17.485774345,14.720321086],[-17.485964109,14.719950335],[-17.486240821,14.719492701],[-17.4862531,14.71948353],[-17.486289149,14.719456605],[-17.486304714,14.719444981],[-17.486785423,14.719220324],[-17.487031966,14.719048378],[-17.487208926,14.718921135],[-17.487567377,14.718713982],[-17.48796807,14.718374129],[-17.488155611,14.718461405],[-17.488461449,14.718600701],[-17.488971599,14.718869412],[-17.489357059,14.719073658],[-17.489853717,14.719380806],[-17.489825046,14.719409966],[-17.489844035,14.719489002],[-17.489845035,14.719577033],[-17.489801008,14.719683162],[-17.489731845,14.719965648],[-17.489610509,14.72043359],[-17.489524355,14.720813108],[-17.489472484,14.721024975],[-17.489521206,14.721332606],[-17.489615655,14.721683768],[-17.489635345,14.721824429],[-17.489640442,14.722273402],[-17.489618405,14.722722666],[-17.489598487,14.723178814],[-17.489596864,14.723215947],[-17.489451543,14.723164683],[-17.489240786,14.723075914],[-17.488866799,14.723036911],[-17.488721874,14.723012955],[-17.488638708,14.722999209],[-17.488589847,14.722962641],[-17.488328194,14.723034814],[-17.488151979,14.723074341],[-17.488047829,14.723097703],[-17.488028896,14.723100328],[-17.487777613,14.723135147],[-17.487790601,14.723204744],[-17.487774245,14.723211911],[-17.487724492,14.723233713],[-17.48751301,14.72328907],[-17.487468432,14.723300739],[-17.487285906,14.723305357],[-17.487064759,14.72327222],[-17.486986143,14.723242217],[-17.486784489,14.723165257]]]]},"properties":{"region":"DAKAR","departement":"DAKAR","commune":"OUAKAM","syscolCommune":"01130131","numSection":"012","surfaceM2":198812.1195}},{"type":"Feature","geometry":{"type":"MultiPolygon","coordinates":[[[[-17.498925859,14.722675269],[-17.498872169,14.722539656],[-17.498703258,14.722320978],[-17.498423035,14.721958192],[-17.497648308,14.720829195],[-17.497171078,14.720224022],[-17.496900886,14.719356894],[-17.496991457,14.719037713],[-17.497302853,14.717940335],[-17.497477631,14.71769529],[-17.497724634,14.717435149],[-17.497797361,14.717358551],[-17.497899013,14.717251493],[-17.498123961,14.717347104],[-17.498175367,14.717491831],[-17.498257382,14.717593856],[-17.498384178,14.717531953],[-17.498540338,14.717590803],[-17.498660013,14.717722689],[-17.498803942,14.717799829],[-17.499083512,14.717772597],[-17.499294952,14.717770315],[-17.499519384,14.717816322],[-17.499693577,14.717820494],[-17.499880764,14.717872955],[-17.500061455,14.717901272],[-17.500216476,14.71786025],[-17.500690868,14.71800949],[-17.500883512,14.717995303],[-17.501112297,14.717877817],[-17.501347853,14.717808683],[-17.501584098,14.717800079],[-17.501865463,14.717930215],[-17.502204456,14.718205009],[-17.502299051,14.718319003],[-17.502512285,14.718474087],[-17.502786397,14.718513498],[-17.502905383,14.718584854],[-17.50306956,14.718801002],[-17.503306635,14.718865026],[-17.503301799,14.718986146],[-17.503265866,14.719107602],[-17.503284176,14.719621947],[-17.503386095,14.719832715],[-17.503548616,14.719903599],[-17.503680177,14.719986925],[-17.503874103,14.720357112],[-17.504148433,14.721279025],[-17.504251488,14.721545589],[-17.504285003,14.721754036],[-17.504385542,14.721843748],[-17.504547993,14.721908579],[-17.50452478,14.722326517],[-17.50448864,14.722429814],[-17.504285419,14.722607563],[-17.504233059,14.722708577],[-17.504200221,14.722771927],[-17.504195468,14.72278598],[-17.504190446,14.722786301],[-17.504123204,14.722790597],[-17.503990603,14.72279203],[-17.503669823,14.722766817],[-17.503397172,14.722762596],[-17.503249468,14.722731926],[-17.503071399,14.722622705],[-17.50307721,14.7224864],[-17.503164423,14.722058803],[-17.503084455,14.721830206],[-17.502864356,14.721266103],[-17.500583254,14.721839309],[-17.500690108,14.722164421],[-17.500398306,14.722095867],[-17.500304514,14.722873224],[-17.500269696,14.722921403],[-17.500079911,14.722921509],[-17.499782159,14.722879763],[-17.499578653,14.722801289],[-17.499371489,14.722761297],[-17.498925859,14.722675269]]]]},"properties":{"region":"DAKAR","departement":"DAKAR","commune":"OUAKAM","syscolCommune":"01130131","numSection":"021","surfaceM2":321115.4425}},{"type":"Feature","geometry":{"type":"MultiPolygon","coordinates":[[[[-17.491911281,14.717357282],[-17.492083594,14.717306346],[-17.492222816,14.717233105],[-17.492339439,14.717117061],[-17.492470801,14.717000855],[-17.492580131,14.716892061],[-17.492674969,14.71680495],[-17.492953575,14.716672812],[-17.493247085,14.716554862],[-17.493481957,14.716466241],[-17.493731488,14.716370288],[-17.49400313,14.716274094],[-17.494311543,14.716170332],[-17.494553622,14.716067283],[-17.494788983,14.716021704],[-17.494995433,14.716026653],[-17.494739768,14.71554752],[-17.49464517,14.715370237],[-17.494518049,14.715132003],[-17.494391946,14.714895674],[-17.494387852,14.714888005],[-17.494534502,14.714819131],[-17.494954005,14.714517993],[-17.495419963,14.714473625],[-17.495674899,14.714467852],[-17.495855722,14.714508278],[-17.496017479,14.714512587],[-17.496204661,14.714565053],[-17.496311139,14.714630492],[-17.496916767,14.714835834],[-17.497091925,14.714924747],[-17.497217678,14.715044462],[-17.497258247,14.71513839],[-17.497445258,14.715434272],[-17.4976291,14.715553105],[-17.497687344,14.715752242],[-17.497888566,14.716048152],[-17.497899013,14.717251493],[-17.497797361,14.717358551],[-17.497724634,14.717435149],[-17.497477631,14.71769529],[-17.497302853,14.717940335],[-17.496991457,14.719037713],[-17.496900886,14.719356894],[-17.497171078,14.720224022],[-17.497648308,14.720829195],[-17.498423035,14.721958192],[-17.498703258,14.722320978],[-17.498872169,14.722539656],[-17.496505059,14.723135909],[-17.49497246,14.723521942],[-17.494970158,14.723517902],[-17.494688291,14.723562334],[-17.494648715,14.723504845],[-17.494410865,14.723105848],[-17.494029514,14.722397667],[-17.493284307,14.721007407],[-17.492223609,14.718989026],[-17.49213491,14.718707613],[-17.491982661,14.718224565],[-17.491996951,14.717889842],[-17.491945594,14.717607173],[-17.491911039,14.717358112],[-17.491911281,14.717357282]]]]},"properties":{"region":"DAKAR","departement":"DAKAR","commune":"OUAKAM","syscolCommune":"01130131","numSection":"020","surfaceM2":446899.4771}},{"type":"Feature","geometry":{"type":"MultiPolygon","coordinates":[[[[-17.494322531,14.72354041],[-17.494000166,14.723474088],[-17.493673186,14.723396231],[-17.493464133,14.723329551],[-17.493151508,14.723108887],[-17.492771218,14.722754917],[-17.492042235,14.721883872],[-17.49164375,14.721399889],[-17.49119418,14.720835073],[-17.490676622,14.720173335],[-17.490129714,14.719633042],[-17.490036287,14.719547659],[-17.489853717,14.719380806],[-17.489357059,14.719073658],[-17.488971599,14.718869412],[-17.488461449,14.718600701],[-17.488155611,14.718461405],[-17.48796807,14.718374129],[-17.487967726,14.718373968],[-17.487978892,14.718364949],[-17.487979332,14.718364591],[-17.488080661,14.71827858],[-17.488411093,14.718002672],[-17.489579685,14.717042407],[-17.489794795,14.716842566],[-17.489920901,14.716898],[-17.490160786,14.717009221],[-17.490488745,14.717155152],[-17.490721961,14.717152644],[-17.490877781,14.717181236],[-17.490978929,14.717187715],[-17.491173963,14.717246157],[-17.491377114,14.717334778],[-17.491571975,14.717378083],[-17.491696617,14.717399443],[-17.491911281,14.717357282],[-17.491911039,14.717358112],[-17.491945594,14.717607173],[-17.491996951,14.717889842],[-17.491982661,14.718224565],[-17.49213491,14.718707613],[-17.492223609,14.718989026],[-17.493284307,14.721007407],[-17.494029514,14.722397667],[-17.494410865,14.723105848],[-17.494648715,14.723504845],[-17.494688291,14.723562334],[-17.494567176,14.723581424],[-17.494322531,14.72354041]]]]},"properties":{"region":"DAKAR","departement":"DAKAR","commune":"OUAKAM","syscolCommune":"01130131","numSection":"018","surfaceM2":176055.5814}},{"type":"Feature","geometry":{"type":"MultiPolygon","coordinates":[[[[-17.480662335,14.725927635],[-17.479460197,14.725065754],[-17.479162355,14.725058449],[-17.477687844,14.725194072],[-17.477659328,14.725196695],[-17.476757307,14.725116657],[-17.476498699,14.722908627],[-17.476479992,14.722748899],[-17.476656881,14.722862546],[-17.476682192,14.722878811],[-17.476899046,14.723018136],[-17.477149443,14.722921758],[-17.477249765,14.72304231],[-17.477526093,14.722762179],[-17.477878276,14.722766649],[-17.478192759,14.722589541],[-17.478884115,14.722916775],[-17.479033327,14.722559505],[-17.479597982,14.722396658],[-17.479835145,14.722346312],[-17.480212285,14.722338448],[-17.480243886,14.722179396],[-17.479853051,14.72160358],[-17.480044157,14.721403905],[-17.480256749,14.721178858],[-17.480397383,14.721184869],[-17.48065117,14.721213476],[-17.480659803,14.721095145],[-17.480684389,14.720804982],[-17.480966056,14.72033524],[-17.481176582,14.720497408],[-17.481355554,14.720635273],[-17.482240056,14.721283867],[-17.482737227,14.721616464],[-17.483618716,14.721998297],[-17.484353024,14.722292776],[-17.484573497,14.722397125],[-17.484583208,14.722415517],[-17.484484779,14.722476491],[-17.484361161,14.722561174],[-17.48427664,14.722660593],[-17.484069705,14.722950773],[-17.483732911,14.723462105],[-17.483534102,14.723782511],[-17.48331955,14.724087929],[-17.483011747,14.724409502],[-17.482888386,14.724516915],[-17.482819435,14.724616167],[-17.482773067,14.724646977],[-17.482735083,14.724730741],[-17.482694347,14.725831238],[-17.481443769,14.725936549],[-17.481311209,14.725947904],[-17.481310338,14.725870927],[-17.480977756,14.725907806],[-17.480662335,14.725927635]]]]},"properties":{"region":"DAKAR","departement":"DAKAR","commune":"OUAKAM","syscolCommune":"01130131","numSection":"007","surfaceM2":290199.2531}},{"type":"Feature","geometry":{"type":"MultiPolygon","coordinates":[[[[-17.498925859,14.722675269],[-17.499371489,14.722761297],[-17.499578653,14.722801289],[-17.499782159,14.722879763],[-17.500079911,14.722921509],[-17.500269696,14.722921403],[-17.500304514,14.722873224],[-17.500398306,14.722095867],[-17.500690108,14.722164421],[-17.500583254,14.721839309],[-17.502864356,14.721266103],[-17.503084455,14.721830206],[-17.503164423,14.722058803],[-17.50307721,14.7224864],[-17.503071399,14.722622705],[-17.503249468,14.722731926],[-17.503397172,14.722762596],[-17.503669823,14.722766817],[-17.503990603,14.72279203],[-17.504123204,14.722790597],[-17.504190446,14.722786301],[-17.504195468,14.72278598],[-17.504179164,14.722834202],[-17.504167451,14.722868841],[-17.504115991,14.723021028],[-17.504092671,14.723073664],[-17.504079581,14.723103208],[-17.504043229,14.723185257],[-17.50393882,14.723301402],[-17.503816583,14.72349038],[-17.503769251,14.723702762],[-17.503744583,14.723993594],[-17.503753291,14.724211421],[-17.503794129,14.724519705],[-17.503846577,14.724755221],[-17.503969257,14.725096846],[-17.503945839,14.725109858],[-17.503910386,14.72512975],[-17.503716979,14.725247001],[-17.503675046,14.725273986],[-17.503603247,14.725309421],[-17.503521396,14.725346397],[-17.503458508,14.725364288],[-17.503368452,14.725349367],[-17.503310758,14.725355227],[-17.503275907,14.725371423],[-17.502981693,14.725500807],[-17.502798352,14.725618478],[-17.502714311,14.725661682],[-17.502659671,14.725689772],[-17.50254789,14.725708191],[-17.502409973,14.725760354],[-17.50227212,14.725818254],[-17.502127087,14.72584946],[-17.502039464,14.725897216],[-17.501968078,14.725958182],[-17.501942901,14.726011636],[-17.501923034,14.726024678],[-17.501891668,14.726030754],[-17.501697139,14.726029034],[-17.501014195,14.726097603],[-17.500540103,14.726252694],[-17.500574559,14.726142822],[-17.50048976,14.726029007],[-17.500396249,14.725995492],[-17.500365465,14.725950971],[-17.500171509,14.725670459],[-17.500066111,14.725473207],[-17.50002152,14.725369039],[-17.499936713,14.725170928],[-17.49959782,14.724379239],[-17.499580726,14.724330664],[-17.499527767,14.724180174],[-17.499418854,14.723889742],[-17.499361912,14.723779473],[-17.49925515,14.723499817],[-17.499203143,14.723363588],[-17.499144424,14.723227341],[-17.498925859,14.722675269]]]]},"properties":{"region":"DAKAR","departement":"DAKAR","commune":"OUAKAM","syscolCommune":"01130131","numSection":"022","surfaceM2":193324.3678}},{"type":"Feature","geometry":{"type":"MultiPolygon","coordinates":[[[[-17.487701244,14.726497843],[-17.487637909,14.726525627],[-17.487605523,14.726553418],[-17.487428858,14.726567746],[-17.487266086,14.726569009],[-17.487182223,14.726551009],[-17.486811728,14.726471488],[-17.48641393,14.72636548],[-17.486130594,14.726360647],[-17.485062519,14.726387871],[-17.483980085,14.726416169],[-17.482691375,14.726429281],[-17.482693825,14.726175136],[-17.482694347,14.725831238],[-17.482735083,14.724730741],[-17.482773067,14.724646977],[-17.482819435,14.724616167],[-17.482888386,14.724516915],[-17.483011747,14.724409502],[-17.48331955,14.724087929],[-17.483534102,14.723782511],[-17.483732911,14.723462105],[-17.484069705,14.722950773],[-17.48427664,14.722660593],[-17.484361161,14.722561174],[-17.484484779,14.722476491],[-17.484583208,14.722415517],[-17.48462695,14.722495696],[-17.484723381,14.722587503],[-17.484833675,14.722607743],[-17.485069424,14.72269091],[-17.485194312,14.722703852],[-17.485304433,14.722728283],[-17.485562285,14.722799883],[-17.486166009,14.722979079],[-17.486784489,14.723165257],[-17.486986143,14.723242217],[-17.487064759,14.72327222],[-17.487285906,14.723305357],[-17.487468432,14.723300739],[-17.48751301,14.72328907],[-17.487724492,14.723233713],[-17.488020306,14.724730254],[-17.488037202,14.72481847],[-17.488129505,14.725300398],[-17.4882004,14.725728128],[-17.488240811,14.726056203],[-17.488359986,14.726212034],[-17.488383537,14.726347471],[-17.488371456,14.726576127],[-17.488367436,14.726596147],[-17.488213696,14.726558964],[-17.488148744,14.726549891],[-17.488125179,14.726546601],[-17.488096068,14.726541077],[-17.488020435,14.726527544],[-17.488021989,14.726523082],[-17.488024059,14.726517143],[-17.487891187,14.726487359],[-17.487792732,14.726466253],[-17.487777758,14.726471425],[-17.487719661,14.726491484],[-17.487701244,14.726497843]]]]},"properties":{"region":"DAKAR","departement":"DAKAR","commune":"OUAKAM","syscolCommune":"01130131","numSection":"013","surfaceM2":206648.0478}},{"type":"Feature","geometry":{"type":"MultiPolygon","coordinates":[[[[-17.500783368,14.726522146],[-17.500782877,14.726520958],[-17.500560072,14.726274761],[-17.500540103,14.726252694],[-17.501014195,14.726097603],[-17.501697139,14.726029034],[-17.501891668,14.726030754],[-17.501923034,14.726024678],[-17.501942901,14.726011636],[-17.501968078,14.725958182],[-17.502039464,14.725897216],[-17.502127087,14.72584946],[-17.50227212,14.725818254],[-17.502409973,14.725760354],[-17.50254789,14.725708191],[-17.502659671,14.725689772],[-17.502714311,14.725661682],[-17.502798352,14.725618478],[-17.502981693,14.725500807],[-17.503275907,14.725371423],[-17.503310758,14.725355227],[-17.503368452,14.725349367],[-17.503458508,14.725364288],[-17.503521396,14.725346397],[-17.503603247,14.725309421],[-17.503675046,14.725273986],[-17.503716979,14.725247001],[-17.503910386,14.72512975],[-17.503945839,14.725109858],[-17.503969257,14.725096846],[-17.503993223,14.725163585],[-17.504039299,14.72529189],[-17.504053933,14.725312998],[-17.50410406,14.725385305],[-17.50417704,14.725490575],[-17.504459801,14.725898448],[-17.504573242,14.726024627],[-17.504584281,14.726038342],[-17.505221964,14.726731911],[-17.505421319,14.726760019],[-17.505755703,14.727174086],[-17.505342423,14.72739506],[-17.504176272,14.728018581],[-17.504176192,14.728018981],[-17.504176025,14.728018916],[-17.503735677,14.727850192],[-17.503101096,14.727690151],[-17.502709796,14.727602299],[-17.50196215,14.727380168],[-17.500811886,14.726555208],[-17.500783368,14.726522146]]]]},"properties":{"region":"DAKAR","departement":"DAKAR","commune":"OUAKAM","syscolCommune":"01130131","numSection":"026","surfaceM2":93239.5379}},{"type":"Feature","geometry":{"type":"MultiPolygon","coordinates":[[[[-17.487849091,14.728634963],[-17.487858715,14.728595547],[-17.48815127,14.727511567],[-17.488154467,14.727499717],[-17.488260632,14.727155782],[-17.488329786,14.726783679],[-17.488365896,14.726603818],[-17.488367436,14.726596147],[-17.488371456,14.726576127],[-17.488383537,14.726347471],[-17.488359986,14.726212034],[-17.488240811,14.726056203],[-17.4882004,14.725728128],[-17.488129505,14.725300398],[-17.488037202,14.72481847],[-17.488020306,14.724730254],[-17.487724492,14.723233713],[-17.487774245,14.723211911],[-17.487790601,14.723204744],[-17.487777613,14.723135147],[-17.488028896,14.723100328],[-17.488047829,14.723097703],[-17.488151979,14.723074341],[-17.488328194,14.723034814],[-17.488589847,14.722962641],[-17.488638708,14.722999209],[-17.488721874,14.723012955],[-17.488866799,14.723036911],[-17.489240786,14.723075914],[-17.489451543,14.723164683],[-17.489596864,14.723215947],[-17.489598487,14.723178814],[-17.489618405,14.722722666],[-17.489640442,14.722273402],[-17.489635345,14.721824429],[-17.489615655,14.721683768],[-17.489521206,14.721332606],[-17.489472484,14.721024975],[-17.489524355,14.720813108],[-17.489610509,14.72043359],[-17.489731845,14.719965648],[-17.489801008,14.719683162],[-17.489845035,14.719577033],[-17.489844035,14.719489002],[-17.489825046,14.719409966],[-17.489853717,14.719380806],[-17.490036287,14.719547659],[-17.490129714,14.719633042],[-17.490676622,14.720173335],[-17.49119418,14.720835073],[-17.49164375,14.721399889],[-17.492042235,14.721883872],[-17.492771218,14.722754917],[-17.493151508,14.723108887],[-17.493464133,14.723329551],[-17.493673186,14.723396231],[-17.494000166,14.723474088],[-17.494322531,14.72354041],[-17.494174818,14.724148049],[-17.493866533,14.725413373],[-17.493732061,14.725957624],[-17.493672659,14.72641317],[-17.493440113,14.726443268],[-17.490379613,14.728480475],[-17.489539321,14.729015299],[-17.488013763,14.728679578],[-17.487849091,14.728634963]]]]},"properties":{"region":"DAKAR","departement":"DAKAR","commune":"OUAKAM","syscolCommune":"01130131","numSection":"017","surfaceM2":421104.4488}},{"type":"Feature","geometry":{"type":"MultiPolygon","coordinates":[[[[-17.489539321,14.729015299],[-17.490379613,14.728480475],[-17.493440113,14.726443268],[-17.493672659,14.72641317],[-17.493732061,14.725957624],[-17.493866533,14.725413373],[-17.495525374,14.726244512],[-17.496678021,14.728004689],[-17.496450076,14.728146159],[-17.495991137,14.728482265],[-17.495522841,14.728780245],[-17.495223935,14.728962723],[-17.494920159,14.729199048],[-17.49476907,14.729300569],[-17.494617982,14.72940209],[-17.494238869,14.729642267],[-17.493972865,14.729892119],[-17.493828691,14.730149609],[-17.493058363,14.729793919],[-17.489539321,14.729015299]]]]},"properties":{"region":"DAKAR","departement":"DAKAR","commune":"OUAKAM","syscolCommune":"01130131","numSection":"024","surfaceM2":187176.0102}},{"type":"Feature","geometry":{"type":"MultiPolygon","coordinates":[[[[-17.481590812,14.729999626],[-17.481515741,14.730005731],[-17.48135427,14.729774402],[-17.481276908,14.72966357],[-17.481270595,14.72961567],[-17.481074686,14.728128641],[-17.481042297,14.727882791],[-17.481020459,14.727717018],[-17.48097731,14.727389484],[-17.480967846,14.727317653],[-17.480958746,14.727248568],[-17.480913652,14.726906279],[-17.480800138,14.726044635],[-17.480797492,14.726024537],[-17.480733286,14.725978505],[-17.480662335,14.725927635],[-17.480977756,14.725907806],[-17.481310338,14.725870927],[-17.481311209,14.725947904],[-17.481443769,14.725936549],[-17.482694347,14.725831238],[-17.482693825,14.726175136],[-17.482691375,14.726429281],[-17.483980085,14.726416169],[-17.485062519,14.726387871],[-17.486130594,14.726360647],[-17.48641393,14.72636548],[-17.486811728,14.726471488],[-17.487182223,14.726551009],[-17.487266086,14.726569009],[-17.487428858,14.726567746],[-17.487605523,14.726553418],[-17.487637909,14.726525627],[-17.487701244,14.726497843],[-17.487719661,14.726491484],[-17.487777758,14.726471425],[-17.487792732,14.726466253],[-17.487891187,14.726487359],[-17.488024059,14.726517143],[-17.488021989,14.726523082],[-17.488020435,14.726527544],[-17.488096068,14.726541077],[-17.488125179,14.726546601],[-17.488148744,14.726549891],[-17.488213696,14.726558964],[-17.488367436,14.726596147],[-17.488365896,14.726603818],[-17.488329786,14.726783679],[-17.488260632,14.727155782],[-17.488154467,14.727499717],[-17.48815127,14.727511567],[-17.487858715,14.728595547],[-17.487849091,14.728634963],[-17.487373739,14.730576599],[-17.48671724,14.730446709],[-17.486785159,14.730175925],[-17.486026186,14.729990636],[-17.485277758,14.72989161],[-17.484545132,14.729912863],[-17.482759299,14.729873151],[-17.481837843,14.729979539],[-17.481590812,14.729999626]]]]},"properties":{"region":"DAKAR","departement":"DAKAR","commune":"OUAKAM","syscolCommune":"01130131","numSection":"014","surfaceM2":305507.3854}},{"type":"Feature","geometry":{"type":"MultiPolygon","coordinates":[[[[-17.471614244,14.726299168],[-17.472683894,14.726293131],[-17.472864628,14.726292112],[-17.475249024,14.726278639],[-17.475273313,14.726278501],[-17.475282907,14.726278446],[-17.475283163,14.726280455],[-17.475283879,14.726286122],[-17.475284653,14.726292223],[-17.475293502,14.726362046],[-17.475304136,14.726445963],[-17.475345546,14.726772708],[-17.475506521,14.728042884],[-17.475609529,14.728855668],[-17.475636303,14.729066919],[-17.475654011,14.729206634],[-17.475666271,14.729303378],[-17.47567104,14.729341008],[-17.475672802,14.729354915],[-17.475675539,14.729376507],[-17.475665645,14.729383062],[-17.474417137,14.73021015],[-17.47439288,14.73022622],[-17.47361974,14.730738644],[-17.473510232,14.730811223],[-17.473433641,14.730861988],[-17.473297585,14.730952162],[-17.473266084,14.73097304],[-17.473086231,14.731092104],[-17.473081503,14.731095233],[-17.472819425,14.730122304],[-17.472118196,14.728050265],[-17.471634034,14.726367935],[-17.471614244,14.726299168]]]]},"properties":{"region":"DAKAR","departement":"DAKAR","commune":"OUAKAM","syscolCommune":"01130131","numSection":"001","surfaceM2":157546.2945}},{"type":"Feature","geometry":{"type":"MultiPolygon","coordinates":[[[[-17.49026804,14.732026036],[-17.487224166,14.731187549],[-17.487241507,14.731116714],[-17.487373739,14.730576599],[-17.487849091,14.728634963],[-17.488013763,14.728679578],[-17.489539321,14.729015299],[-17.493058363,14.729793919],[-17.493828691,14.730149609],[-17.493842607,14.730195103],[-17.493850268,14.730223584],[-17.493850918,14.730280711],[-17.493836977,14.730345135],[-17.493822789,14.730388136],[-17.49382295,14.730402416],[-17.493083735,14.732316698],[-17.493019492,14.732705857],[-17.492974645,14.732775067],[-17.492216189,14.732552641],[-17.490609822,14.732125461],[-17.490468895,14.732081364],[-17.49026804,14.732026036]]]]},"properties":{"region":"DAKAR","departement":"DAKAR","commune":"OUAKAM","syscolCommune":"01130131","numSection":"016","surfaceM2":201180.4295}},{"type":"Feature","geometry":{"type":"MultiPolygon","coordinates":[[[[-17.481515741,14.730005731],[-17.481590812,14.729999626],[-17.481837843,14.729979539],[-17.482759299,14.729873151],[-17.484545132,14.729912863],[-17.485277758,14.72989161],[-17.486026186,14.729990636],[-17.486785159,14.730175925],[-17.48671724,14.730446709],[-17.487373739,14.730576599],[-17.487241507,14.731116714],[-17.487224166,14.731187549],[-17.485069279,14.73121409],[-17.484351964,14.731222921],[-17.484286717,14.731468956],[-17.484207485,14.731767719],[-17.484122321,14.732088863],[-17.48405538,14.732065247],[-17.483949708,14.73202797],[-17.483648049,14.733041089],[-17.481234121,14.732986678],[-17.48122333,14.732986436],[-17.48113924,14.732446507],[-17.481084591,14.732095612],[-17.480927133,14.731084582],[-17.481515741,14.730005731]]]]},"properties":{"region":"DAKAR","departement":"DAKAR","commune":"OUAKAM","syscolCommune":"01130131","numSection":"015","surfaceM2":151654.5432}},{"type":"Feature","geometry":{"type":"MultiPolygon","coordinates":[[[[-17.492974645,14.732775067],[-17.493019492,14.732705857],[-17.493083735,14.732316698],[-17.49382295,14.730402416],[-17.493822789,14.730388136],[-17.493836977,14.730345135],[-17.493850918,14.730280711],[-17.493850268,14.730223584],[-17.493842607,14.730195103],[-17.493828691,14.730149609],[-17.493972865,14.729892119],[-17.494238869,14.729642267],[-17.494617982,14.72940209],[-17.49476907,14.729300569],[-17.494920159,14.729199048],[-17.495223935,14.728962723],[-17.495522841,14.728780245],[-17.495991137,14.728482265],[-17.496450076,14.728146159],[-17.496678021,14.728004689],[-17.497316403,14.728971303],[-17.499227289,14.727605428],[-17.500179807,14.728077081],[-17.500179879,14.728077117],[-17.497758153,14.733064358],[-17.497670421,14.733245026],[-17.497659945,14.7332666],[-17.497659713,14.733266929],[-17.497624897,14.733289604],[-17.497590683,14.733311887],[-17.497524066,14.73332838],[-17.497057691,14.733260011],[-17.496604553,14.733193582],[-17.496307424,14.733150024],[-17.496021462,14.733116207],[-17.495617038,14.733068383],[-17.494981777,14.73299326],[-17.494694795,14.732959322],[-17.494440309,14.732929228],[-17.494191434,14.733014307],[-17.494171689,14.733010424],[-17.493052579,14.73279039],[-17.493005986,14.732781228],[-17.492974645,14.732775067]]]]},"properties":{"region":"DAKAR","departement":"DAKAR","commune":"OUAKAM","syscolCommune":"01130131","numSection":"025","surfaceM2":286263.8929}},{"type":"Feature","geometry":{"type":"MultiPolygon","coordinates":[[[[-17.492728597,14.735913084],[-17.492974645,14.732775067],[-17.493005986,14.732781228],[-17.493052579,14.73279039],[-17.494171689,14.733010424],[-17.494191434,14.733014307],[-17.494440309,14.732929228],[-17.494694795,14.732959322],[-17.494981777,14.73299326],[-17.495617038,14.733068383],[-17.496021462,14.733116207],[-17.496307424,14.733150024],[-17.496604553,14.733193582],[-17.497057691,14.733260011],[-17.497524066,14.73332838],[-17.497512633,14.733377662],[-17.497516925,14.73338932],[-17.497531388,14.733428602],[-17.498141063,14.735084462],[-17.49818857,14.735213494],[-17.498188281,14.735213663],[-17.497177973,14.735806762],[-17.496650399,14.736229387],[-17.496415436,14.736196658],[-17.492728597,14.735913084]]]]},"properties":{"region":"DAKAR","departement":"DAKAR","commune":"OUAKAM","syscolCommune":"01130131","numSection":"029","surfaceM2":175952.2016}},{"type":"Feature","geometry":{"type":"MultiPolygon","coordinates":[[[[-17.49370802,14.738762716],[-17.493350121,14.738573864],[-17.493083932,14.738433405],[-17.49271205,14.738237174],[-17.4919151,14.73798921],[-17.49152845,14.737959329],[-17.491443655,14.737932427],[-17.490827827,14.737737046],[-17.489785448,14.737666964],[-17.488984441,14.737435255],[-17.488890753,14.737344676],[-17.488887015,14.737341062],[-17.49026804,14.732026036],[-17.490468895,14.732081364],[-17.490609822,14.732125461],[-17.492216189,14.732552641],[-17.492974645,14.732775067],[-17.492728597,14.735913084],[-17.49254002,14.737242959],[-17.492774438,14.737799525],[-17.493913653,14.738195974],[-17.493742235,14.73866842],[-17.49370802,14.738762716]]]]},"properties":{"region":"DAKAR","departement":"DAKAR","commune":"OUAKAM","syscolCommune":"01130131","numSection":"030","surfaceM2":221623.3121}},{"type":"Feature","geometry":{"type":"MultiPolygon","coordinates":[[[[-17.49254002,14.737242959],[-17.492728597,14.735913084],[-17.496415436,14.736196658],[-17.496650399,14.736229387],[-17.497177973,14.735806762],[-17.498188281,14.735213663],[-17.498188336,14.735213814],[-17.498302368,14.735722275],[-17.498259494,14.735763153],[-17.497606486,14.73653662],[-17.497681193,14.736597279],[-17.497371627,14.736942244],[-17.497355316,14.736960419],[-17.497188181,14.737133073],[-17.497143578,14.737179147],[-17.497021019,14.737305755],[-17.496679808,14.737609003],[-17.496640099,14.737651529],[-17.49656744,14.737775898],[-17.49632468,14.738314816],[-17.496383959,14.738336809],[-17.49589924,14.738932784],[-17.495899188,14.738932848],[-17.49551032,14.739348077],[-17.495254268,14.739621488],[-17.495240929,14.73961408],[-17.49370802,14.738762716],[-17.493742235,14.73866842],[-17.493913653,14.738195974],[-17.492774438,14.737799525],[-17.49254002,14.737242959]]]]},"properties":{"region":"DAKAR","departement":"DAKAR","commune":"OUAKAM","syscolCommune":"01130131","numSection":"031","surfaceM2":147749.6588}},{"type":"Feature","geometry":{"type":"MultiPolygon","coordinates":[[[[-17.496678021,14.728004689],[-17.495525374,14.726244512],[-17.493866533,14.725413373],[-17.494174818,14.724148049],[-17.494322531,14.72354041],[-17.494567176,14.723581424],[-17.494688291,14.723562334],[-17.494970158,14.723517902],[-17.49497246,14.723521942],[-17.496505059,14.723135909],[-17.498872169,14.722539656],[-17.498925859,14.722675269],[-17.499144424,14.723227341],[-17.499203143,14.723363588],[-17.49925515,14.723499817],[-17.499361912,14.723779473],[-17.499418854,14.723889742],[-17.499527767,14.724180174],[-17.499580726,14.724330664],[-17.49959782,14.724379239],[-17.499936713,14.725170928],[-17.50002152,14.725369039],[-17.500066111,14.725473207],[-17.500171509,14.725670459],[-17.500365465,14.725950971],[-17.500396249,14.725995492],[-17.50048976,14.726029007],[-17.500574559,14.726142822],[-17.500540103,14.726252694],[-17.500560072,14.726274761],[-17.500782877,14.726520958],[-17.500783368,14.726522146],[-17.500797629,14.726556709],[-17.500815398,14.726674236],[-17.500179879,14.728077117],[-17.500179807,14.728077081],[-17.499227289,14.727605428],[-17.497316403,14.728971303],[-17.496678021,14.728004689]]]]},"properties":{"region":"DAKAR","departement":"DAKAR","commune":"OUAKAM","syscolCommune":"01130131","numSection":"023","surfaceM2":308364.8126}},{"type":"Feature","geometry":{"type":"MultiPolygon","coordinates":[[[[-17.500179879,14.728077117],[-17.500815398,14.726674236],[-17.500797629,14.726556709],[-17.500783368,14.726522146],[-17.500811886,14.726555208],[-17.50196215,14.727380168],[-17.502709796,14.727602299],[-17.503101096,14.727690151],[-17.503735677,14.727850192],[-17.504176025,14.728018916],[-17.504176192,14.728018981],[-17.504228451,14.728043537],[-17.504301053,14.728077654],[-17.504304192,14.72807914],[-17.504477442,14.72816116],[-17.504514248,14.728178585],[-17.504544976,14.728193132],[-17.5046811,14.728257576],[-17.50498516,14.728401524],[-17.504995964,14.728406635],[-17.505010063,14.728413312],[-17.505022619,14.728419256],[-17.505057917,14.728435967],[-17.50505908,14.728436517],[-17.50506555,14.728443413],[-17.505068546,14.728446608],[-17.505086608,14.728465858],[-17.505113481,14.728494499],[-17.505133264,14.728515586],[-17.505157081,14.728540971],[-17.505180574,14.728566013],[-17.505199526,14.728586211],[-17.505224984,14.728613348],[-17.505247388,14.728637228],[-17.505252488,14.728642662],[-17.505269357,14.728660642],[-17.505289805,14.728682437],[-17.505302349,14.728695805],[-17.505311211,14.728705252],[-17.50533038,14.728725684],[-17.505339119,14.728734997],[-17.505357599,14.728754696],[-17.505373662,14.728771817],[-17.505383518,14.728782321],[-17.505396968,14.728796655],[-17.505413563,14.728814344],[-17.505436798,14.728839109],[-17.505478616,14.728883682],[-17.505486204,14.728891769],[-17.505627436,14.729042301],[-17.505709542,14.729129814],[-17.505715749,14.729136431],[-17.505765356,14.729189304],[-17.505871706,14.729302658],[-17.505907885,14.729341219],[-17.505962153,14.729399062],[-17.505998406,14.729437702],[-17.506128543,14.72957641],[-17.50633121,14.729792422],[-17.506404538,14.729870581],[-17.506455778,14.729925196],[-17.50651724,14.729990689],[-17.506506839,14.73001542],[-17.506497843,14.730036816],[-17.506487834,14.730060622],[-17.5063798,14.730317532],[-17.506125981,14.730921132],[-17.505324726,14.73282655],[-17.50531615,14.732818173],[-17.505165277,14.732757922],[-17.505117021,14.73273865],[-17.504693665,14.732569583],[-17.504519304,14.732499954],[-17.503380119,14.732045011],[-17.503439538,14.7318945],[-17.501849658,14.731561937],[-17.501760009,14.731591365],[-17.501180453,14.731387409],[-17.501220888,14.73131367],[-17.500664704,14.731048812],[-17.499919125,14.731564749],[-17.499779363,14.731512086],[-17.497758153,14.733064358],[-17.500179879,14.728077117]]]]},"properties":{"region":"DAKAR","departement":"DAKAR","commune":"OUAKAM","syscolCommune":"01130131","numSection":"027","surfaceM2":335534.1579}},{"type":"Feature","geometry":{"type":"MultiPolygon","coordinates":[[[[-17.498886278,14.735556337],[-17.498787587,14.735570479],[-17.498750118,14.735575848],[-17.498574196,14.735599585],[-17.498440261,14.735618337],[-17.49842406,14.735620125],[-17.498416145,14.735636116],[-17.498404378,14.735645026],[-17.498302368,14.735722275],[-17.498188336,14.735213814],[-17.498188281,14.735213663],[-17.49818857,14.735213494],[-17.498141063,14.735084462],[-17.497531388,14.733428602],[-17.497516925,14.73338932],[-17.497512633,14.733377662],[-17.497524066,14.73332838],[-17.497590683,14.733311887],[-17.497624897,14.733289604],[-17.497659713,14.733266929],[-17.497659945,14.7332666],[-17.497670421,14.733245026],[-17.497758153,14.733064358],[-17.499779363,14.731512086],[-17.499919125,14.731564749],[-17.500664704,14.731048812],[-17.501220888,14.73131367],[-17.501180453,14.731387409],[-17.501760009,14.731591365],[-17.501849658,14.731561937],[-17.503439538,14.7318945],[-17.503380119,14.732045011],[-17.504519304,14.732499954],[-17.504693665,14.732569583],[-17.505117021,14.73273865],[-17.505165277,14.732757922],[-17.50531615,14.732818173],[-17.505324726,14.73282655],[-17.505158387,14.733222111],[-17.504881365,14.733880869],[-17.504766707,14.734153524],[-17.50460066,14.734548388],[-17.504594903,14.734562074],[-17.504555612,14.734655509],[-17.504377413,14.735079263],[-17.504330048,14.735191896],[-17.50427837,14.735314785],[-17.504216957,14.735460823],[-17.504093142,14.735755251],[-17.50408268,14.735747735],[-17.503992396,14.735706908],[-17.503981164,14.73570183],[-17.503933916,14.735680463],[-17.503838702,14.735637407],[-17.503752426,14.735598393],[-17.503108111,14.735307033],[-17.502353595,14.734965834],[-17.502267638,14.735370065],[-17.501769906,14.73537214],[-17.500824352,14.735402073],[-17.500749511,14.735405111],[-17.500346517,14.735422648],[-17.49994595,14.735440076],[-17.499783123,14.735453163],[-17.499749651,14.73545586],[-17.499483124,14.735477335],[-17.499417078,14.735482656],[-17.499415848,14.735482653],[-17.499415545,14.735482652],[-17.499337412,14.73548674],[-17.499222669,14.735503473],[-17.499080569,14.735525567],[-17.498992191,14.735540403],[-17.498958445,14.735546066],[-17.498886278,14.735556337]]]]},"properties":{"region":"DAKAR","departement":"DAKAR","commune":"OUAKAM","syscolCommune":"01130131","numSection":"028","surfaceM2":294332.0883}},{"type":"Feature","geometry":{"type":"MultiPolygon","coordinates":[[[[-17.498787587,14.735570479],[-17.498886278,14.735556337],[-17.498958445,14.735546066],[-17.498992191,14.735540403],[-17.499080569,14.735525567],[-17.499222669,14.735503473],[-17.499337412,14.73548674],[-17.499415545,14.735482652],[-17.499415848,14.735482653],[-17.499417078,14.735482656],[-17.499483124,14.735477335],[-17.499749651,14.73545586],[-17.499783123,14.735453163],[-17.49994595,14.735440076],[-17.500346517,14.735422648],[-17.500749511,14.735405111],[-17.500824352,14.735402073],[-17.501769906,14.73537214],[-17.502267638,14.735370065],[-17.502353595,14.734965834],[-17.503108111,14.735307033],[-17.503752426,14.735598393],[-17.503838702,14.735637407],[-17.503933916,14.735680463],[-17.503981164,14.73570183],[-17.503992396,14.735706908],[-17.50408268,14.735747735],[-17.504093142,14.735755251],[-17.503253604,14.737751634],[-17.502782247,14.738872482],[-17.502572195,14.739371965],[-17.502571331,14.739374015],[-17.50256609,14.739386484],[-17.502561785,14.739396718],[-17.50256153,14.739397329],[-17.502543711,14.739439699],[-17.502540337,14.739447724],[-17.50253738,14.739454753],[-17.502110546,14.739287392],[-17.499661871,14.738327246],[-17.499324188,14.739427653],[-17.496385837,14.738337509],[-17.496383959,14.738336809],[-17.49632468,14.738314816],[-17.49656744,14.737775898],[-17.496640099,14.737651529],[-17.496679808,14.737609003],[-17.497021019,14.737305755],[-17.497143578,14.737179147],[-17.497188181,14.737133073],[-17.497355316,14.736960419],[-17.497371627,14.736942244],[-17.497681193,14.736597279],[-17.497606486,14.73653662],[-17.498259494,14.735763153],[-17.498302368,14.735722275],[-17.498404378,14.735645026],[-17.498416145,14.735636116],[-17.49842406,14.735620125],[-17.498440261,14.735618337],[-17.498574196,14.735599585],[-17.498750118,14.735575848],[-17.498787587,14.735570479]]]]},"properties":{"region":"DAKAR","departement":"DAKAR","commune":"OUAKAM","syscolCommune":"01130131","numSection":"032","surfaceM2":261786.4218}},{"type":"Feature","geometry":{"type":"MultiPolygon","coordinates":[[[[-17.508416715,14.73267921],[-17.508400858,14.732623047],[-17.508272308,14.732302335],[-17.508108562,14.731958206],[-17.507872546,14.731632708],[-17.507597211,14.731305087],[-17.507300803,14.730967494],[-17.507087891,14.730667868],[-17.507071554,14.730635385],[-17.507060359,14.730613125],[-17.506773425,14.730303731],[-17.506578987,14.730094072],[-17.506571408,14.730085809],[-17.50650684,14.73001542],[-17.50651724,14.729990689],[-17.506455779,14.729925196],[-17.506404538,14.729870581],[-17.50633121,14.729792423],[-17.506128543,14.72957641],[-17.505998406,14.729437702],[-17.505962153,14.729399062],[-17.505907885,14.729341219],[-17.505871706,14.729302658],[-17.505765356,14.729189304],[-17.505715749,14.72913643],[-17.505709542,14.729129814],[-17.505627436,14.729042301],[-17.505486204,14.728891769],[-17.505478616,14.728883682],[-17.505436798,14.728839109],[-17.505413563,14.728814344],[-17.505396967,14.728796655],[-17.505383518,14.728782321],[-17.505373662,14.728771816],[-17.5053576,14.728754696],[-17.505339119,14.728734997],[-17.50533038,14.728725684],[-17.505311211,14.728705252],[-17.505302349,14.728695806],[-17.505289805,14.728682437],[-17.505269357,14.728660642],[-17.505252488,14.728642662],[-17.505247389,14.728637227],[-17.505224985,14.728613348],[-17.505199526,14.728586212],[-17.505180574,14.728566013],[-17.50515708,14.728540971],[-17.505133264,14.728515586],[-17.50511348,14.728494499],[-17.505086608,14.728465858],[-17.505068546,14.728446608],[-17.50506555,14.728443413],[-17.50505908,14.728436517],[-17.505057918,14.728435967],[-17.505022619,14.728419256],[-17.505010063,14.728413312],[-17.504995963,14.728406636],[-17.50498516,14.728401523],[-17.504681101,14.728257576],[-17.504544976,14.728193132],[-17.504514248,14.728178585],[-17.504477442,14.72816116],[-17.504304191,14.72807914],[-17.504301053,14.728077654],[-17.504228451,14.728043537],[-17.504176193,14.728018981],[-17.504176273,14.728018581],[-17.505342423,14.72739506],[-17.505755703,14.727174085],[-17.506229324,14.727526108],[-17.506319691,14.727622673],[-17.506348871,14.727645882],[-17.506385446,14.727692937],[-17.506507112,14.727822946],[-17.506588241,14.727909638],[-17.506885452,14.72833621],[-17.507017714,14.728480059],[-17.507239813,14.728865072],[-17.507327989,14.72896097],[-17.50734891,14.728995365],[-17.507380633,14.72904752],[-17.507766561,14.729547527],[-17.508085161,14.729944805],[-17.508089995,14.729950833],[-17.508714009,14.730928848],[-17.509185823,14.73109518],[-17.50936473,14.731158251],[-17.509460074,14.731191863],[-17.509469462,14.731202087],[-17.50954494,14.73128428],[-17.509690275,14.731442549],[-17.509842617,14.731608445],[-17.509854011,14.731620853],[-17.510276922,14.732058923],[-17.510464011,14.732192852],[-17.510429007,14.732337863],[-17.510620868,14.732735569],[-17.510819132,14.733146543],[-17.510827973,14.733164872],[-17.510785444,14.733197428],[-17.510739536,14.73323257],[-17.510657526,14.733295348],[-17.510451421,14.733453121],[-17.510218092,14.733556129],[-17.509984763,14.733659135],[-17.509857475,14.733660517],[-17.509551421,14.733663837],[-17.509370976,14.733344632],[-17.509118121,14.732877098],[-17.509010882,14.732775032],[-17.508833328,14.732708136],[-17.508714829,14.73265207],[-17.508573417,14.732653604],[-17.508416715,14.73267921]]]]},"properties":{"region":"DAKAR","departement":"DAKAR","commune":"NGOR","syscolCommune":"01130132","numSection":"025","surfaceM2":131049.4584}},{"type":"Feature","geometry":{"type":"MultiPolygon","coordinates":[[[[-17.512943946,14.736759582],[-17.512917964,14.736675881],[-17.512900745,14.73663959],[-17.512743528,14.736308234],[-17.512543932,14.736030059],[-17.512361852,14.735754654],[-17.512112503,14.735616891],[-17.511557603,14.735215893],[-17.511288101,14.735055814],[-17.511109627,14.734908639],[-17.510800472,14.734671124],[-17.510444575,14.734468524],[-17.51001771,14.734243755],[-17.509910467,14.734141687],[-17.509731338,14.733937168],[-17.509551421,14.733663837],[-17.509857475,14.733660517],[-17.509984763,14.733659135],[-17.510218092,14.733556129],[-17.510451421,14.733453121],[-17.510657526,14.733295348],[-17.510739536,14.73323257],[-17.510785444,14.733197428],[-17.510827973,14.733164872],[-17.511125683,14.733412569],[-17.511137993,14.733422811],[-17.511210706,14.73345886],[-17.511285422,14.733495904],[-17.511351962,14.733528894],[-17.511425784,14.733677459],[-17.511495124,14.733817004],[-17.511503989,14.733834845],[-17.511626961,14.733986904],[-17.511654046,14.734004981],[-17.511808744,14.734108231],[-17.512020113,14.734249303],[-17.512101942,14.734291253],[-17.512233917,14.734332904],[-17.512315936,14.734359768],[-17.512419987,14.734393849],[-17.512795938,14.734750847],[-17.512808358,14.734757868],[-17.513029694,14.734883012],[-17.513082957,14.734913127],[-17.513140978,14.734945933],[-17.513166035,14.734957776],[-17.513338379,14.735039244],[-17.513364973,14.735051814],[-17.513370382,14.73506539],[-17.513397759,14.735134103],[-17.513452028,14.735270311],[-17.513491354,14.735369009],[-17.513582945,14.735598887],[-17.513651896,14.735771943],[-17.513782781,14.736001059],[-17.513785887,14.736005161],[-17.513841979,14.736019941],[-17.513895547,14.736034055],[-17.513927992,14.736042604],[-17.51395193,14.736048912],[-17.51394857,14.736060457],[-17.513917201,14.73616825],[-17.513880933,14.736292873],[-17.513999496,14.736346388],[-17.51409016,14.73638731],[-17.514095917,14.736389909],[-17.514106417,14.736405475],[-17.514133785,14.73644605],[-17.514159205,14.736483737],[-17.514164475,14.73649155],[-17.514180906,14.73651591],[-17.51420227,14.736523246],[-17.514249271,14.736539385],[-17.514256527,14.736541877],[-17.514263434,14.736544249],[-17.514262925,14.736545148],[-17.51426156,14.736547499],[-17.514246757,14.736573013],[-17.514118091,14.736794781],[-17.514070146,14.736811555],[-17.514053877,14.736806474],[-17.514041045,14.736825356],[-17.513983836,14.736909536],[-17.513941274,14.736881795],[-17.513850332,14.736961421],[-17.513780103,14.737031539],[-17.513477523,14.737333643],[-17.513451655,14.737318804],[-17.513407037,14.737281657],[-17.513183603,14.737095637],[-17.512965458,14.73682888],[-17.512943946,14.736759582]]]]},"properties":{"region":"DAKAR","departement":"DAKAR","commune":"NGOR","syscolCommune":"01130132","numSection":"020","surfaceM2":70289.9679}},{"type":"Feature","geometry":{"type":"MultiPolygon","coordinates":[[[[-17.509442085,14.73688602],[-17.509323753,14.736858852],[-17.509086532,14.736906685],[-17.508994242,14.736549885],[-17.508845673,14.735625121],[-17.508729798,14.734657508],[-17.508543259,14.73316203],[-17.508480043,14.732903502],[-17.508416715,14.73267921],[-17.508573417,14.732653604],[-17.508714829,14.73265207],[-17.508833328,14.732708136],[-17.509010882,14.732775032],[-17.509118121,14.732877098],[-17.509370976,14.733344632],[-17.509551421,14.733663837],[-17.509731338,14.733937168],[-17.509910467,14.734141687],[-17.51001771,14.734243755],[-17.510444575,14.734468524],[-17.510800472,14.734671124],[-17.511109627,14.734908639],[-17.511288101,14.735055814],[-17.511557603,14.735215893],[-17.512112503,14.735616891],[-17.512361852,14.735754654],[-17.512543932,14.736030059],[-17.512743528,14.736308234],[-17.512900745,14.73663959],[-17.512917964,14.736675881],[-17.512943946,14.736759582],[-17.512932592,14.736767061],[-17.512874554,14.736805294],[-17.512872322,14.73680739],[-17.512534031,14.737124992],[-17.512431361,14.737221383],[-17.512285232,14.737358575],[-17.512140268,14.737510573],[-17.512038945,14.737607254],[-17.511800713,14.737834574],[-17.511794587,14.73783152],[-17.511787324,14.7378279],[-17.510866585,14.7374164],[-17.510292278,14.737202572],[-17.509442085,14.73688602]]]]},"properties":{"region":"DAKAR","departement":"DAKAR","commune":"NGOR","syscolCommune":"01130132","numSection":"019","surfaceM2":129753.0316}},{"type":"Feature","geometry":{"type":"MultiPolygon","coordinates":[[[[-17.505795624,14.738063257],[-17.505025143,14.737017654],[-17.504933008,14.736892619],[-17.504905642,14.736823501],[-17.504794416,14.73654258],[-17.504679066,14.736251242],[-17.50465156,14.73618177],[-17.504480672,14.735750158],[-17.504450282,14.735673399],[-17.504429943,14.735622029],[-17.50437955,14.735494751],[-17.504316137,14.735334588],[-17.50427837,14.735314785],[-17.504330048,14.735191896],[-17.504377413,14.735079263],[-17.504555612,14.734655509],[-17.504594903,14.734562074],[-17.504600659,14.734548388],[-17.504766707,14.734153524],[-17.504881365,14.733880869],[-17.505158386,14.733222111],[-17.505324726,14.73282655],[-17.506125981,14.730921132],[-17.5063798,14.730317532],[-17.506487833,14.730060622],[-17.506497843,14.730036816],[-17.50650684,14.73001542],[-17.506571408,14.730085809],[-17.506578987,14.730094072],[-17.506773425,14.730303731],[-17.507060359,14.730613125],[-17.507071554,14.730635385],[-17.507087891,14.730667868],[-17.507300803,14.730967494],[-17.507597211,14.731305087],[-17.507872546,14.731632708],[-17.508108562,14.731958206],[-17.508272308,14.732302335],[-17.508400858,14.732623047],[-17.508416715,14.73267921],[-17.508480043,14.732903502],[-17.508543259,14.73316203],[-17.508729798,14.734657508],[-17.508845673,14.735625121],[-17.508994242,14.736549885],[-17.509086532,14.736906685],[-17.508658312,14.73709681],[-17.508144582,14.737268519],[-17.507808181,14.737396771],[-17.507588059,14.737430308],[-17.506951717,14.737454514],[-17.50692223,14.737053333],[-17.505776789,14.737056325],[-17.505847081,14.738063595],[-17.505795624,14.738063257]]]]},"properties":{"region":"DAKAR","departement":"DAKAR","commune":"NGOR","syscolCommune":"01130132","numSection":"021","surfaceM2":271771.2815}},{"type":"Feature","geometry":{"type":"MultiPolygon","coordinates":[[[[-17.514802117,14.736751438],[-17.51487987,14.736805884],[-17.514922063,14.736955915],[-17.514926485,14.736971639],[-17.514927559,14.736977742],[-17.514929,14.736985936],[-17.514882991,14.737072171],[-17.51485594,14.73712287],[-17.514848828,14.737147212],[-17.514861262,14.737189467],[-17.514863264,14.737196271],[-17.514952921,14.737500964],[-17.515131924,14.737697942],[-17.515284401,14.737689512],[-17.515308311,14.737688189],[-17.515548912,14.737674887],[-17.515790909,14.737690955],[-17.51590144,14.737666619],[-17.515968629,14.737651826],[-17.516049888,14.737633935],[-17.516142888,14.737632923],[-17.516210812,14.737632184],[-17.516235888,14.737631911],[-17.516323802,14.737644917],[-17.516395042,14.737655456],[-17.516458864,14.737664898],[-17.516523229,14.737701715],[-17.516645931,14.7377719],[-17.516687154,14.737763582],[-17.51707185,14.737685961],[-17.517256943,14.737701924],[-17.517290511,14.737701341],[-17.517312905,14.737700953],[-17.517360902,14.737862949],[-17.517408927,14.737970922],[-17.517434135,14.738078192],[-17.517476856,14.738259986],[-17.517489209,14.738298525],[-17.517544733,14.738471762],[-17.517508592,14.738627752],[-17.51750069,14.73866186],[-17.517528908,14.73872531],[-17.517611172,14.738910283],[-17.517624757,14.738940828],[-17.517663266,14.738972543],[-17.517970748,14.739225781],[-17.518170532,14.739329659],[-17.518258311,14.7393753],[-17.518447758,14.739473803],[-17.518587742,14.739570837],[-17.51869729,14.739644547],[-17.518736619,14.73967101],[-17.518741533,14.739674316],[-17.518757541,14.739679535],[-17.51876177,14.739680218],[-17.518816824,14.739689105],[-17.518867773,14.73969733],[-17.519006711,14.739719758],[-17.519359736,14.739810131],[-17.519618928,14.739876484],[-17.519683279,14.739892957],[-17.51968672,14.739893838],[-17.519714879,14.739893851],[-17.519725151,14.739892925],[-17.519725232,14.739893855],[-17.519725294,14.739894941],[-17.519725339,14.73989572],[-17.519725656,14.739901192],[-17.519711753,14.739933405],[-17.519661991,14.740048711],[-17.519587955,14.740220261],[-17.519297601,14.740689961],[-17.519231205,14.740883613],[-17.519016689,14.741581995],[-17.518800585,14.741878647],[-17.515457963,14.739895188],[-17.515316066,14.73980852],[-17.514410164,14.739275693],[-17.51439767,14.739268344],[-17.513515162,14.738749068],[-17.512596445,14.738231126],[-17.511871978,14.737870088],[-17.511869264,14.737868735],[-17.51186606,14.737867138],[-17.51180185,14.737835139],[-17.511800713,14.737834574],[-17.512038945,14.737607254],[-17.512140268,14.737510573],[-17.512285232,14.737358575],[-17.512431361,14.737221383],[-17.512534031,14.737124992],[-17.512872322,14.73680739],[-17.512874554,14.736805294],[-17.512932592,14.736767061],[-17.512943946,14.736759582],[-17.512965458,14.73682888],[-17.513183603,14.737095637],[-17.513407037,14.737281657],[-17.513451655,14.737318804],[-17.513477523,14.737333643],[-17.513780103,14.737031539],[-17.513850332,14.736961421],[-17.513941274,14.736881795],[-17.513983836,14.736909536],[-17.514041045,14.736825356],[-17.514053877,14.736806474],[-17.514070146,14.736811555],[-17.514118091,14.736794781],[-17.514246757,14.736573013],[-17.51426156,14.736547499],[-17.514262925,14.736545148],[-17.514263434,14.736544249],[-17.514295963,14.736555419],[-17.514307452,14.736559364],[-17.51433218,14.736567856],[-17.514585957,14.736655],[-17.514739878,14.736707854],[-17.514802117,14.736751438]]]]},"properties":{"region":"DAKAR","departement":"DAKAR","commune":"NGOR","syscolCommune":"01130132","numSection":"008","surfaceM2":188850.7634}},{"type":"Feature","geometry":{"type":"MultiPolygon","coordinates":[[[[-17.510293516,14.739774215],[-17.510269191,14.739669576],[-17.510241217,14.739590841],[-17.510085683,14.739202433],[-17.51000797,14.739025628],[-17.509323516,14.737468438],[-17.509086532,14.736906685],[-17.509323753,14.736858852],[-17.509442085,14.73688602],[-17.510292278,14.737202572],[-17.510866585,14.7374164],[-17.511787324,14.7378279],[-17.511794587,14.73783152],[-17.511800713,14.737834574],[-17.51180185,14.737835139],[-17.51186606,14.737867138],[-17.511869264,14.737868735],[-17.511871978,14.737870088],[-17.512596445,14.738231126],[-17.513515162,14.738749068],[-17.51439767,14.739268344],[-17.514410164,14.739275693],[-17.515316066,14.73980852],[-17.515457963,14.739895188],[-17.514207664,14.742091312],[-17.513689482,14.741841511],[-17.513329584,14.741479409],[-17.513052283,14.741156169],[-17.512658158,14.740817942],[-17.512280434,14.740541198],[-17.512044464,14.740310716],[-17.511907341,14.74013294],[-17.510293516,14.739774215]]]]},"properties":{"region":"DAKAR","departement":"DAKAR","commune":"NGOR","syscolCommune":"01130132","numSection":"009","surfaceM2":161877.3781}},{"type":"Feature","geometry":{"type":"MultiPolygon","coordinates":[[[[-17.507755524,14.740193731],[-17.507421964,14.740148588],[-17.507409753,14.740228563],[-17.507400031,14.740292238],[-17.507369346,14.740286515],[-17.507082054,14.740149405],[-17.506304311,14.739809124],[-17.506022141,14.739800395],[-17.505909597,14.739805179],[-17.505866558,14.739282851],[-17.505858528,14.739144779],[-17.505848057,14.738964755],[-17.505815624,14.738407105],[-17.505808601,14.738286363],[-17.505801469,14.738163742],[-17.505795624,14.738063257],[-17.505847081,14.738063595],[-17.505776789,14.737056325],[-17.50692223,14.737053333],[-17.506951717,14.737454514],[-17.507588059,14.737430308],[-17.507808181,14.737396771],[-17.508144582,14.737268519],[-17.508658312,14.73709681],[-17.509086532,14.736906685],[-17.509323516,14.737468438],[-17.51000797,14.739025628],[-17.510085683,14.739202433],[-17.510241217,14.739590841],[-17.510269191,14.739669576],[-17.510293516,14.739774215],[-17.510323388,14.739902706],[-17.510395867,14.740207028],[-17.510465808,14.740594667],[-17.510572736,14.741009098],[-17.51066266,14.741311532],[-17.510852107,14.741669686],[-17.509602758,14.742262437],[-17.508642378,14.741541749],[-17.508596152,14.741451423],[-17.508441621,14.741083096],[-17.508247327,14.740674087],[-17.508042009,14.740246076],[-17.507755524,14.740193731]]]]},"properties":{"region":"DAKAR","departement":"DAKAR","commune":"NGOR","syscolCommune":"01130132","numSection":"018","surfaceM2":186022.0991}},{"type":"Feature","geometry":{"type":"MultiPolygon","coordinates":[[[[-17.501442227,14.742246744],[-17.501381698,14.742230331],[-17.501380933,14.742229971],[-17.501546884,14.741831728],[-17.502003473,14.740736018],[-17.502110839,14.740478363],[-17.502257557,14.740126272],[-17.502278584,14.740075811],[-17.502409636,14.739761313],[-17.502426335,14.739721239],[-17.502452363,14.739658777],[-17.502499342,14.739546036],[-17.502502484,14.739538497],[-17.502503982,14.739534901],[-17.502505551,14.739531136],[-17.502525901,14.739482302],[-17.502527445,14.739478597],[-17.50253738,14.739454752],[-17.502540337,14.739447724],[-17.502543711,14.739439699],[-17.50256153,14.739397329],[-17.502561785,14.739396718],[-17.50256609,14.739386484],[-17.502571332,14.739374016],[-17.502572195,14.739371965],[-17.502782247,14.738872482],[-17.503253604,14.737751633],[-17.504093142,14.735755251],[-17.504216957,14.735460824],[-17.50427837,14.735314785],[-17.504316137,14.735334588],[-17.50437955,14.735494751],[-17.504429943,14.735622029],[-17.504450282,14.735673399],[-17.504480672,14.735750158],[-17.50465156,14.73618177],[-17.504679066,14.736251242],[-17.504794416,14.73654258],[-17.504905642,14.736823501],[-17.504933008,14.736892619],[-17.505025143,14.737017654],[-17.505795624,14.738063257],[-17.505801469,14.738163742],[-17.505808601,14.738286363],[-17.505815624,14.738407105],[-17.505848057,14.738964755],[-17.505858528,14.739144779],[-17.505866558,14.739282851],[-17.505909597,14.739805179],[-17.505906939,14.739877946],[-17.505908143,14.739899446],[-17.506110358,14.743512503],[-17.506054857,14.743497454],[-17.502129952,14.742433227],[-17.502119597,14.742430419],[-17.501580274,14.742284177],[-17.501442227,14.742246744]]]]},"properties":{"region":"DAKAR","departement":"DAKAR","commune":"NGOR","syscolCommune":"01130132","numSection":"022","surfaceM2":259196.933}},{"type":"Feature","geometry":{"type":"MultiPolygon","coordinates":[[[[-17.506110358,14.743512503],[-17.505908143,14.739899446],[-17.505906939,14.739877946],[-17.505909597,14.739805179],[-17.506022141,14.739800395],[-17.506304311,14.739809124],[-17.507082054,14.740149405],[-17.507369346,14.740286515],[-17.507400031,14.740292238],[-17.507409753,14.740228563],[-17.507421964,14.740148588],[-17.507755524,14.740193731],[-17.508042009,14.740246076],[-17.508247327,14.740674087],[-17.508441621,14.741083096],[-17.508596152,14.741451423],[-17.508642378,14.741541749],[-17.509602758,14.742262437],[-17.510852107,14.741669686],[-17.511269668,14.742459081],[-17.511406306,14.742678827],[-17.511500106,14.742829679],[-17.511535146,14.742915136],[-17.511549653,14.742979662],[-17.511640233,14.74335743],[-17.511622766,14.743623922],[-17.511570717,14.743857504],[-17.511450187,14.744085171],[-17.511315749,14.744293016],[-17.51108755,14.744538864],[-17.51082628,14.744832835],[-17.510825021,14.744832486],[-17.506110358,14.743512503]]]]},"properties":{"region":"DAKAR","departement":"DAKAR","commune":"NGOR","syscolCommune":"01130132","numSection":"017","surfaceM2":200102.2782}},{"type":"Feature","geometry":{"type":"MultiPolygon","coordinates":[[[[-17.514207664,14.742091312],[-17.514143772,14.742680665],[-17.514143513,14.742683058],[-17.514174253,14.743214542],[-17.514188527,14.743461344],[-17.51418639,14.74372949],[-17.51418129,14.744369281],[-17.513318181,14.744732279],[-17.513300051,14.744737765],[-17.512839519,14.744874076],[-17.512659469,14.744887923],[-17.512492039,14.744900799],[-17.512495298,14.745039988],[-17.51108755,14.744538864],[-17.511315749,14.744293016],[-17.511450187,14.744085171],[-17.511570717,14.743857504],[-17.511622766,14.743623922],[-17.511640233,14.74335743],[-17.511549653,14.742979662],[-17.511535146,14.742915136],[-17.511500106,14.742829679],[-17.511406306,14.742678827],[-17.511269668,14.742459081],[-17.510852107,14.741669686],[-17.51066266,14.741311532],[-17.510572736,14.741009098],[-17.510465808,14.740594667],[-17.510395867,14.740207028],[-17.510323388,14.739902706],[-17.510293516,14.739774215],[-17.511907341,14.74013294],[-17.512044464,14.740310716],[-17.512280434,14.740541198],[-17.512658158,14.740817942],[-17.513052283,14.741156169],[-17.513329584,14.741479409],[-17.513689482,14.741841511],[-17.514207664,14.742091312]]]]},"properties":{"region":"DAKAR","departement":"DAKAR","commune":"NGOR","syscolCommune":"01130132","numSection":"010","surfaceM2":144767.5199}},{"type":"Feature","geometry":{"type":"MultiPolygon","coordinates":[[[[-17.51418129,14.744369281],[-17.51418639,14.74372949],[-17.514188527,14.743461344],[-17.514174253,14.743214542],[-17.514143513,14.742683058],[-17.514143772,14.742680665],[-17.514207664,14.742091312],[-17.515457963,14.739895188],[-17.518800585,14.741878647],[-17.518610891,14.742170073],[-17.517801121,14.743294528],[-17.51783826,14.744346008],[-17.517339228,14.745452918],[-17.517252097,14.745368193],[-17.515621715,14.744529859],[-17.514395224,14.74440093],[-17.51418129,14.744369281]]]]},"properties":{"region":"DAKAR","departement":"DAKAR","commune":"NGOR","syscolCommune":"01130132","numSection":"007","surfaceM2":186594.7796}},{"type":"Feature","geometry":{"type":"MultiPolygon","coordinates":[[[[-17.519231205,14.740883613],[-17.519297601,14.740689961],[-17.519587955,14.740220261],[-17.519661991,14.740048711],[-17.519711753,14.739933405],[-17.519725656,14.739901192],[-17.519725339,14.73989572],[-17.519725294,14.739894941],[-17.519725232,14.739893855],[-17.519725151,14.739892925],[-17.519729033,14.739892575],[-17.519738978,14.739891679],[-17.51977985,14.739887995],[-17.519845055,14.739893912],[-17.519855226,14.739893917],[-17.519867806,14.739893922],[-17.520048931,14.739894007],[-17.520273877,14.740089937],[-17.520310473,14.740119226],[-17.520473601,14.740249787],[-17.520563847,14.740322016],[-17.520576164,14.740330417],[-17.520917958,14.740563566],[-17.520922057,14.740566363],[-17.52093327,14.740570144],[-17.520966828,14.740563806],[-17.521336938,14.740493902],[-17.521595804,14.740418899],[-17.521616812,14.740422002],[-17.522218804,14.740510934],[-17.522597001,14.740512794],[-17.522840872,14.740513995],[-17.523647842,14.74045993],[-17.52426881,14.740407983],[-17.524341454,14.740427979],[-17.524539647,14.740482535],[-17.5246008,14.74049937],[-17.524669748,14.740540183],[-17.524820151,14.740640311],[-17.524987913,14.740751996],[-17.525083636,14.740747434],[-17.52497964,14.7415422],[-17.524935753,14.741855254],[-17.525901801,14.74192888],[-17.526070042,14.742084758],[-17.525775469,14.743317735],[-17.524924432,14.745460389],[-17.524643842,14.745323283],[-17.523571313,14.744804964],[-17.523117975,14.744583451],[-17.522463877,14.744263838],[-17.522027175,14.744048099],[-17.5214161,14.743731541],[-17.521055474,14.743538424],[-17.520854786,14.743412056],[-17.520647945,14.743221477],[-17.520240101,14.742877136],[-17.519976722,14.742666098],[-17.519451784,14.742308278],[-17.518800585,14.741878647],[-17.519016689,14.741581995],[-17.519231205,14.740883613]]]]},"properties":{"region":"DAKAR","departement":"DAKAR","commune":"NGOR","syscolCommune":"01130132","numSection":"003","surfaceM2":274615.3831}},{"type":"Feature","geometry":{"type":"MultiPolygon","coordinates":[[[[-17.529925272,14.741202562],[-17.529302914,14.741651473],[-17.529167806,14.741773015],[-17.529161835,14.742116],[-17.529142976,14.742150612],[-17.529137583,14.742160511],[-17.529126844,14.742180219],[-17.529104915,14.742220465],[-17.529059103,14.742304542],[-17.528987171,14.742436553],[-17.528956247,14.742493308],[-17.528952068,14.742500978],[-17.528943856,14.742516049],[-17.528941123,14.742543719],[-17.528940348,14.742551563],[-17.528917703,14.742780763],[-17.528912095,14.742837522],[-17.528886043,14.743101208],[-17.528885761,14.743104056],[-17.528879699,14.743217495],[-17.528871567,14.743369644],[-17.528929556,14.743498454],[-17.529017917,14.74369473],[-17.529038852,14.743741233],[-17.529058878,14.743785718],[-17.529779756,14.743754972],[-17.530052006,14.743630835],[-17.53008885,14.743614036],[-17.530088785,14.743595032],[-17.530088035,14.743376835],[-17.530115009,14.743369517],[-17.530157512,14.743357987],[-17.530225757,14.743339474],[-17.530265735,14.743610919],[-17.530231503,14.74363567],[-17.529921689,14.743859677],[-17.529627654,14.743919661],[-17.528952785,14.743901018],[-17.528932436,14.743995761],[-17.528906814,14.74411506],[-17.528845819,14.744468042],[-17.528847034,14.744579699],[-17.528847111,14.744586719],[-17.528848867,14.744748054],[-17.528649774,14.745184031],[-17.528702636,14.745265047],[-17.528895761,14.745561027],[-17.528935497,14.745568181],[-17.529034829,14.745586064],[-17.529003768,14.745775247],[-17.528986192,14.745882292],[-17.528984959,14.745889802],[-17.528982793,14.745902994],[-17.52902347,14.745928286],[-17.529071405,14.745958091],[-17.529168389,14.746018393],[-17.5292258,14.746054089],[-17.529226125,14.746058473],[-17.529237791,14.746216113],[-17.529172844,14.746235072],[-17.529163851,14.746244114],[-17.529119974,14.746234185],[-17.529088835,14.746227138],[-17.529041621,14.746214745],[-17.52901933,14.746207565],[-17.528976646,14.746183533],[-17.528764724,14.746369361],[-17.528760281,14.746371939],[-17.528746775,14.746356991],[-17.528708835,14.746303023],[-17.528699808,14.746285054],[-17.528699776,14.746258135],[-17.52863293,14.746207278],[-17.528524304,14.746124632],[-17.52851489,14.74611747],[-17.528245584,14.745839933],[-17.528050149,14.745778148],[-17.527523807,14.745862935],[-17.526980045,14.745939478],[-17.526699915,14.745966778],[-17.526415018,14.745956193],[-17.526025625,14.745898278],[-17.525548744,14.745765448],[-17.52495181,14.745473766],[-17.524924432,14.745460389],[-17.525775469,14.743317735],[-17.526070042,14.742084758],[-17.525901801,14.74192888],[-17.524935753,14.741855254],[-17.52497964,14.7415422],[-17.525083636,14.740747434],[-17.525469883,14.740729027],[-17.526845796,14.740885004],[-17.528536175,14.740903661],[-17.529131023,14.740855784],[-17.529781685,14.740803413],[-17.529855603,14.741008892],[-17.529884324,14.741088732],[-17.529895115,14.74111873],[-17.529925272,14.741202562]]]]},"properties":{"region":"DAKAR","departement":"DAKAR","commune":"NGOR","syscolCommune":"01130132","numSection":"002","surfaceM2":223577.365}},{"type":"Feature","geometry":{"type":"MultiPolygon","coordinates":[[[[-17.514074292,14.748013999],[-17.512974148,14.746318547],[-17.512495298,14.745039988],[-17.512492039,14.744900799],[-17.512659469,14.744887923],[-17.512839519,14.744874076],[-17.513300051,14.744737765],[-17.513318181,14.744732279],[-17.51418129,14.744369281],[-17.514395224,14.74440093],[-17.515621715,14.744529859],[-17.517252097,14.745368193],[-17.517339228,14.745452918],[-17.517382089,14.745514977],[-17.517481536,14.745683978],[-17.517729185,14.74611102],[-17.517947921,14.746469169],[-17.518096924,14.746713138],[-17.518157469,14.746848967],[-17.518170061,14.746877215],[-17.518131547,14.746936303],[-17.518132909,14.747019606],[-17.518250449,14.747071165],[-17.518517693,14.747107945],[-17.518676537,14.747129806],[-17.518696422,14.747132542],[-17.518730136,14.747137182],[-17.518958327,14.74720023],[-17.518944444,14.747334893],[-17.518677237,14.747379316],[-17.518519993,14.747402612],[-17.518488396,14.747421374],[-17.518422306,14.747460616],[-17.514493703,14.747740876],[-17.514373574,14.747790678],[-17.514365783,14.747935728],[-17.514398669,14.747933459],[-17.514398815,14.747988909],[-17.51440835,14.748132377],[-17.514312846,14.748142976],[-17.514310644,14.748179331],[-17.514222137,14.748230303],[-17.514074292,14.748013999]]]]},"properties":{"region":"DAKAR","departement":"DAKAR","commune":"NGOR","syscolCommune":"01130132","numSection":"006","surfaceM2":169902.0272}},{"type":"Feature","geometry":{"type":"MultiPolygon","coordinates":[[[[-17.520034345,14.748065681],[-17.520072584,14.748056453],[-17.520076675,14.748055466],[-17.520081316,14.748054345],[-17.520165572,14.748034011],[-17.520007796,14.747944009],[-17.519926545,14.747855661],[-17.519903074,14.747607062],[-17.519882404,14.747563134],[-17.519716572,14.747609095],[-17.519581212,14.747565192],[-17.519482526,14.747531925],[-17.519404993,14.747477595],[-17.519308459,14.747409949],[-17.519247055,14.747307694],[-17.51914507,14.747267376],[-17.519087666,14.747286694],[-17.518944444,14.747334893],[-17.518958327,14.74720023],[-17.518730136,14.747137182],[-17.518696422,14.747132542],[-17.518676537,14.747129806],[-17.518517693,14.747107945],[-17.518250449,14.747071165],[-17.518132909,14.747019606],[-17.518131547,14.746936303],[-17.518170061,14.746877215],[-17.518157469,14.746848967],[-17.518096924,14.746713138],[-17.517947921,14.746469169],[-17.517729185,14.74611102],[-17.517481536,14.745683978],[-17.517382089,14.745514977],[-17.517339228,14.745452918],[-17.51783826,14.744346008],[-17.517801121,14.743294528],[-17.518610891,14.742170073],[-17.518800585,14.741878647],[-17.519451784,14.742308278],[-17.519976722,14.742666098],[-17.520240101,14.742877136],[-17.520647945,14.743221477],[-17.520854786,14.743412056],[-17.521055474,14.743538424],[-17.5214161,14.743731541],[-17.522027175,14.744048099],[-17.521917613,14.744144552],[-17.521736239,14.744497031],[-17.521532757,14.744860011],[-17.521399024,14.7451286],[-17.521245924,14.745924556],[-17.521141791,14.746458225],[-17.521113849,14.746448969],[-17.521078955,14.746737011],[-17.521074695,14.746772177],[-17.521061017,14.746885091],[-17.521031779,14.74706559],[-17.521046001,14.747231153],[-17.521064201,14.747333912],[-17.521085073,14.747509424],[-17.521113781,14.747784142],[-17.521132409,14.747923452],[-17.521154632,14.74808964],[-17.521211928,14.748177039],[-17.521237963,14.748216752],[-17.521131041,14.748211734],[-17.520643667,14.748188857],[-17.520529652,14.748165809],[-17.520293861,14.748118143],[-17.520060761,14.748071021],[-17.520034345,14.748065681]]]]},"properties":{"region":"DAKAR","departement":"DAKAR","commune":"NGOR","syscolCommune":"01130132","numSection":"004","surfaceM2":208977.5003}},{"type":"Feature","geometry":{"type":"MultiPolygon","coordinates":[[[[-17.504562572,14.747882503],[-17.504647779,14.747849729],[-17.504921298,14.747707655],[-17.505307143,14.747541576],[-17.505978808,14.747185877],[-17.506106755,14.747131352],[-17.506280495,14.74705107],[-17.506298974,14.747004457],[-17.506344507,14.746984661],[-17.506330494,14.746833433],[-17.50631865,14.746582128],[-17.506301296,14.746213888],[-17.506296971,14.746124551],[-17.506266294,14.745490849],[-17.506266124,14.745487327],[-17.506248512,14.745099676],[-17.50624511,14.745024809],[-17.506221871,14.744442524],[-17.506221691,14.744438027],[-17.506196715,14.744029423],[-17.506178979,14.743739274],[-17.506110358,14.743512503],[-17.510825021,14.744832486],[-17.51082628,14.744832835],[-17.510163965,14.745571372],[-17.508363266,14.747579274],[-17.508096929,14.747801789],[-17.507419607,14.748367671],[-17.507158967,14.748533853],[-17.50713224,14.748550895],[-17.507001591,14.74852767],[-17.506871486,14.748491077],[-17.506552111,14.748401044],[-17.505967561,14.748250048],[-17.505896242,14.748231626],[-17.505117672,14.748030511],[-17.505075908,14.748019723],[-17.504706007,14.747924172],[-17.504562572,14.747882503]]]]},"properties":{"region":"DAKAR","departement":"DAKAR","commune":"NGOR","syscolCommune":"01130132","numSection":"016","surfaceM2":173872.6956}},{"type":"Feature","geometry":{"type":"MultiPolygon","coordinates":[[[[-17.503101494,14.748509739],[-17.501915245,14.745440221],[-17.500253343,14.744947261],[-17.501126925,14.742843794],[-17.501259085,14.74252557],[-17.50128388,14.742465865],[-17.5012841,14.742465335],[-17.501286235,14.742460195],[-17.501285232,14.742459629],[-17.501380933,14.742229971],[-17.501381698,14.742230331],[-17.501442227,14.742246744],[-17.501580274,14.742284177],[-17.502119597,14.742430419],[-17.502129952,14.742433227],[-17.506054857,14.743497454],[-17.506110358,14.743512503],[-17.506178979,14.743739274],[-17.506196715,14.744029423],[-17.506221691,14.744438027],[-17.506221871,14.744442524],[-17.50624511,14.745024809],[-17.506248512,14.745099676],[-17.506266124,14.745487327],[-17.506266294,14.745490849],[-17.506296971,14.746124551],[-17.506301296,14.746213888],[-17.50631865,14.746582128],[-17.506330494,14.746833433],[-17.506344507,14.746984661],[-17.506298974,14.747004457],[-17.506280495,14.74705107],[-17.506106755,14.747131352],[-17.505978808,14.747185877],[-17.505307143,14.747541576],[-17.504921298,14.747707655],[-17.504647779,14.747849729],[-17.504562572,14.747882503],[-17.504551315,14.747888251],[-17.504478352,14.747925503],[-17.504198162,14.748052192],[-17.503879082,14.748194841],[-17.503727675,14.748262529],[-17.50333167,14.748456761],[-17.503119253,14.748553396],[-17.503101494,14.748509739]]]]},"properties":{"region":"DAKAR","departement":"DAKAR","commune":"NGOR","syscolCommune":"01130132","numSection":"023","surfaceM2":280195.1219}},{"type":"Feature","geometry":{"type":"MultiPolygon","coordinates":[[[[-17.508082006,14.749032026],[-17.508081884,14.749028666],[-17.508075573,14.748854976],[-17.508101998,14.747945123],[-17.508096929,14.747801789],[-17.508363266,14.747579274],[-17.510163965,14.745571372],[-17.51082628,14.744832835],[-17.51108755,14.744538864],[-17.512495298,14.745039988],[-17.512974148,14.746318547],[-17.514074292,14.748013999],[-17.514222137,14.748230303],[-17.514378854,14.748459586],[-17.514058008,14.748601739],[-17.513846122,14.748436187],[-17.513499763,14.748315886],[-17.512843097,14.748199667],[-17.512702529,14.748327655],[-17.512597006,14.748349389],[-17.511805931,14.748410924],[-17.511397002,14.74843162],[-17.511417696,14.748798494],[-17.511418856,14.748822564],[-17.511423425,14.748917367],[-17.511462626,14.749074959],[-17.511510716,14.749070612],[-17.511499802,14.749360901],[-17.511509928,14.749608811],[-17.511683355,14.749629535],[-17.511868349,14.749651641],[-17.511846781,14.749847184],[-17.511833378,14.749968709],[-17.511829485,14.750004002],[-17.511827611,14.750020995],[-17.511827586,14.750021218],[-17.511824764,14.750046796],[-17.511826421,14.750046834],[-17.511824766,14.750046853],[-17.511771341,14.750047452],[-17.511726801,14.750047951],[-17.511599545,14.75007074],[-17.511397579,14.750098705],[-17.511300679,14.750118935],[-17.511180846,14.750143952],[-17.51107775,14.750162987],[-17.510947669,14.750187005],[-17.510909429,14.750195363],[-17.510525353,14.750309681],[-17.510473226,14.750325197],[-17.510465378,14.750328115],[-17.51028191,14.750405876],[-17.51026821,14.750411683],[-17.510247374,14.750373589],[-17.510227651,14.750327119],[-17.510203617,14.750270489],[-17.510103409,14.750099483],[-17.51002891,14.750028585],[-17.509918636,14.749956171],[-17.509918697,14.749954788],[-17.50991871,14.74995448],[-17.509918772,14.749953097],[-17.509893331,14.749914306],[-17.509805421,14.749780267],[-17.509780231,14.749741861],[-17.50966688,14.749569031],[-17.509506946,14.749454041],[-17.509471405,14.749428488],[-17.509311471,14.749313498],[-17.508758212,14.749186837],[-17.508635266,14.74915869],[-17.508082006,14.749032026]]]]},"properties":{"region":"DAKAR","departement":"DAKAR","commune":"NGOR","syscolCommune":"01130132","numSection":"011","surfaceM2":225921.7205}},{"type":"Feature","geometry":{"type":"MultiPolygon","coordinates":[[[[-17.497858476,14.750742452],[-17.497862802,14.750731962],[-17.499136468,14.747643265],[-17.499996406,14.745567483],[-17.500253343,14.744947261],[-17.501915245,14.745440221],[-17.503101494,14.748509739],[-17.501296688,14.749320329],[-17.500136352,14.749841323],[-17.499895227,14.749949587],[-17.499889431,14.74995219],[-17.499362038,14.750173739],[-17.499091977,14.750287187],[-17.499018046,14.750351726],[-17.498641446,14.750525345],[-17.498570028,14.750557841],[-17.498371683,14.750648091],[-17.49816636,14.750754215],[-17.4977765,14.750955722],[-17.497769145,14.750959082],[-17.497783588,14.750924057],[-17.497858476,14.750742452]]]]},"properties":{"region":"DAKAR","departement":"DAKAR","commune":"NGOR","syscolCommune":"01130132","numSection":"024","surfaceM2":180861.7133}},{"type":"Feature","geometry":{"type":"MultiPolygon","coordinates":[[[[-17.527528981,14.749844731],[-17.527423782,14.749967062],[-17.527424448,14.749968186],[-17.527471783,14.750048111],[-17.527453699,14.750138014],[-17.527408777,14.750211046],[-17.527400293,14.750227779],[-17.527371745,14.750284082],[-17.527332273,14.750314541],[-17.52730777,14.750339074],[-17.527233758,14.750385052],[-17.527178777,14.750439133],[-17.527123735,14.750512095],[-17.526995692,14.750622081],[-17.526921691,14.750677092],[-17.526877761,14.750695281],[-17.526850706,14.750706482],[-17.526786422,14.750733097],[-17.526764814,14.750742044],[-17.526726233,14.750753592],[-17.526722253,14.750754783],[-17.526588771,14.75077107],[-17.526504749,14.750754102],[-17.526384214,14.750764393],[-17.526309745,14.750765087],[-17.526211632,14.750793779],[-17.526069818,14.750849103],[-17.525976731,14.750859064],[-17.525941815,14.750855724],[-17.525848353,14.750846784],[-17.525792072,14.750834371],[-17.525790781,14.750834086],[-17.525725788,14.75081709],[-17.525678174,14.75078279],[-17.525657481,14.750767883],[-17.525576788,14.75072802],[-17.525584705,14.750674002],[-17.525575783,14.750665066],[-17.525471208,14.750628422],[-17.525062718,14.750481054],[-17.524988792,14.750454038],[-17.524472536,14.750206923],[-17.524450064,14.750196166],[-17.524425309,14.750184317],[-17.524355547,14.750150923],[-17.52413878,14.7500391],[-17.523998797,14.749959054],[-17.523942048,14.749932837],[-17.523918742,14.749913906],[-17.523886859,14.749888007],[-17.523857749,14.749843066],[-17.52384782,14.749770994],[-17.523846794,14.749690063],[-17.523863732,14.749581022],[-17.523872753,14.749518048],[-17.523862858,14.749473078],[-17.523834823,14.749473023],[-17.523770721,14.749546837],[-17.523718389,14.749591241],[-17.523706801,14.749601074],[-17.523669673,14.749630539],[-17.523614812,14.749674077],[-17.52356879,14.749684065],[-17.523558813,14.749648039],[-17.52358582,14.749575023],[-17.523640803,14.749521033],[-17.523712757,14.749466836],[-17.523757538,14.749428671],[-17.523787867,14.749401988],[-17.52385792,14.749335928],[-17.523869198,14.749325292],[-17.523934541,14.749237293],[-17.523943799,14.749222019],[-17.523966561,14.749184468],[-17.523975125,14.749170341],[-17.523988771,14.749146037],[-17.524025816,14.749074085],[-17.52398776,14.74900205],[-17.523976244,14.748991588],[-17.523790753,14.748823075],[-17.523486401,14.748703734],[-17.523290683,14.74862699],[-17.522400836,14.748278066],[-17.522373773,14.748306004],[-17.522318746,14.74852258],[-17.522311789,14.74854996],[-17.522296373,14.748641463],[-17.522293024,14.748661339],[-17.522275794,14.74871305],[-17.52223278,14.748976041],[-17.522196779,14.749058008],[-17.522197794,14.749129996],[-17.522199243,14.749132328],[-17.522214322,14.749156589],[-17.522272507,14.749218442],[-17.522272283,14.749218578],[-17.522291859,14.749237104],[-17.522301877,14.749308993],[-17.522273794,14.749337033],[-17.522199808,14.749328988],[-17.522134795,14.749302054],[-17.52206881,14.749231046],[-17.522058823,14.749186077],[-17.522120784,14.748932004],[-17.52215569,14.748735187],[-17.5221818,14.748587965],[-17.52220509,14.748490419],[-17.522236895,14.748357203],[-17.52227882,14.748162049],[-17.522164099,14.748112016],[-17.522138778,14.748100973],[-17.522083856,14.748128041],[-17.522026114,14.748128969],[-17.521972761,14.748129976],[-17.521906748,14.74812103],[-17.521813782,14.748076966],[-17.521722322,14.748099169],[-17.521237963,14.748216752],[-17.521211928,14.748177039],[-17.521154632,14.74808964],[-17.521132409,14.747923452],[-17.521113781,14.747784142],[-17.521085073,14.747509424],[-17.521064201,14.747333912],[-17.521046001,14.747231153],[-17.521031779,14.74706559],[-17.521061017,14.746885091],[-17.521074695,14.746772177],[-17.521078955,14.746737011],[-17.521113849,14.746448969],[-17.521141791,14.746458225],[-17.521245924,14.745924556],[-17.521399024,14.7451286],[-17.521532757,14.744860011],[-17.521736239,14.744497031],[-17.521917613,14.744144552],[-17.522027175,14.744048099],[-17.522463877,14.744263838],[-17.523117975,14.744583451],[-17.523571313,14.744804964],[-17.524643842,14.745323283],[-17.524924432,14.745460389],[-17.52495181,14.745473766],[-17.525548744,14.745765448],[-17.526025625,14.745898278],[-17.526415018,14.745956193],[-17.526699915,14.745966778],[-17.526980045,14.745939478],[-17.527523807,14.745862935],[-17.528050149,14.745778148],[-17.528245584,14.745839933],[-17.52851489,14.74611747],[-17.528524304,14.746124632],[-17.52863293,14.746207278],[-17.528699776,14.746258135],[-17.528699808,14.746285054],[-17.528708835,14.746303023],[-17.528746775,14.746356991],[-17.528760281,14.746371939],[-17.528764724,14.746369361],[-17.528803758,14.746420055],[-17.528859753,14.746510051],[-17.528879789,14.746573068],[-17.528889741,14.746663115],[-17.52888931,14.746664404],[-17.528862734,14.746743991],[-17.528845701,14.746773696],[-17.528802567,14.746848919],[-17.528743872,14.746951281],[-17.528726786,14.746981078],[-17.528661791,14.747036082],[-17.528595552,14.747040565],[-17.528513751,14.747046102],[-17.528476828,14.747056082],[-17.528403789,14.747138004],[-17.528376806,14.747237037],[-17.528404803,14.74728208],[-17.528407711,14.747283948],[-17.528460824,14.747318054],[-17.528498776,14.747381056],[-17.528471771,14.747462112],[-17.528454249,14.747499665],[-17.528244593,14.747949005],[-17.528154035,14.748143091],[-17.52813678,14.748180073],[-17.528156757,14.748270101],[-17.528176248,14.748291661],[-17.5282128,14.748332092],[-17.528219049,14.748333839],[-17.528304178,14.748357648],[-17.528305744,14.748358086],[-17.528312822,14.748364077],[-17.528324333,14.748373821],[-17.528384001,14.748424327],[-17.528390772,14.748430058],[-17.528395998,14.748433399],[-17.528412996,14.748444269],[-17.528418828,14.748447999],[-17.528421896,14.748452056],[-17.528430333,14.748463214],[-17.528437087,14.748472147],[-17.528465775,14.748510089],[-17.528474233,14.748544037],[-17.52847473,14.748546035],[-17.528449831,14.74874514],[-17.528496836,14.748772088],[-17.528533794,14.748781079],[-17.528561148,14.748780378],[-17.528570729,14.748780133],[-17.528579744,14.748789068],[-17.528589792,14.748807116],[-17.528590832,14.74889708],[-17.528572831,14.748970089],[-17.528454131,14.74901551],[-17.528447525,14.749022803],[-17.528388745,14.749098641],[-17.52832479,14.749171092],[-17.528287796,14.74919914],[-17.528222815,14.749199128],[-17.528194758,14.749173057],[-17.528129744,14.749146125],[-17.527771743,14.749562432],[-17.527528981,14.749844731]]]]},"properties":{"region":"DAKAR","departement":"DAKAR","commune":"NGOR","syscolCommune":"01130132","numSection":"001","surfaceM2":377640.5302}},{"type":"Feature","geometry":{"type":"MultiPolygon","coordinates":[[[[-17.520072584,14.748056453],[-17.520034345,14.748065681],[-17.519966826,14.748052032],[-17.519944784,14.748061725],[-17.519906281,14.748078657],[-17.519882776,14.748088993],[-17.519875384,14.748098992],[-17.519870838,14.748105142],[-17.519828846,14.748161941],[-17.519828776,14.748180009],[-17.519801838,14.748234957],[-17.519803512,14.748250114],[-17.519804763,14.748261441],[-17.519811786,14.748325006],[-17.519849829,14.748388008],[-17.519859827,14.748442012],[-17.519850897,14.748504984],[-17.519813654,14.748534656],[-17.519776645,14.748564141],[-17.519712825,14.748614985],[-17.51957475,14.74867654],[-17.519463751,14.748735049],[-17.519431344,14.74876005],[-17.519380847,14.748799008],[-17.519343791,14.748854066],[-17.519271867,14.749017007],[-17.519262858,14.749054704],[-17.519245829,14.749125967],[-17.51921787,14.749189056],[-17.519218824,14.749280016],[-17.51918281,14.74936099],[-17.519127755,14.749425007],[-17.519054773,14.749480005],[-17.518925848,14.749554042],[-17.518906849,14.749580989],[-17.518898464,14.749619202],[-17.518884055,14.749684866],[-17.518868333,14.749756518],[-17.518853878,14.74982602],[-17.518789307,14.749938602],[-17.518726816,14.750062012],[-17.518708077,14.750085346],[-17.51861681,14.750198988],[-17.518565782,14.750285389],[-17.518525844,14.750353012],[-17.518479768,14.750406678],[-17.518470882,14.750417028],[-17.518453826,14.750508003],[-17.518444844,14.750526078],[-17.51842644,14.750541432],[-17.518389767,14.750572028],[-17.518333801,14.750581039],[-17.518267723,14.75056899],[-17.518208807,14.750566252],[-17.518175866,14.75056472],[-17.518114378,14.750556243],[-17.518054834,14.750548034],[-17.517948948,14.750500155],[-17.51789574,14.750469006],[-17.517786123,14.750401708],[-17.517569754,14.750318983],[-17.517438848,14.750220947],[-17.517169808,14.750259923],[-17.516993826,14.750342963],[-17.516883787,14.750453019],[-17.516859962,14.750513081],[-17.516829838,14.750589022],[-17.516849831,14.750696939],[-17.516971804,14.750777005],[-17.516989846,14.750804],[-17.51699013,14.750819466],[-17.516990954,14.75086428],[-17.516991831,14.750912023],[-17.517010843,14.750975052],[-17.517001755,14.751099696],[-17.516996944,14.751165693],[-17.516986359,14.751207938],[-17.516978573,14.751239016],[-17.516976827,14.751245984],[-17.516936912,14.751258431],[-17.516900756,14.751269706],[-17.516883772,14.751275003],[-17.516846825,14.751275044],[-17.516763795,14.751311993],[-17.51673149,14.751345205],[-17.516727738,14.751349063],[-17.516680797,14.751376043],[-17.516593079,14.751358568],[-17.516477921,14.751310658],[-17.516466757,14.751306013],[-17.51641796,14.751281759],[-17.516373198,14.751259511],[-17.516307756,14.751226983],[-17.516286563,14.751171597],[-17.516269855,14.751127933],[-17.516268811,14.751037065],[-17.516295832,14.750965042],[-17.516350795,14.750901027],[-17.516359849,14.750864974],[-17.516329269,14.750827471],[-17.516307818,14.750801165],[-17.516293843,14.750784027],[-17.516238737,14.750784734],[-17.516061799,14.750787005],[-17.516012141,14.750793368],[-17.515913857,14.750805961],[-17.515876769,14.750834008],[-17.515858894,14.750869976],[-17.515877846,14.750960018],[-17.515850847,14.751042067],[-17.515879823,14.751131999],[-17.515880816,14.751186011],[-17.515871771,14.751231007],[-17.515853805,14.751259027],[-17.515810798,14.751243531],[-17.515742188,14.751188306],[-17.515716591,14.75116447],[-17.515712874,14.751161009],[-17.515647859,14.751133983],[-17.51554585,14.751126963],[-17.515471781,14.75113599],[-17.51538875,14.751172938],[-17.515323843,14.751227938],[-17.515240823,14.751274011],[-17.515100876,14.751312379],[-17.514981768,14.751350004],[-17.514870855,14.751359974],[-17.514796881,14.75136105],[-17.514611778,14.75142603],[-17.514537823,14.751444992],[-17.514444817,14.751446005],[-17.514369849,14.751401019],[-17.514359873,14.751364992],[-17.514387794,14.751346982],[-17.514452837,14.751328026],[-17.514498892,14.751337011],[-17.514580862,14.751331383],[-17.514628824,14.751326021],[-17.514766828,14.751234],[-17.514856514,14.751141703],[-17.51489588,14.751097992],[-17.514903789,14.751043071],[-17.51488487,14.750980041],[-17.514800826,14.750945001],[-17.514713886,14.750865973],[-17.514603821,14.750765927],[-17.514345591,14.750630612],[-17.514337945,14.750626605],[-17.514253655,14.750595742],[-17.514001355,14.750515046],[-17.513941882,14.750503018],[-17.513870578,14.75048284],[-17.513713218,14.750438307],[-17.513227082,14.75030922],[-17.5129739,14.75024199],[-17.512837463,14.750222737],[-17.512592212,14.750159396],[-17.512499776,14.750137533],[-17.512313662,14.750093512],[-17.512274542,14.750086423],[-17.512094972,14.75005388],[-17.512083042,14.750052791],[-17.511826421,14.750046834],[-17.511824764,14.750046796],[-17.511827586,14.750021218],[-17.511827611,14.750020995],[-17.511829485,14.750004002],[-17.511833378,14.749968709],[-17.511846781,14.749847184],[-17.511868349,14.749651641],[-17.511683355,14.749629535],[-17.511509928,14.749608811],[-17.511499802,14.749360901],[-17.511510716,14.749070612],[-17.511462626,14.749074959],[-17.511423425,14.748917367],[-17.511418856,14.748822564],[-17.511417696,14.748798494],[-17.511397002,14.74843162],[-17.511805931,14.748410924],[-17.512597006,14.748349389],[-17.512702529,14.748327655],[-17.512843097,14.748199667],[-17.513499763,14.748315886],[-17.513846122,14.748436187],[-17.514058008,14.748601739],[-17.514378854,14.748459586],[-17.514222137,14.748230303],[-17.514310644,14.748179331],[-17.514312846,14.748142976],[-17.51440835,14.748132377],[-17.514398815,14.747988909],[-17.514398669,14.747933459],[-17.514365783,14.747935728],[-17.514373574,14.747790678],[-17.514493703,14.747740876],[-17.518422306,14.747460616],[-17.518488396,14.747421374],[-17.518519993,14.747402612],[-17.518677237,14.747379316],[-17.518944444,14.747334893],[-17.519087666,14.747286694],[-17.51914507,14.747267376],[-17.519247055,14.747307694],[-17.519308459,14.747409949],[-17.519404993,14.747477595],[-17.519482526,14.747531925],[-17.519581212,14.747565192],[-17.519716572,14.747609095],[-17.519882404,14.747563134],[-17.519903074,14.747607062],[-17.519926545,14.747855661],[-17.520007796,14.747944009],[-17.520165572,14.748034011],[-17.520081316,14.748054345],[-17.520076675,14.748055466],[-17.520072584,14.748056453]]]]},"properties":{"region":"DAKAR","departement":"DAKAR","commune":"NGOR","syscolCommune":"01130132","numSection":"005","surfaceM2":255027.3282}},{"type":"Feature","geometry":{"type":"MultiPolygon","coordinates":[[[[-17.503025837,14.751559387],[-17.501608369,14.751463084],[-17.501224224,14.751655926],[-17.501223954,14.751656062],[-17.501052032,14.751369977],[-17.501142897,14.750984053],[-17.501184222,14.750172396],[-17.501136852,14.749817055],[-17.501296688,14.749320329],[-17.503101494,14.748509739],[-17.503119253,14.748553396],[-17.50333167,14.748456761],[-17.503727675,14.748262529],[-17.503879082,14.748194841],[-17.504198162,14.748052192],[-17.504478352,14.747925503],[-17.504551315,14.747888251],[-17.504562572,14.747882503],[-17.504706007,14.747924172],[-17.505075908,14.748019723],[-17.505117672,14.748030511],[-17.505896242,14.748231626],[-17.505967561,14.748250048],[-17.506552111,14.748401044],[-17.506871486,14.748491077],[-17.507001591,14.74852767],[-17.50713224,14.748550895],[-17.507158967,14.748533853],[-17.507419607,14.748367671],[-17.508096929,14.747801789],[-17.508101998,14.747945123],[-17.508075573,14.748854976],[-17.508081884,14.749028666],[-17.508082006,14.749032026],[-17.508081963,14.749032017],[-17.508081922,14.749032008],[-17.508092296,14.749317529],[-17.508094599,14.74938098],[-17.508104973,14.749666501],[-17.508083692,14.749782629],[-17.508078961,14.749808435],[-17.50805768,14.749924563],[-17.508012034,14.750150982],[-17.50800189,14.750201299],[-17.507956244,14.750427718],[-17.507873512,14.75057532],[-17.507855129,14.750608121],[-17.507772397,14.750755722],[-17.507680051,14.750853549],[-17.50765953,14.750875289],[-17.507567183,14.750973116],[-17.507454271,14.751118111],[-17.50742918,14.751150332],[-17.507316268,14.751295327],[-17.507124972,14.751441173],[-17.507082462,14.751473583],[-17.506891168,14.75161943],[-17.506867822,14.751687166],[-17.506862635,14.751702219],[-17.506839291,14.751769956],[-17.506788343,14.751796915],[-17.506777021,14.751802906],[-17.506726073,14.751829867],[-17.506521072,14.75183209],[-17.506475516,14.751832585],[-17.506270515,14.751834808],[-17.505714242,14.751821281],[-17.505331706,14.751766746],[-17.504825265,14.751775171],[-17.504712723,14.751777043],[-17.504206283,14.751785466],[-17.503976829,14.751758611],[-17.503925838,14.751752643],[-17.503696385,14.751725789],[-17.503475671,14.751672432],[-17.503426623,14.751660574],[-17.503205911,14.751607219],[-17.503124878,14.751585695],[-17.503106869,14.75158091],[-17.503025837,14.751559387]]]]},"properties":{"region":"DAKAR","departement":"DAKAR","commune":"NGOR","syscolCommune":"01130132","numSection":"015","surfaceM2":260978.767}},{"type":"Feature","geometry":{"type":"MultiPolygon","coordinates":[[[[-17.496824401,14.7513758],[-17.496886958,14.751348207],[-17.496924428,14.751331679],[-17.497013282,14.751292487],[-17.497755674,14.750965023],[-17.497769145,14.750959082],[-17.4977765,14.750955722],[-17.49816636,14.750754215],[-17.498371683,14.750648091],[-17.498570028,14.750557841],[-17.498641446,14.750525345],[-17.499018046,14.750351726],[-17.499091977,14.750287187],[-17.499362038,14.750173739],[-17.499889431,14.74995219],[-17.499895227,14.749949587],[-17.500136352,14.749841323],[-17.501296688,14.749320329],[-17.501136852,14.749817055],[-17.501184222,14.750172396],[-17.501142897,14.750984053],[-17.501052032,14.751369977],[-17.501223954,14.751656062],[-17.500574015,14.75198471],[-17.500376745,14.752084461],[-17.500157633,14.752195256],[-17.499338518,14.752609445],[-17.498211376,14.753174269],[-17.497932172,14.753282459],[-17.497554723,14.753428718],[-17.497524088,14.753440588],[-17.497471857,14.753460825],[-17.497463149,14.753441358],[-17.497446647,14.753404469],[-17.497276508,14.753024127],[-17.497227511,14.752914594],[-17.497186111,14.752822045],[-17.497117084,14.752667736],[-17.497032932,14.752373795],[-17.496993267,14.752235245],[-17.496976262,14.752148698],[-17.496972283,14.752128448],[-17.496952129,14.752025875],[-17.496925171,14.751888668],[-17.496908808,14.751805395],[-17.496893911,14.751729574],[-17.496890266,14.751711024],[-17.496855709,14.751535147],[-17.496832425,14.751416642],[-17.496824401,14.7513758]]]]},"properties":{"region":"DAKAR","departement":"DAKAR","commune":"NGOR","syscolCommune":"01130132","numSection":"014","surfaceM2":116146.1828}},{"type":"Feature","geometry":{"type":"MultiPolygon","coordinates":[[[[-17.502828827,14.754426902],[-17.50283695,14.754410269],[-17.502838755,14.754406573],[-17.502844385,14.754395045],[-17.502846878,14.754389939],[-17.502846424,14.754357544],[-17.502846323,14.754350345],[-17.502845869,14.75431795],[-17.502845433,14.754301734],[-17.502845336,14.754298131],[-17.5028449,14.754281915],[-17.50284082,14.754257609],[-17.502839914,14.754252207],[-17.502835834,14.754227901],[-17.502826858,14.754195517],[-17.502824863,14.75418832],[-17.502815887,14.754155936],[-17.502806878,14.754098795],[-17.502804876,14.754086097],[-17.502795868,14.754028956],[-17.502795896,14.754016801],[-17.502795902,14.7540141],[-17.50279593,14.754001944],[-17.502799496,14.753941171],[-17.502800288,14.753927666],[-17.502803854,14.753866893],[-17.502807893,14.753854734],[-17.50280879,14.753852033],[-17.502812828,14.753839874],[-17.502828602,14.75379088],[-17.502832107,14.753779992],[-17.502847881,14.753730998],[-17.502856431,14.75372245],[-17.502858331,14.75372055],[-17.50286688,14.753712002],[-17.502891625,14.753687667],[-17.502897124,14.75368226],[-17.502921869,14.753657926],[-17.50295067,14.753641271],[-17.502957071,14.75363757],[-17.502985872,14.753620916],[-17.503002489,14.753616427],[-17.503006182,14.753615429],[-17.503022799,14.75361094],[-17.503039462,14.753606898],[-17.503043165,14.753605999],[-17.503059829,14.753601957],[-17.503093587,14.7536096],[-17.503101089,14.753611298],[-17.503134847,14.753618941],[-17.503164127,14.753614884],[-17.503170634,14.753613982],[-17.503199913,14.753609925],[-17.503203905,14.75359732],[-17.503204792,14.753594519],[-17.503208784,14.753581914],[-17.503226528,14.753574476],[-17.503230471,14.753572822],[-17.503248215,14.753565384],[-17.503295915,14.753367043],[-17.503306515,14.753322967],[-17.503354214,14.753124626],[-17.503417152,14.752832061],[-17.503431139,14.752767047],[-17.503459945,14.752633142],[-17.503474425,14.752565831],[-17.503480495,14.752507867],[-17.503094951,14.752396955],[-17.503089259,14.752309708],[-17.503085494,14.752265165],[-17.503060719,14.751972064],[-17.503054377,14.751897031],[-17.503025837,14.751559387],[-17.503106869,14.75158091],[-17.503124878,14.751585695],[-17.503205911,14.751607219],[-17.503426623,14.751660574],[-17.503475671,14.751672432],[-17.503696385,14.751725789],[-17.503925838,14.751752643],[-17.503976829,14.751758611],[-17.504206283,14.751785466],[-17.504712723,14.751777043],[-17.504825265,14.751775171],[-17.505331706,14.751766746],[-17.505714242,14.751821281],[-17.506270515,14.751834808],[-17.506475516,14.751832585],[-17.506521072,14.75183209],[-17.506726073,14.751829867],[-17.506777021,14.751802906],[-17.506788343,14.751796915],[-17.506839291,14.751769956],[-17.506862635,14.751702219],[-17.506867822,14.751687166],[-17.506891168,14.75161943],[-17.507082462,14.751473583],[-17.507124972,14.751441173],[-17.507316268,14.751295327],[-17.50742918,14.751150332],[-17.507454271,14.751118111],[-17.507567183,14.750973116],[-17.50765953,14.750875289],[-17.507680051,14.750853549],[-17.507772397,14.750755722],[-17.507855129,14.750608121],[-17.507873512,14.75057532],[-17.507956244,14.750427718],[-17.50800189,14.750201299],[-17.508012034,14.750150982],[-17.50805768,14.749924563],[-17.508078961,14.749808435],[-17.508083692,14.749782629],[-17.508104973,14.749666501],[-17.508094599,14.74938098],[-17.508092296,14.749317529],[-17.508081922,14.749032008],[-17.508081963,14.749032017],[-17.508082006,14.749032026],[-17.508635266,14.74915869],[-17.508758212,14.749186837],[-17.509311471,14.749313498],[-17.509471405,14.749428488],[-17.509506946,14.749454041],[-17.50966688,14.749569031],[-17.509780231,14.749741861],[-17.509805421,14.749780267],[-17.509893331,14.749914306],[-17.509918772,14.749953097],[-17.50991871,14.74995448],[-17.509918697,14.749954788],[-17.509918636,14.749956171],[-17.51002891,14.750028585],[-17.510103409,14.750099483],[-17.510203617,14.750270489],[-17.510227651,14.750327119],[-17.510247374,14.750373589],[-17.51026821,14.750411683],[-17.510236908,14.75042495],[-17.510218703,14.750443273],[-17.510113964,14.750548686],[-17.5100998,14.750562941],[-17.510078882,14.750581141],[-17.510050357,14.75060596],[-17.51005042,14.750606094],[-17.51004947,14.750606732],[-17.510047492,14.750608453],[-17.510047374,14.750608139],[-17.510025424,14.750622879],[-17.509892954,14.750711835],[-17.509878912,14.750721265],[-17.509866646,14.750740023],[-17.50982126,14.750809436],[-17.509775932,14.750878759],[-17.509693293,14.751005145],[-17.509640888,14.751085293],[-17.509629121,14.751110407],[-17.509514598,14.751354817],[-17.509506198,14.751372743],[-17.509504291,14.751388224],[-17.509498438,14.751435741],[-17.509507909,14.751575286],[-17.509620875,14.751736306],[-17.50968249,14.751775336],[-17.509860478,14.751801263],[-17.509964858,14.75179635],[-17.50996489,14.751823361],[-17.509751882,14.75184329],[-17.509753823,14.751988261],[-17.509788321,14.75223781],[-17.509799433,14.752318195],[-17.509818819,14.75245843],[-17.509820318,14.752569648],[-17.509820496,14.752582849],[-17.50981898,14.752589368],[-17.509810531,14.752625684],[-17.509799767,14.752671949],[-17.50976222,14.752698957],[-17.509669904,14.752765359],[-17.50941464,14.752800373],[-17.509267099,14.752799919],[-17.509150734,14.75279956],[-17.509104976,14.752799419],[-17.50908489,14.752799357],[-17.509064262,14.752808559],[-17.509012646,14.752831582],[-17.509001857,14.752836394],[-17.508975272,14.752885563],[-17.50894786,14.752936261],[-17.508844182,14.753034031],[-17.508840282,14.753043081],[-17.508821654,14.753086312],[-17.508790951,14.753157564],[-17.508778235,14.753173457],[-17.508757006,14.75319999],[-17.508731714,14.753231602],[-17.508727944,14.753236314],[-17.508423817,14.75343827],[-17.508392355,14.753492838],[-17.50836092,14.753547359],[-17.508346656,14.753558949],[-17.508258826,14.753630313],[-17.508129882,14.753695221],[-17.508074895,14.753749299],[-17.507566492,14.753436513],[-17.507504842,14.75341229],[-17.507419061,14.753437732],[-17.507348423,14.753438232],[-17.507292513,14.753438628],[-17.507190803,14.753553356],[-17.506967236,14.753670214],[-17.506701276,14.753875992],[-17.506668147,14.753899235],[-17.506662739,14.753903029],[-17.506406994,14.754082457],[-17.506279385,14.754111713],[-17.506092283,14.754129707],[-17.505900567,14.754045403],[-17.50567536,14.754019119],[-17.505536275,14.754012398],[-17.505412105,14.754031327],[-17.505273005,14.754052531],[-17.505049671,14.754029705],[-17.503967338,14.754136273],[-17.503765867,14.75452432],[-17.503703828,14.754643815],[-17.503194672,14.754721623],[-17.502964749,14.754536399],[-17.502899766,14.75448405],[-17.502828827,14.754426902]]]]},"properties":{"region":"DAKAR","departement":"DAKAR","commune":"NGOR","syscolCommune":"01130132","numSection":"012","surfaceM2":223729.8443}},{"type":"Feature","geometry":{"type":"MultiPolygon","coordinates":[[[[-17.497730439,14.754193347],[-17.497726816,14.754185202],[-17.497618397,14.753941433],[-17.497617476,14.753939361],[-17.497578652,14.753852067],[-17.497575143,14.753844179],[-17.497565271,14.753821981],[-17.497557693,14.753804943],[-17.497535693,14.753715053],[-17.497521146,14.753655612],[-17.497518333,14.753644119],[-17.497495272,14.753549894],[-17.497493445,14.75354243],[-17.497483441,14.753501551],[-17.497475421,14.753468785],[-17.497471857,14.753460825],[-17.497524088,14.753440588],[-17.497554723,14.753428718],[-17.497932172,14.753282459],[-17.498211376,14.753174269],[-17.499338518,14.752609445],[-17.500157633,14.752195256],[-17.500376745,14.752084461],[-17.500574015,14.75198471],[-17.501223954,14.751656062],[-17.501224224,14.751655926],[-17.501608369,14.751463084],[-17.503025837,14.751559387],[-17.503054377,14.751897031],[-17.503060719,14.751972064],[-17.503085494,14.752265165],[-17.503089259,14.752309708],[-17.503094951,14.752396955],[-17.503480495,14.752507867],[-17.503474425,14.752565831],[-17.503459945,14.752633142],[-17.503431139,14.752767047],[-17.503417152,14.752832061],[-17.503354214,14.753124626],[-17.503306515,14.753322967],[-17.503295915,14.753367043],[-17.503248215,14.753565384],[-17.503230471,14.753572822],[-17.503226528,14.753574476],[-17.503208784,14.753581914],[-17.503204792,14.753594519],[-17.503203905,14.75359732],[-17.503199913,14.753609925],[-17.503170634,14.753613982],[-17.503164127,14.753614884],[-17.503134847,14.753618941],[-17.503101089,14.753611298],[-17.503093587,14.7536096],[-17.503059829,14.753601957],[-17.503043165,14.753605999],[-17.503039462,14.753606898],[-17.503022799,14.75361094],[-17.503006182,14.753615429],[-17.503002489,14.753616427],[-17.502985872,14.753620916],[-17.502957071,14.75363757],[-17.50295067,14.753641271],[-17.502921869,14.753657926],[-17.502897124,14.75368226],[-17.502891625,14.753687667],[-17.50286688,14.753712002],[-17.502858331,14.75372055],[-17.502856431,14.75372245],[-17.502847881,14.753730998],[-17.502832107,14.753779992],[-17.502828602,14.75379088],[-17.502812828,14.753839874],[-17.50280879,14.753852033],[-17.502807893,14.753854734],[-17.502803854,14.753866893],[-17.502800288,14.753927666],[-17.502799496,14.753941171],[-17.50279593,14.754001944],[-17.502795902,14.7540141],[-17.502795896,14.754016801],[-17.502795868,14.754028956],[-17.502804876,14.754086097],[-17.502806878,14.754098795],[-17.502815887,14.754155936],[-17.502824863,14.75418832],[-17.502826858,14.754195517],[-17.502835834,14.754227901],[-17.502839914,14.754252207],[-17.50284082,14.754257609],[-17.5028449,14.754281915],[-17.502845336,14.754298131],[-17.502845433,14.754301734],[-17.502845869,14.75431795],[-17.502846323,14.754350345],[-17.502846424,14.754357544],[-17.502846878,14.754389939],[-17.502844385,14.754395045],[-17.502838755,14.754406573],[-17.50283695,14.754410269],[-17.502828827,14.754426902],[-17.50278229,14.754440011],[-17.502766017,14.754444594],[-17.502761876,14.754439014],[-17.502745583,14.754417058],[-17.5027174,14.754379078],[-17.502706877,14.754364896],[-17.502705872,14.754261298],[-17.502662765,14.754026424],[-17.502627118,14.753934165],[-17.502612443,14.753896184],[-17.502608854,14.753886893],[-17.502533938,14.753805856],[-17.502262881,14.753724335],[-17.502244881,14.75371892],[-17.502233996,14.753635728],[-17.502254643,14.753615763],[-17.502281662,14.753589637],[-17.502325815,14.753546942],[-17.502423011,14.753573593],[-17.502428879,14.753572927],[-17.502444844,14.753579579],[-17.502596872,14.753642927],[-17.502660886,14.753614952],[-17.502770854,14.753432902],[-17.502784767,14.753404848],[-17.502821092,14.753331606],[-17.502852604,14.753303369],[-17.502879843,14.753278959],[-17.502949343,14.753290189],[-17.503044913,14.753305632],[-17.503177874,14.753338878],[-17.50317899,14.753334704],[-17.503186621,14.753306145],[-17.503191074,14.753289481],[-17.503195635,14.753272409],[-17.503200365,14.753254709],[-17.503195223,14.753250823],[-17.50313622,14.753206224],[-17.503122199,14.753195625],[-17.503077594,14.753161909],[-17.503037947,14.753131941],[-17.503011204,14.753112273],[-17.50283008,14.752979063],[-17.502757201,14.752949937],[-17.502690893,14.752991921],[-17.502617863,14.753091905],[-17.502499879,14.753327883],[-17.502453874,14.753355844],[-17.502464689,14.753277082],[-17.502568598,14.753042982],[-17.502634843,14.752928841],[-17.502607364,14.752857316],[-17.502596858,14.75282997],[-17.502477286,14.752788475],[-17.502445159,14.752777326],[-17.502353759,14.752745606],[-17.502258764,14.752734583],[-17.502206025,14.752728464],[-17.502180579,14.752727103],[-17.50215072,14.752737238],[-17.50212549,14.752745802],[-17.502117603,14.75276195],[-17.502085868,14.752826921],[-17.502095737,14.752959804],[-17.502107924,14.753123897],[-17.502155864,14.753240909],[-17.502161345,14.753290449],[-17.50209109,14.75322758],[-17.502019423,14.753063275],[-17.502001592,14.752714868],[-17.502000877,14.752700916],[-17.501898485,14.752673609],[-17.50180589,14.752648914],[-17.501768911,14.752694936],[-17.501139842,14.752935903],[-17.501141881,14.753089909],[-17.501203688,14.753221657],[-17.501211938,14.753239243],[-17.501217908,14.753251967],[-17.501336718,14.753374903],[-17.501415944,14.75345688],[-17.501499853,14.753528875],[-17.501470901,14.753456917],[-17.501470906,14.753428194],[-17.501470912,14.753392867],[-17.501572862,14.753418864],[-17.501713018,14.753544192],[-17.501732872,14.753561945],[-17.501769839,14.753579884],[-17.501782654,14.753579876],[-17.50184747,14.753579838],[-17.501972877,14.75345094],[-17.50209187,14.753359855],[-17.502157329,14.753384089],[-17.502139945,14.753439916],[-17.502013461,14.75347388],[-17.501912924,14.753569834],[-17.501904926,14.753667134],[-17.502043061,14.753834506],[-17.502097871,14.753900918],[-17.502115301,14.754158015],[-17.50211585,14.754166107],[-17.502071917,14.754203198],[-17.502053459,14.754218781],[-17.5020484,14.754216711],[-17.502005852,14.754199303],[-17.501943919,14.754173963],[-17.501586892,14.753825869],[-17.501276806,14.753539871],[-17.501059475,14.75379419],[-17.501011875,14.753849891],[-17.501066144,14.753891358],[-17.501151885,14.753956872],[-17.501208863,14.754019945],[-17.50123725,14.754099843],[-17.501256823,14.754154934],[-17.501257037,14.75417275],[-17.501258871,14.754325922],[-17.501254878,14.754365445],[-17.501216838,14.754741935],[-17.501225421,14.754890293],[-17.501227059,14.754918612],[-17.501228871,14.754949945],[-17.501183873,14.75513093],[-17.501128832,14.75521292],[-17.501119068,14.755444953],[-17.501117041,14.755493115],[-17.50104537,14.755583254],[-17.500999996,14.755640321],[-17.500997242,14.755643784],[-17.500935549,14.755638852],[-17.500653102,14.755616268],[-17.500539328,14.755559177],[-17.500510914,14.755544919],[-17.500242922,14.75561991],[-17.5000198,14.755648884],[-17.49994895,14.755632923],[-17.499850565,14.75561076],[-17.499709207,14.755550181],[-17.499675857,14.755535889],[-17.498916811,14.754960282],[-17.498027831,14.754297912],[-17.497761522,14.754204276],[-17.497730439,14.754193347]]]]},"properties":{"region":"DAKAR","departement":"DAKAR","commune":"NGOR","syscolCommune":"01130132","numSection":"013","surfaceM2":151289.4625}},{"type":"Feature","geometry":{"type":"MultiPolygon","coordinates":[[[[-17.511526553,14.756335048],[-17.511455788,14.756328945],[-17.511414169,14.75632936],[-17.511353775,14.756329964],[-17.511316724,14.756312931],[-17.511297869,14.756304012],[-17.511269873,14.756258966],[-17.511269361,14.756256222],[-17.511259784,14.756204964],[-17.511258804,14.756159986],[-17.51126676,14.756130517],[-17.511271708,14.756112188],[-17.511284418,14.756065113],[-17.511285785,14.75606005],[-17.511312787,14.75596996],[-17.511318561,14.755898161],[-17.511329849,14.755816033],[-17.511329864,14.755815928],[-17.511347821,14.755778966],[-17.511357328,14.755763747],[-17.511392762,14.75570702],[-17.51145442,14.755654849],[-17.511457764,14.75565202],[-17.511484839,14.755633025],[-17.511496626,14.755631587],[-17.511558817,14.755624],[-17.511633805,14.755613971],[-17.511732233,14.755571927],[-17.511817848,14.755520999],[-17.511877986,14.755473739],[-17.512001828,14.755365966],[-17.512049666,14.755307707],[-17.51208386,14.755266064],[-17.512148768,14.755210974],[-17.512185859,14.755183018],[-17.512249779,14.755155041],[-17.512323806,14.75511801],[-17.512452842,14.755044969],[-17.512526848,14.754989961],[-17.512563835,14.754952972],[-17.51270076,14.754807032],[-17.512746802,14.75473399],[-17.512773856,14.754688978],[-17.512801778,14.754670969],[-17.512986927,14.754295622],[-17.513074777,14.754285148],[-17.513217827,14.754530936],[-17.513254806,14.754565946],[-17.513348755,14.754646951],[-17.513432832,14.754709002],[-17.51348977,14.754743976],[-17.513694829,14.754831992],[-17.513796813,14.754877046],[-17.513871832,14.754894026],[-17.513908769,14.754893082],[-17.513982747,14.754884056],[-17.514047801,14.754874043],[-17.514075836,14.754874009],[-17.514224635,14.754695367],[-17.514513249,14.754718401],[-17.51457778,14.754921936],[-17.514642847,14.754913008],[-17.514660741,14.754902966],[-17.514697833,14.754867059],[-17.51473482,14.75483007],[-17.514752829,14.754830055],[-17.514799803,14.754830085],[-17.514864796,14.754847084],[-17.514901764,14.75486502],[-17.514920806,14.754882067],[-17.514986812,14.754963014],[-17.515052737,14.755052996],[-17.515108779,14.75511499],[-17.515136836,14.755133023],[-17.515239852,14.755195048],[-17.51533281,14.755230081],[-17.515397814,14.755248073],[-17.515454856,14.755292079],[-17.515491731,14.755310016],[-17.515519778,14.755319015],[-17.515565811,14.755317972],[-17.51562186,14.755307966],[-17.515667803,14.755299065],[-17.515741727,14.755253091],[-17.515815743,14.755207026],[-17.515974811,14.755014349],[-17.516063921,14.754831782],[-17.516212788,14.754751205],[-17.516413738,14.754776015],[-17.516394736,14.75472202],[-17.51636579,14.754659008],[-17.516365769,14.754641031],[-17.516374753,14.754623046],[-17.51639374,14.754595015],[-17.516457773,14.754576973],[-17.516522745,14.754575994],[-17.516532771,14.754575976],[-17.51656981,14.754583974],[-17.516588781,14.754611049],[-17.516607772,14.754656011],[-17.51664678,14.754827047],[-17.51666684,14.754981035],[-17.516677042,14.755073809],[-17.516677726,14.755080017],[-17.516670326,14.755109786],[-17.516633734,14.755315014],[-17.516630879,14.755345509],[-17.516616785,14.755496054],[-17.516608867,14.755542032],[-17.516572751,14.755695097],[-17.51654779,14.755922026],[-17.516547822,14.755949037],[-17.516530777,14.756057086],[-17.516530819,14.75609304],[-17.516522786,14.756121042],[-17.516512781,14.756138947],[-17.516466757,14.756156974],[-17.516374813,14.756194021],[-17.51627275,14.756222956],[-17.516226798,14.756223005],[-17.516031778,14.756225039],[-17.515910733,14.756217956],[-17.515826823,14.75621896],[-17.515780788,14.756227953],[-17.515706772,14.756274018],[-17.515623739,14.756310967],[-17.515522791,14.756348021],[-17.515448753,14.756376019],[-17.515411756,14.756404065],[-17.515337771,14.756477051],[-17.515255792,14.75654109],[-17.515088715,14.756623942],[-17.515015813,14.756669995],[-17.514932791,14.756715977],[-17.514895783,14.75673499],[-17.514858742,14.756735032],[-17.51479377,14.75673601],[-17.514727836,14.756718028],[-17.514597734,14.756665964],[-17.514504764,14.756629938],[-17.514466786,14.756613006],[-17.51429979,14.756605971],[-17.514253836,14.756605929],[-17.51416974,14.756606934],[-17.514132792,14.756606975],[-17.514095784,14.756625987],[-17.514049781,14.756661991],[-17.513985772,14.756762963],[-17.513921752,14.756863031],[-17.513857814,14.756954065],[-17.51381277,14.757016979],[-17.513729759,14.757071994],[-17.513683778,14.757118025],[-17.513655784,14.757145973],[-17.513564792,14.757282019],[-17.513536827,14.757263984],[-17.513480745,14.757246979],[-17.513452813,14.757256045],[-17.513434721,14.757265005],[-17.513416743,14.757283991],[-17.513398808,14.757347061],[-17.513389845,14.757383023],[-17.513371786,14.757411044],[-17.51334376,14.757420021],[-17.513287803,14.757430025],[-17.513222798,14.757412032],[-17.513147839,14.75736804],[-17.513082791,14.757314003],[-17.513045844,14.757306004],[-17.512998766,14.75729703],[-17.512924799,14.757307049],[-17.512840806,14.757316997],[-17.512794853,14.757309005],[-17.512692736,14.757300992],[-17.512589763,14.75727501],[-17.512533762,14.75725701],[-17.512421741,14.757194992],[-17.512318818,14.757132965],[-17.512281839,14.757105994],[-17.512197761,14.757043943],[-17.512131754,14.756962995],[-17.512112775,14.756927067],[-17.512092823,14.756855013],[-17.512064786,14.756774014],[-17.512045794,14.756728961],[-17.511997726,14.756657936],[-17.511941849,14.756586002],[-17.511903838,14.756550009],[-17.511810777,14.756506032],[-17.511726803,14.756453014],[-17.511651823,14.756398994],[-17.511585776,14.756354994],[-17.511548807,14.756336967],[-17.511526553,14.756335048]]]]},"properties":{"region":"DAKAR","departement":"DAKAR","commune":"NGOR","syscolCommune":"01130132","numSection":"026","surfaceM2":111056.9981}},{"type":"Feature","geometry":{"type":"MultiPolygon","coordinates":[[[[-17.497132464,14.745535389],[-17.497275508,14.745575709],[-17.497421255,14.745112332],[-17.497943367,14.743452348],[-17.498166395,14.742743255],[-17.498305911,14.742299677],[-17.498411115,14.74196519],[-17.498450167,14.741841026],[-17.498348838,14.741660767],[-17.498104992,14.741226973],[-17.498551524,14.741407153],[-17.498583724,14.741420146],[-17.500541776,14.742173567],[-17.500799274,14.742272645],[-17.501101946,14.742389106],[-17.501285232,14.742459629],[-17.501286235,14.742460195],[-17.5012841,14.742465335],[-17.50128388,14.742465865],[-17.501259085,14.74252557],[-17.501126925,14.742843794],[-17.500253343,14.744947261],[-17.499996406,14.745567483],[-17.499136468,14.747643265],[-17.49703093,14.746844868],[-17.496609631,14.746250924],[-17.496523738,14.746129831],[-17.497132464,14.745535389]]]]},"properties":{"region":"DAKAR","departement":"DAKAR","commune":"NGOR","syscolCommune":"01130132","numSection":"028","surfaceM2":183556.1922}},{"type":"Feature","geometry":{"type":"MultiPolygon","coordinates":[[[[-17.495369927,14.749124282],[-17.495334364,14.748874522],[-17.49522971,14.748887921],[-17.495222801,14.748888805],[-17.495103296,14.748904105],[-17.495099049,14.748904649],[-17.495035183,14.748912825],[-17.494911336,14.748505585],[-17.495042479,14.748109006],[-17.494975773,14.747958119],[-17.494830043,14.747912064],[-17.494452794,14.747792842],[-17.494546051,14.747688258],[-17.494004451,14.747346884],[-17.494185108,14.747170451],[-17.494404859,14.746955836],[-17.494753391,14.747293709],[-17.496659353,14.745402033],[-17.497132464,14.745535389],[-17.496523738,14.746129831],[-17.496609631,14.746250924],[-17.49703093,14.746844868],[-17.499136468,14.747643265],[-17.497862802,14.750731962],[-17.497858476,14.750742452],[-17.497783588,14.750924057],[-17.497769145,14.750959082],[-17.497755674,14.750965023],[-17.497013282,14.751292487],[-17.496924428,14.751331679],[-17.496886958,14.751348207],[-17.496824401,14.7513758],[-17.496747252,14.751409376],[-17.496641498,14.7514554],[-17.496473635,14.751528454],[-17.496320945,14.751594905],[-17.496170158,14.751406887],[-17.495963894,14.751016905],[-17.495927395,14.750947895],[-17.495875429,14.750849643],[-17.495770721,14.750651671],[-17.495766295,14.750643303],[-17.495690648,14.750500275],[-17.495607412,14.7503429],[-17.495514918,14.75016802],[-17.495416677,14.749982273],[-17.495415624,14.74997391],[-17.495403238,14.749875613],[-17.495367936,14.749595442],[-17.495395188,14.749301683],[-17.495369927,14.749124282]]]]},"properties":{"region":"DAKAR","departement":"DAKAR","commune":"NGOR","syscolCommune":"01130132","numSection":"027","surfaceM2":182273.5626}},{"type":"Feature","geometry":{"type":"MultiPolygon","coordinates":[[[[-17.437655418,14.690640462],[-17.4376652,14.690551733],[-17.437428016,14.68764276],[-17.437424189,14.687540558],[-17.437430814,14.687409408],[-17.437456203,14.687270196],[-17.437834104,14.686309665],[-17.437946552,14.686027153],[-17.437884336,14.685375542],[-17.439404579,14.688666029],[-17.439828741,14.689452887],[-17.440651379,14.691154796],[-17.441187824,14.69217207],[-17.441391906,14.692654827],[-17.440325925,14.692744056],[-17.437250238,14.693131886],[-17.437655418,14.690640462]]]]},"properties":{"region":"DAKAR","departement":"DAKAR","commune":"HANN BEL AIR","syscolCommune":"01130124","numSection":"036","surfaceM2":187468.8386}},{"type":"Feature","geometry":{"type":"MultiPolygon","coordinates":[[[[-17.437109404,14.693115283],[-17.435216986,14.692471019],[-17.433111958,14.69175906],[-17.433008992,14.69164446],[-17.435335562,14.688529462],[-17.435562191,14.688218291],[-17.436014029,14.687585301],[-17.43700838,14.685792571],[-17.43759756,14.684836338],[-17.437638161,14.68485092],[-17.437884336,14.685375542],[-17.437946552,14.686027153],[-17.437834104,14.686309665],[-17.437456203,14.687270196],[-17.437430814,14.687409408],[-17.437424189,14.687540558],[-17.437428016,14.68764276],[-17.4376652,14.690551733],[-17.437655418,14.690640462],[-17.437250238,14.693131886],[-17.437109404,14.693115283]]]]},"properties":{"region":"DAKAR","departement":"DAKAR","commune":"HANN BEL AIR","syscolCommune":"01130124","numSection":"035","surfaceM2":220849.6448}},{"type":"Feature","geometry":{"type":"MultiPolygon","coordinates":[[[[-17.436100107,14.697399772],[-17.435021064,14.696657753],[-17.431233691,14.694054141],[-17.431817299,14.693263983],[-17.431847567,14.693223011],[-17.432332274,14.692581099],[-17.43292895,14.691750007],[-17.433008992,14.69164446],[-17.433111958,14.69175906],[-17.435216986,14.692471019],[-17.437109404,14.693115283],[-17.437250238,14.693131886],[-17.437126172,14.69381726],[-17.436863715,14.695450188],[-17.436839489,14.695976758],[-17.436874063,14.696763933],[-17.436971008,14.697902302],[-17.436100107,14.697399772]]]]},"properties":{"region":"DAKAR","departement":"DAKAR","commune":"HANN BEL AIR","syscolCommune":"01130124","numSection":"033","surfaceM2":238788.0905}},{"type":"Feature","geometry":{"type":"MultiPolygon","coordinates":[[[[-17.430745411,14.697970595],[-17.426084464,14.697990525],[-17.426022494,14.697940238],[-17.428081853,14.69646126],[-17.428618145,14.696076219],[-17.430710806,14.694573728],[-17.431233691,14.694054141],[-17.435021064,14.696657753],[-17.436100107,14.697399772],[-17.436971008,14.697902302],[-17.436973286,14.697981412],[-17.430745411,14.697970595]]]]},"properties":{"region":"DAKAR","departement":"DAKAR","commune":"HANN BEL AIR","syscolCommune":"01130124","numSection":"032","surfaceM2":253830.2758}},{"type":"Feature","geometry":{"type":"MultiPolygon","coordinates":[[[[-17.436971008,14.697902302],[-17.436874063,14.696763933],[-17.436839489,14.695976758],[-17.436863715,14.695450188],[-17.437126172,14.69381726],[-17.437250238,14.693131886],[-17.440325925,14.692744056],[-17.441391906,14.692654827],[-17.441701151,14.693337045],[-17.441927288,14.694378917],[-17.441984557,14.694935248],[-17.442378856,14.696201002],[-17.442370436,14.696323008],[-17.442285536,14.697963672],[-17.442175886,14.697964827],[-17.436971008,14.697902302]]]]},"properties":{"region":"DAKAR","departement":"DAKAR","commune":"HANN BEL AIR","syscolCommune":"01130124","numSection":"034","surfaceM2":308520.2635}},{"type":"Feature","geometry":{"type":"MultiPolygon","coordinates":[[[[-17.426808986,14.701156006],[-17.426231588,14.700493147],[-17.425935754,14.700137488],[-17.425814578,14.699897539],[-17.425598893,14.699268836],[-17.425528122,14.698348433],[-17.425580307,14.698283292],[-17.426022494,14.697940238],[-17.426084464,14.697990525],[-17.430745411,14.697970595],[-17.430752961,14.699939978],[-17.430839776,14.701349367],[-17.429701778,14.702232691],[-17.428042188,14.702389916],[-17.427796289,14.702398173],[-17.426808986,14.701156006]]]]},"properties":{"region":"DAKAR","departement":"DAKAR","commune":"HANN BEL AIR","syscolCommune":"01130124","numSection":"029","surfaceM2":227566.4105}},{"type":"Feature","geometry":{"type":"MultiPolygon","coordinates":[[[[-17.451461818,14.704179567],[-17.450413733,14.703385636],[-17.450071089,14.703199496],[-17.447074638,14.702035631],[-17.447290053,14.698259468],[-17.447880056,14.698364642],[-17.447992456,14.698375905],[-17.44847876,14.698424635],[-17.448594095,14.698424529],[-17.449080627,14.698424079],[-17.44949391,14.698341081],[-17.449889664,14.698198519],[-17.450139293,14.698071935],[-17.450374589,14.697921574],[-17.450603871,14.697749468],[-17.45082721,14.697558242],[-17.451011259,14.697372181],[-17.451167927,14.69718437],[-17.451385863,14.696883646],[-17.451460992,14.697042359],[-17.453909644,14.699965879],[-17.453680768,14.700304703],[-17.452961427,14.70140708],[-17.452712315,14.701781202],[-17.452434098,14.702200442],[-17.452301592,14.702419568],[-17.452147021,14.702715808],[-17.451925793,14.703308627],[-17.451862044,14.703659949],[-17.451747024,14.70407351],[-17.451649556,14.704262068],[-17.451461818,14.704179567]]]]},"properties":{"region":"DAKAR","departement":"DAKAR","commune":"GRAND DAKAR","syscolCommune":"01130121","numSection":"003","surfaceM2":351407.3352}},{"type":"Feature","geometry":{"type":"MultiPolygon","coordinates":[[[[-17.446710045,14.704557471],[-17.445418772,14.703680139],[-17.445188555,14.703556348],[-17.442394655,14.70337049],[-17.441936016,14.703407575],[-17.442040821,14.701726476],[-17.442169853,14.698658247],[-17.442175886,14.697964827],[-17.442285536,14.697963672],[-17.444107665,14.697963584],[-17.444844264,14.697669703],[-17.445227719,14.69754542],[-17.445530633,14.697480116],[-17.446050463,14.697550417],[-17.446305722,14.697633613],[-17.446498872,14.69773262],[-17.446687057,14.697851889],[-17.446870166,14.697981317],[-17.447032289,14.698090756],[-17.447290053,14.698259468],[-17.447074638,14.702035631],[-17.446911543,14.704280503],[-17.446881445,14.704694712],[-17.446710045,14.704557471]]]]},"properties":{"region":"DAKAR","departement":"DAKAR","commune":"HLM","syscolCommune":"01130123","numSection":"005","surfaceM2":355508.444}},{"type":"Feature","geometry":{"type":"MultiPolygon","coordinates":[[[[-17.441244628,14.705763109],[-17.440232171,14.705499313],[-17.440138924,14.70547188],[-17.440081601,14.705300748],[-17.436345492,14.701688095],[-17.436605487,14.700594659],[-17.436794198,14.69969277],[-17.436934109,14.699060525],[-17.437006653,14.698588714],[-17.436973286,14.697981412],[-17.436971008,14.697902302],[-17.442175886,14.697964827],[-17.442169853,14.698658247],[-17.442040821,14.701726476],[-17.441936016,14.703407575],[-17.44181369,14.705369725],[-17.441778801,14.705853512],[-17.441244628,14.705763109]]]]},"properties":{"region":"DAKAR","departement":"DAKAR","commune":"HANN BEL AIR","syscolCommune":"01130124","numSection":"027","surfaceM2":409475.6572}},{"type":"Feature","geometry":{"type":"MultiPolygon","coordinates":[[[[-17.434879803,14.705962314],[-17.434545418,14.705921714],[-17.434448937,14.705858188],[-17.43386548,14.705197414],[-17.433064887,14.70422196],[-17.432950699,14.703473263],[-17.431544193,14.701891278],[-17.430995543,14.701311617],[-17.430839776,14.701349367],[-17.430752961,14.699939978],[-17.430745411,14.697970595],[-17.436973286,14.697981412],[-17.437006653,14.698588714],[-17.436934109,14.699060525],[-17.436794198,14.69969277],[-17.436605487,14.700594659],[-17.436345492,14.701688095],[-17.436152811,14.702626442],[-17.435624707,14.704702363],[-17.435460544,14.705324944],[-17.435284906,14.706000101],[-17.434879803,14.705962314]]]]},"properties":{"region":"DAKAR","departement":"DAKAR","commune":"HANN BEL AIR","syscolCommune":"01130124","numSection":"028","surfaceM2":410239.5456}},{"type":"Feature","geometry":{"type":"MultiPolygon","coordinates":[[[[-17.417943677,14.704904762],[-17.418000083,14.704674699],[-17.417712543,14.702648285],[-17.417128326,14.701779507],[-17.417322723,14.701368729],[-17.417611315,14.701331414],[-17.417555601,14.700513572],[-17.418664792,14.700095454],[-17.420122743,14.699741449],[-17.421160825,14.699188547],[-17.422066806,14.698287559],[-17.422053686,14.699825113],[-17.421918103,14.700261345],[-17.422111733,14.700512252],[-17.422784163,14.7001344],[-17.423164263,14.699942693],[-17.423589352,14.701178488],[-17.423858331,14.701960401],[-17.424250711,14.703452659],[-17.424227554,14.703683083],[-17.423290953,14.705214958],[-17.423120358,14.705312048],[-17.423022517,14.705213855],[-17.422211639,14.705172135],[-17.421423967,14.705230563],[-17.419150406,14.705969263],[-17.419070716,14.706092002],[-17.418869398,14.706208841],[-17.417825608,14.706225471],[-17.417943677,14.704904762]]]]},"properties":{"region":"DAKAR","departement":"DAKAR","commune":"HANN BEL AIR","syscolCommune":"01130124","numSection":"031","surfaceM2":420122.9651}},{"type":"Feature","geometry":{"type":"MultiPolygon","coordinates":[[[[-17.423120358,14.705312048],[-17.423290953,14.705214958],[-17.424227554,14.703683083],[-17.424250711,14.703452659],[-17.423858331,14.701960401],[-17.423589352,14.701178488],[-17.423164263,14.699942693],[-17.423479145,14.699842459],[-17.424223893,14.699410127],[-17.4246229,14.699113307],[-17.425307275,14.698582681],[-17.425389999,14.698404579],[-17.425528122,14.698348433],[-17.425598893,14.699268836],[-17.425814578,14.699897539],[-17.425935754,14.700137488],[-17.426231588,14.700493147],[-17.426808986,14.701156006],[-17.427796289,14.702398173],[-17.426205765,14.703633397],[-17.425990788,14.703850755],[-17.425826148,14.703963842],[-17.425588068,14.704699387],[-17.424907013,14.706406051],[-17.424415666,14.706611981],[-17.423120358,14.705312048]]]]},"properties":{"region":"DAKAR","departement":"DAKAR","commune":"HANN BEL AIR","syscolCommune":"01130124","numSection":"030","surfaceM2":217009.0987}},{"type":"Feature","geometry":{"type":"MultiPolygon","coordinates":[[[[-17.427273836,14.708019915],[-17.427200906,14.707845256],[-17.427476705,14.70759822],[-17.428220614,14.706900251],[-17.425588068,14.704699387],[-17.425826148,14.703963842],[-17.425990788,14.703850755],[-17.426205765,14.703633397],[-17.427796289,14.702398173],[-17.429284465,14.704099754],[-17.430527713,14.705676015],[-17.428199637,14.707485034],[-17.42819816,14.707547635],[-17.427789593,14.707910468],[-17.427568898,14.708032771],[-17.427410828,14.708061006],[-17.427273836,14.708019915]]]]},"properties":{"region":"DAKAR","departement":"DAKAR","commune":"HANN BEL AIR","syscolCommune":"01130124","numSection":"024","surfaceM2":152582.8776}},{"type":"Feature","geometry":{"type":"MultiPolygon","coordinates":[[[[-17.446879485,14.704721683],[-17.446881445,14.704694712],[-17.446911543,14.704280503],[-17.447074638,14.702035631],[-17.450071089,14.703199496],[-17.450413733,14.703385636],[-17.451461818,14.704179567],[-17.451649556,14.704262068],[-17.451735445,14.704593761],[-17.452615144,14.707142891],[-17.449465645,14.708182212],[-17.446633056,14.708662139],[-17.446879485,14.704721683]]]]},"properties":{"region":"DAKAR","departement":"DAKAR","commune":"BISCUITERIE","syscolCommune":"01130122","numSection":"003","surfaceM2":315847.8973}},{"type":"Feature","geometry":{"type":"MultiPolygon","coordinates":[[[[-17.430527713,14.705676015],[-17.429284465,14.704099754],[-17.427796289,14.702398173],[-17.428042188,14.702389916],[-17.429701778,14.702232691],[-17.430839776,14.701349367],[-17.430995543,14.701311617],[-17.431544193,14.701891278],[-17.432950699,14.703473263],[-17.433064887,14.70422196],[-17.43386548,14.705197414],[-17.434448937,14.705858188],[-17.434545418,14.705921714],[-17.434879803,14.705962314],[-17.435284906,14.706000101],[-17.434339547,14.709614956],[-17.434193495,14.710055756],[-17.430527713,14.705676015]]]]},"properties":{"region":"DAKAR","departement":"DAKAR","commune":"HANN BEL AIR","syscolCommune":"01130124","numSection":"025","surfaceM2":296942.6065}},{"type":"Feature","geometry":{"type":"MultiPolygon","coordinates":[[[[-17.445289769,14.710050628],[-17.445023791,14.710071601],[-17.444258057,14.710027094],[-17.443256432,14.70997073],[-17.441490044,14.709857543],[-17.441778801,14.705853512],[-17.44181369,14.705369725],[-17.441936016,14.703407575],[-17.442394655,14.70337049],[-17.445188555,14.703556348],[-17.445418772,14.703680139],[-17.446710045,14.704557471],[-17.446881445,14.704694712],[-17.446879485,14.704721683],[-17.446633056,14.708662139],[-17.446544546,14.710077419],[-17.445289769,14.710050628]]]]},"properties":{"region":"DAKAR","departement":"DAKAR","commune":"HLM","syscolCommune":"01130123","numSection":"004","surfaceM2":380760.2837}},{"type":"Feature","geometry":{"type":"MultiPolygon","coordinates":[[[[-17.440325613,14.710030128],[-17.437649509,14.707423286],[-17.436806331,14.706603122],[-17.436127353,14.705929147],[-17.435487906,14.705345849],[-17.435460544,14.705324944],[-17.435624707,14.704702363],[-17.436152811,14.702626442],[-17.436345492,14.701688095],[-17.440081601,14.705300748],[-17.440138924,14.70547188],[-17.440090029,14.70670941],[-17.44013417,14.707237847],[-17.440225342,14.707541409],[-17.440635675,14.708414309],[-17.440648135,14.709540832],[-17.440530352,14.710221913],[-17.440325613,14.710030128]]]]},"properties":{"region":"DAKAR","departement":"DAKAR","commune":"HANN BEL AIR","syscolCommune":"01130124","numSection":"026","surfaceM2":238014.9971}},{"type":"Feature","geometry":{"type":"MultiPolygon","coordinates":[[[[-17.43250291,14.711849812],[-17.431052643,14.711388408],[-17.430701811,14.71147481],[-17.43069378,14.71142065],[-17.429698377,14.709295979],[-17.429233786,14.70859092],[-17.42819816,14.707547635],[-17.428199637,14.707485034],[-17.430527713,14.705676015],[-17.434193495,14.710055756],[-17.434003763,14.710793904],[-17.433822317,14.711642044],[-17.433760996,14.712168885],[-17.43250291,14.711849812]]]]},"properties":{"region":"DAKAR","departement":"DAKAR","commune":"HANN BEL AIR","syscolCommune":"01130124","numSection":"023","surfaceM2":232753.3912}},{"type":"Feature","geometry":{"type":"MultiPolygon","coordinates":[[[[-17.458772689,14.705656659],[-17.45865706,14.705735886],[-17.458221447,14.706034359],[-17.457851456,14.706289072],[-17.457580633,14.706469102],[-17.457568062,14.706477459],[-17.457523331,14.706508191],[-17.45723151,14.706709656],[-17.456861985,14.70694816],[-17.456829917,14.706968859],[-17.45639725,14.707260413],[-17.456235015,14.707330299],[-17.455800885,14.707482922],[-17.455313047,14.707662992],[-17.455127472,14.707731492],[-17.454269994,14.708010788],[-17.453561984,14.708245049],[-17.453131755,14.708387398],[-17.453077519,14.708405343],[-17.453057765,14.70841188],[-17.453053467,14.708413003],[-17.45304835,14.708398175],[-17.452615144,14.707142891],[-17.451735445,14.704593761],[-17.451649556,14.704262068],[-17.451747024,14.70407351],[-17.451862044,14.703659949],[-17.451925793,14.703308627],[-17.452147021,14.702715808],[-17.452301592,14.702419568],[-17.452434098,14.702200442],[-17.452712315,14.701781202],[-17.452961427,14.70140708],[-17.453680768,14.700304703],[-17.453909644,14.699965879],[-17.453946256,14.700009591],[-17.455733132,14.702046538],[-17.456370266,14.702825174],[-17.458757733,14.705639033],[-17.458772689,14.705656659]]]]},"properties":{"region":"DAKAR","departement":"DAKAR","commune":"GRAND DAKAR","syscolCommune":"01130121","numSection":"002","surfaceM2":394074.3143}},{"type":"Feature","geometry":{"type":"MultiPolygon","coordinates":[[[[-17.435430626,14.710078727],[-17.435221176,14.709951271],[-17.434940207,14.709923062],[-17.434771507,14.70987473],[-17.434650478,14.709840055],[-17.434482313,14.709734735],[-17.434339547,14.709614956],[-17.435284906,14.706000101],[-17.435460544,14.705324944],[-17.435487906,14.705345849],[-17.436127353,14.705929147],[-17.436806331,14.706603122],[-17.437649509,14.707423286],[-17.440325613,14.710030128],[-17.440530352,14.710221913],[-17.440565118,14.71033874],[-17.440562551,14.710610675],[-17.44056505,14.711290941],[-17.44054236,14.711527803],[-17.440459668,14.711834313],[-17.440356827,14.712150894],[-17.440278321,14.712378485],[-17.440019677,14.712927273],[-17.439802474,14.713271376],[-17.439337806,14.713822096],[-17.435430626,14.710078727]]]]},"properties":{"region":"DAKAR","departement":"DAKAR","commune":"HANN BEL AIR","syscolCommune":"01130124","numSection":"022","surfaceM2":301689.5827}},{"type":"Feature","geometry":{"type":"MultiPolygon","coordinates":[[[[-17.433760996,14.712168885],[-17.433822317,14.711642044],[-17.434003763,14.710793904],[-17.434193495,14.710055756],[-17.434339547,14.709614956],[-17.434482313,14.709734735],[-17.434650478,14.709840055],[-17.434771507,14.70987473],[-17.434940207,14.709923062],[-17.435221176,14.709951271],[-17.435430626,14.710078727],[-17.439337806,14.713822096],[-17.43930799,14.713857433],[-17.439070025,14.714101362],[-17.438787142,14.714281224],[-17.438494089,14.714430119],[-17.43808792,14.714565863],[-17.437643853,14.714606392],[-17.436995864,14.714639504],[-17.436438706,14.71466927],[-17.43606556,14.714682756],[-17.434570834,14.714765401],[-17.434187811,14.714774207],[-17.433701757,14.714811311],[-17.43363033,14.71444764],[-17.433616037,14.714114973],[-17.433760996,14.712168885]]]]},"properties":{"region":"DAKAR","departement":"DAKAR","commune":"HANN BEL AIR","syscolCommune":"01130124","numSection":"021","surfaceM2":215151.0398}},{"type":"Feature","geometry":{"type":"MultiPolygon","coordinates":[[[[-17.449751514,14.714775347],[-17.449726105,14.713821422],[-17.449629542,14.710184909],[-17.449606653,14.709464673],[-17.449573689,14.708864632],[-17.449545448,14.708621278],[-17.449522436,14.708447251],[-17.449465645,14.708182212],[-17.452615144,14.707142891],[-17.45304835,14.708398175],[-17.453053467,14.708413003],[-17.453054729,14.70841666],[-17.454693279,14.713284337],[-17.453455437,14.714676718],[-17.453446383,14.714687686],[-17.452818925,14.714165121],[-17.452771401,14.71413192],[-17.452702682,14.714114004],[-17.452635798,14.714128337],[-17.452401192,14.714231931],[-17.452026539,14.714395809],[-17.451517147,14.714633538],[-17.451147704,14.714813315],[-17.45036891,14.71517293],[-17.449761611,14.715440496],[-17.449751514,14.714775347]]]]},"properties":{"region":"DAKAR","departement":"DAKAR","commune":"BISCUITERIE","syscolCommune":"01130122","numSection":"004","surfaceM2":351094.3318}},{"type":"Feature","geometry":{"type":"MultiPolygon","coordinates":[[[[-17.446180819,14.714858409],[-17.444312442,14.714740824],[-17.44430926,14.714763679],[-17.4442352,14.715812628],[-17.442961954,14.715754273],[-17.442899043,14.715728643],[-17.442701935,14.715718322],[-17.441135545,14.715626192],[-17.441235777,14.714159103],[-17.441487636,14.709890923],[-17.441490044,14.709857543],[-17.443256432,14.70997073],[-17.444258057,14.710027094],[-17.445023791,14.710071601],[-17.445289769,14.710050628],[-17.446544546,14.710077419],[-17.446543159,14.710099606],[-17.446387197,14.71196739],[-17.446180819,14.714858409]]]]},"properties":{"region":"DAKAR","departement":"DAKAR","commune":"HLM","syscolCommune":"01130123","numSection":"003","surfaceM2":322846.3978}},{"type":"Feature","geometry":{"type":"MultiPolygon","coordinates":[[[[-17.446109242,14.715861079],[-17.44617881,14.714886546],[-17.446180819,14.714858409],[-17.446387197,14.71196739],[-17.446543159,14.710099606],[-17.446544546,14.710077419],[-17.446633056,14.708662139],[-17.449465645,14.708182212],[-17.449522436,14.708447251],[-17.449545448,14.708621278],[-17.449573689,14.708864632],[-17.449606653,14.709464673],[-17.449629542,14.710184909],[-17.449726105,14.713821422],[-17.449751514,14.714775347],[-17.449761611,14.715440496],[-17.448911946,14.71583193],[-17.447600294,14.716418873],[-17.447101816,14.716645244],[-17.446741994,14.716807404],[-17.446044917,14.717146863],[-17.446109242,14.715861079]]]]},"properties":{"region":"DAKAR","departement":"DAKAR","commune":"BISCUITERIE","syscolCommune":"01130122","numSection":"002","surfaceM2":311685.6378}},{"type":"Feature","geometry":{"type":"MultiPolygon","coordinates":[[[[-17.438447442,14.71822759],[-17.437370102,14.718164763],[-17.43644526,14.715709886],[-17.43606556,14.714682756],[-17.436438706,14.71466927],[-17.436995864,14.714639504],[-17.437643853,14.714606392],[-17.43808792,14.714565863],[-17.438494089,14.714430119],[-17.438787142,14.714281224],[-17.439070025,14.714101362],[-17.43930799,14.713857433],[-17.439337806,14.713822096],[-17.439802474,14.713271376],[-17.440019677,14.712927273],[-17.440278321,14.712378485],[-17.440356827,14.712150894],[-17.440459668,14.711834313],[-17.44054236,14.711527803],[-17.44056505,14.711290941],[-17.440562551,14.710610675],[-17.440565118,14.71033874],[-17.440530352,14.710221913],[-17.440648135,14.709540832],[-17.440635675,14.708414309],[-17.440225342,14.707541409],[-17.44013417,14.707237847],[-17.440090029,14.70670941],[-17.440138924,14.70547188],[-17.440232171,14.705499313],[-17.441244628,14.705763109],[-17.441778801,14.705853512],[-17.441490044,14.709857543],[-17.441487636,14.709890923],[-17.441235777,14.714159103],[-17.441135545,14.715626192],[-17.441134322,14.715644103],[-17.440948027,14.718370892],[-17.438447442,14.71822759]]]]},"properties":{"region":"DAKAR","departement":"DAKAR","commune":"HANN BEL AIR","syscolCommune":"01130124","numSection":"020","surfaceM2":328494.0603}},{"type":"Feature","geometry":{"type":"MultiPolygon","coordinates":[[[[-17.431999843,14.718761789],[-17.431997675,14.71867942],[-17.431795913,14.718675056],[-17.431281689,14.718648547],[-17.430919687,14.718528216],[-17.430682736,14.718441201],[-17.430315315,14.718294266],[-17.430642633,14.716783955],[-17.430778472,14.71594497],[-17.430994723,14.713450215],[-17.430701811,14.71147481],[-17.431052643,14.711388408],[-17.43250291,14.711849812],[-17.433760996,14.712168885],[-17.433616037,14.714114973],[-17.43363033,14.71444764],[-17.433701757,14.714811311],[-17.433872375,14.715656061],[-17.433879836,14.716051831],[-17.433812767,14.716394859],[-17.4337106,14.716727591],[-17.433371688,14.717395355],[-17.433141168,14.717849346],[-17.432974845,14.718152026],[-17.43276495,14.718533808],[-17.432656405,14.71874375],[-17.432619873,14.718830476],[-17.431999843,14.718761789]]]]},"properties":{"region":"DAKAR","departement":"DAKAR","commune":"HANN BEL AIR","syscolCommune":"01130124","numSection":"017","surfaceM2":234057.665}},{"type":"Feature","geometry":{"type":"MultiPolygon","coordinates":[[[[-17.447447528,14.720897022],[-17.446948862,14.720293835],[-17.446814575,14.720105101],[-17.446712966,14.719962294],[-17.446478242,14.719495664],[-17.446239894,14.718824115],[-17.446074791,14.718113546],[-17.446041996,14.717205266],[-17.446044917,14.717146863],[-17.446741994,14.716807404],[-17.447101816,14.716645244],[-17.447600294,14.716418873],[-17.448911946,14.71583193],[-17.449761611,14.715440496],[-17.45036891,14.71517293],[-17.451147704,14.714813315],[-17.451517147,14.714633538],[-17.452026539,14.714395809],[-17.452401192,14.714231931],[-17.452635798,14.714128337],[-17.452702682,14.714114004],[-17.452771401,14.71413192],[-17.452818925,14.714165121],[-17.453446383,14.714687686],[-17.451564074,14.716967845],[-17.451415592,14.717008532],[-17.450490845,14.718065623],[-17.447916332,14.721082119],[-17.447799129,14.721197764],[-17.447447528,14.720897022]]]]},"properties":{"region":"DAKAR","departement":"DAKAR","commune":"BISCUITERIE","syscolCommune":"01130122","numSection":"001","surfaceM2":262294.369}},{"type":"Feature","geometry":{"type":"MultiPolygon","coordinates":[[[[-17.440668558,14.721846452],[-17.440729071,14.72074611],[-17.440941051,14.718473009],[-17.440948027,14.718370892],[-17.441134322,14.715644103],[-17.441135545,14.715626192],[-17.442701935,14.715718322],[-17.442899043,14.715728643],[-17.442961954,14.715754273],[-17.4442352,14.715812628],[-17.44430926,14.714763679],[-17.444312442,14.714740824],[-17.446180819,14.714858409],[-17.44617881,14.714886546],[-17.446109242,14.715861079],[-17.446044917,14.717146863],[-17.446041996,14.717205266],[-17.446074791,14.718113546],[-17.446239894,14.718824115],[-17.446478242,14.719495664],[-17.446712966,14.719962294],[-17.446814575,14.720105101],[-17.446768371,14.7201376],[-17.446747097,14.720156113],[-17.446524897,14.720349477],[-17.446383514,14.720474541],[-17.445463481,14.721166929],[-17.444766505,14.721836131],[-17.442471703,14.721693547],[-17.442462527,14.721879916],[-17.440668558,14.721846452]]]]},"properties":{"region":"DAKAR","departement":"DAKAR","commune":"HLM","syscolCommune":"01130123","numSection":"002","surfaceM2":397946.0201}},{"type":"Feature","geometry":{"type":"MultiPolygon","coordinates":[[[[-17.435264047,14.721040618],[-17.433314192,14.719286537],[-17.432913485,14.71894176],[-17.432656405,14.71874375],[-17.43276495,14.718533808],[-17.432974845,14.718152026],[-17.433141168,14.717849346],[-17.433371688,14.717395355],[-17.4337106,14.716727591],[-17.433812767,14.716394859],[-17.433879836,14.716051831],[-17.433872375,14.715656061],[-17.433701757,14.714811311],[-17.434187811,14.714774207],[-17.434570834,14.714765401],[-17.43606556,14.714682756],[-17.43644526,14.715709886],[-17.437370102,14.718164763],[-17.437741694,14.719228279],[-17.437832796,14.719629356],[-17.437848146,14.719854617],[-17.437832563,14.720084236],[-17.437782274,14.720318633],[-17.437694274,14.72055931],[-17.437588518,14.720789714],[-17.436768523,14.721635767],[-17.43656525,14.721844928],[-17.436402891,14.722036397],[-17.435264047,14.721040618]]]]},"properties":{"region":"DAKAR","departement":"DAKAR","commune":"HANN BEL AIR","syscolCommune":"01130124","numSection":"018","surfaceM2":274465.3369}},{"type":"Feature","geometry":{"type":"MultiPolygon","coordinates":[[[[-17.429546664,14.723211837],[-17.429230681,14.72301893],[-17.428867402,14.72282675],[-17.428584636,14.722686649],[-17.428124058,14.722480708],[-17.428789182,14.721739763],[-17.429610245,14.720443757],[-17.430217968,14.718743444],[-17.430315315,14.718294266],[-17.430682736,14.718441201],[-17.430919687,14.718528216],[-17.431281689,14.718648547],[-17.431795913,14.718675056],[-17.431997675,14.71867942],[-17.431999843,14.718761789],[-17.432619873,14.718830476],[-17.432585331,14.718922014],[-17.43249503,14.719174568],[-17.43232405,14.719618232],[-17.432148226,14.720068813],[-17.432080982,14.720240991],[-17.431813982,14.720949104],[-17.431619187,14.721413345],[-17.431388241,14.721999568],[-17.431083968,14.722720178],[-17.431077548,14.722735513],[-17.430729482,14.723441405],[-17.43052469,14.723816315],[-17.429546664,14.723211837]]]]},"properties":{"region":"DAKAR","departement":"DAKAR","commune":"HANN BEL AIR","syscolCommune":"01130124","numSection":"016","surfaceM2":141223.5599}},{"type":"Feature","geometry":{"type":"MultiPolygon","coordinates":[[[[-17.439570997,14.724764332],[-17.439170877,14.724474061],[-17.438387928,14.723826915],[-17.438366615,14.723809298],[-17.43741039,14.722969491],[-17.436402891,14.722036397],[-17.43656525,14.721844928],[-17.436768523,14.721635767],[-17.437588518,14.720789714],[-17.437694274,14.72055931],[-17.437782274,14.720318633],[-17.437832563,14.720084236],[-17.437848146,14.719854617],[-17.437832796,14.719629356],[-17.437741694,14.719228279],[-17.437370102,14.718164763],[-17.438447442,14.71822759],[-17.440948027,14.718370892],[-17.440941051,14.718473009],[-17.440729071,14.72074611],[-17.440668558,14.721846452],[-17.440542694,14.72413513],[-17.440465246,14.725449983],[-17.439570997,14.724764332]]]]},"properties":{"region":"DAKAR","departement":"DAKAR","commune":"HANN BEL AIR","syscolCommune":"01130124","numSection":"019","surfaceM2":240535.7378}},{"type":"Feature","geometry":{"type":"MultiPolygon","coordinates":[[[[-17.443700746,14.726723485],[-17.442368821,14.726547543],[-17.44214732,14.726500442],[-17.441599858,14.726300651],[-17.441092518,14.725939714],[-17.440465246,14.725449983],[-17.440542694,14.72413513],[-17.440668558,14.721846452],[-17.442462527,14.721879916],[-17.442471703,14.721693547],[-17.444766505,14.721836131],[-17.445463481,14.721166929],[-17.446383514,14.720474541],[-17.446524897,14.720349477],[-17.446747097,14.720156113],[-17.446768371,14.7201376],[-17.446814575,14.720105101],[-17.446948862,14.720293835],[-17.447447528,14.720897022],[-17.447799129,14.721197764],[-17.447015704,14.722130075],[-17.446603908,14.722660951],[-17.445076882,14.725407445],[-17.444542645,14.726318052],[-17.444450743,14.726499379],[-17.444342549,14.726778316],[-17.443700746,14.726723485]]]]},"properties":{"region":"DAKAR","departement":"DAKAR","commune":"HLM","syscolCommune":"01130123","numSection":"001","surfaceM2":321841.8572}},{"type":"Feature","geometry":{"type":"MultiPolygon","coordinates":[[[[-17.42500203,14.728913533],[-17.424828025,14.728533704],[-17.424696638,14.728328304],[-17.424458353,14.728076849],[-17.423752502,14.727277479],[-17.426180717,14.725087233],[-17.427069918,14.723655003],[-17.428124058,14.722480708],[-17.428584636,14.722686649],[-17.428867402,14.72282675],[-17.429230681,14.72301893],[-17.429546664,14.723211837],[-17.43052469,14.723816315],[-17.428551212,14.727452659],[-17.4279485,14.728200081],[-17.427912713,14.72824446],[-17.425602465,14.729754524],[-17.42500203,14.728913533]]]]},"properties":{"region":"DAKAR","departement":"DAKAR","commune":"HANN BEL AIR","syscolCommune":"01130124","numSection":"013","surfaceM2":274322.6839}},{"type":"Feature","geometry":{"type":"MultiPolygon","coordinates":[[[[-17.435122071,14.731807886],[-17.433626668,14.731558923],[-17.431999185,14.731253341],[-17.430889662,14.731009948],[-17.429794597,14.730389158],[-17.42980838,14.730329827],[-17.429975637,14.729830165],[-17.429754022,14.729715249],[-17.429377761,14.729489665],[-17.42912597,14.729389756],[-17.428617124,14.729187588],[-17.428394923,14.729078314],[-17.428660899,14.728581203],[-17.428345716,14.728398009],[-17.428202456,14.728435422],[-17.427953267,14.728205327],[-17.4279485,14.728200081],[-17.428551212,14.727452659],[-17.43052469,14.723816315],[-17.430729482,14.723441405],[-17.431077548,14.722735513],[-17.431083968,14.722720178],[-17.431388241,14.721999568],[-17.431619187,14.721413345],[-17.431813982,14.720949104],[-17.432080982,14.720240991],[-17.432148226,14.720068813],[-17.43232405,14.719618232],[-17.43249503,14.719174568],[-17.432585331,14.718922014],[-17.432619873,14.718830476],[-17.432656405,14.71874375],[-17.432913485,14.71894176],[-17.433314192,14.719286537],[-17.435264047,14.721040618],[-17.436402891,14.722036397],[-17.43741039,14.722969491],[-17.438366615,14.723809298],[-17.438387928,14.723826915],[-17.438072255,14.724183753],[-17.437764462,14.724553782],[-17.43760051,14.72485119],[-17.437592129,14.724871461],[-17.437481826,14.725138203],[-17.437481784,14.725138305],[-17.437405451,14.725469676],[-17.437405373,14.725470003],[-17.437286966,14.726076743],[-17.437214363,14.726387283],[-17.437131319,14.726634269],[-17.436799706,14.727452649],[-17.4366949,14.727710565],[-17.43651746,14.728166434],[-17.436206629,14.728964874],[-17.436205544,14.72896766],[-17.436175055,14.72903468],[-17.435802046,14.729859345],[-17.435655486,14.730158969],[-17.435562308,14.730350157],[-17.435281045,14.731406279],[-17.43528089,14.731406787],[-17.435153276,14.731814332],[-17.435153263,14.731814383],[-17.435153113,14.73181491],[-17.435153082,14.731814903],[-17.435142436,14.731812495],[-17.435134962,14.731810803],[-17.435122071,14.731807886]]]]},"properties":{"region":"DAKAR","departement":"DAKAR","commune":"HANN BEL AIR","syscolCommune":"01130124","numSection":"014","surfaceM2":897849.9941}},{"type":"Feature","geometry":{"type":"MultiPolygon","coordinates":[[[[-17.423507166,14.731019792],[-17.424147612,14.730611742],[-17.425103324,14.730028215],[-17.425602465,14.729754524],[-17.427912713,14.72824446],[-17.4279485,14.728200081],[-17.427953267,14.728205327],[-17.428202456,14.728435422],[-17.428345716,14.728398009],[-17.428660899,14.728581203],[-17.428394923,14.729078314],[-17.428617124,14.729187588],[-17.428422231,14.729570723],[-17.42812808,14.730170181],[-17.42779841,14.730759615],[-17.427111375,14.732190681],[-17.427088796,14.732237713],[-17.426837376,14.732758672],[-17.426804083,14.732726962],[-17.426646694,14.732692691],[-17.424705944,14.733125091],[-17.423507166,14.731019792]]]]},"properties":{"region":"DAKAR","departement":"DAKAR","commune":"HANN BEL AIR","syscolCommune":"01130124","numSection":"011","surfaceM2":154804.5668}},{"type":"Feature","geometry":{"type":"MultiPolygon","coordinates":[[[[-17.419242654,14.733228522],[-17.418783726,14.732417931],[-17.418690697,14.732205542],[-17.418565989,14.731971519],[-17.417884469,14.730992474],[-17.41830701,14.730793534],[-17.421557895,14.728862318],[-17.423216622,14.727760833],[-17.423752502,14.727277479],[-17.424458353,14.728076849],[-17.424696638,14.728328304],[-17.424828025,14.728533704],[-17.42500203,14.728913533],[-17.425602465,14.729754524],[-17.425103324,14.730028215],[-17.424147612,14.730611742],[-17.423507166,14.731019792],[-17.423462552,14.731048217],[-17.420090705,14.733316507],[-17.419465838,14.733696666],[-17.419242654,14.733228522]]]]},"properties":{"region":"DAKAR","departement":"DAKAR","commune":"HANN BEL AIR","syscolCommune":"01130124","numSection":"010","surfaceM2":252695.8138}},{"type":"Feature","geometry":{"type":"MultiPolygon","coordinates":[[[[-17.428422231,14.729570723],[-17.428617124,14.729187588],[-17.42912597,14.729389756],[-17.429377761,14.729489665],[-17.429754022,14.729715249],[-17.429975637,14.729830165],[-17.42980838,14.730329827],[-17.429794597,14.730389158],[-17.430889662,14.731009948],[-17.431999185,14.731253341],[-17.433626668,14.731558923],[-17.435122071,14.731807886],[-17.434977321,14.732186751],[-17.434521185,14.733083317],[-17.43428157,14.733554292],[-17.433601704,14.734839775],[-17.430948888,14.733587194],[-17.430545699,14.733375345],[-17.428998262,14.732662425],[-17.427111375,14.732190681],[-17.42779841,14.730759615],[-17.42812808,14.730170181],[-17.428422231,14.729570723]]]]},"properties":{"region":"DAKAR","departement":"DAKAR","commune":"HANN BEL AIR","syscolCommune":"01130124","numSection":"012","surfaceM2":237450.943}},{"type":"Feature","geometry":{"type":"MultiPolygon","coordinates":[[[[-17.420998862,14.735033776],[-17.420090705,14.733316507],[-17.423462552,14.731048217],[-17.423507166,14.731019792],[-17.424705944,14.733125091],[-17.426646694,14.732692691],[-17.426804083,14.732726962],[-17.426837376,14.732758672],[-17.425507462,14.735339294],[-17.42420838,14.734693177],[-17.421154843,14.735574414],[-17.42112228,14.735424371],[-17.420998862,14.735033776]]]]},"properties":{"region":"DAKAR","departement":"DAKAR","commune":"HANN BEL AIR","syscolCommune":"01130124","numSection":"008","surfaceM2":193014.2891}},{"type":"Feature","geometry":{"type":"MultiPolygon","coordinates":[[[[-17.433775211,14.736353762],[-17.433449801,14.735344597],[-17.433434019,14.735193754],[-17.433586852,14.734867856],[-17.433601704,14.734839775],[-17.43428157,14.733554292],[-17.434521185,14.733083317],[-17.434977321,14.732186751],[-17.435122071,14.731807886],[-17.435134962,14.731810803],[-17.435142436,14.731812495],[-17.435153082,14.731814903],[-17.435153113,14.73181491],[-17.43539779,14.731870274],[-17.436494423,14.731924462],[-17.43894311,14.7320869],[-17.439189299,14.7318632],[-17.439606163,14.731527148],[-17.439910024,14.731092864],[-17.440112316,14.730861302],[-17.440001812,14.73248725],[-17.439992725,14.732651068],[-17.439911308,14.734414332],[-17.439830079,14.735581725],[-17.438636063,14.73554066],[-17.437584355,14.735593895],[-17.437222288,14.735718497],[-17.436871517,14.735980347],[-17.433933584,14.736875764],[-17.43383173,14.736529037],[-17.433775211,14.736353762]]]]},"properties":{"region":"DAKAR","departement":"DAKAR","commune":"HANN BEL AIR","syscolCommune":"01130124","numSection":"005","surfaceM2":288745.5807}},{"type":"Feature","geometry":{"type":"MultiPolygon","coordinates":[[[[-17.413030518,14.732977171],[-17.41595209,14.731902262],[-17.417884469,14.730992474],[-17.418565989,14.731971519],[-17.418690697,14.732205542],[-17.418783726,14.732417931],[-17.419242654,14.733228522],[-17.419465838,14.733696666],[-17.414475207,14.736732781],[-17.413030518,14.732977171]]]]},"properties":{"region":"DAKAR","departement":"DAKAR","commune":"HANN BEL AIR","syscolCommune":"01130124","numSection":"009","surfaceM2":233894.4947}},{"type":"Feature","geometry":{"type":"MultiPolygon","coordinates":[[[[-17.427088796,14.732237713],[-17.427111375,14.732190681],[-17.428998262,14.732662425],[-17.430545699,14.733375345],[-17.430948888,14.733587194],[-17.433601704,14.734839775],[-17.433586852,14.734867856],[-17.433434019,14.735193754],[-17.433449801,14.735344597],[-17.433775211,14.736353762],[-17.430407424,14.737318835],[-17.42948112,14.737597193],[-17.42929517,14.737141298],[-17.425507462,14.735339294],[-17.426837376,14.732758672],[-17.427088796,14.732237713]]]]},"properties":{"region":"DAKAR","departement":"DAKAR","commune":"HANN BEL AIR","syscolCommune":"01130124","numSection":"006","surfaceM2":309686.5852}},{"type":"Feature","geometry":{"type":"MultiPolygon","coordinates":[[[[-17.421154843,14.735574414],[-17.42420838,14.734693177],[-17.425507462,14.735339294],[-17.42929517,14.737141298],[-17.42948112,14.737597193],[-17.429185864,14.73776385],[-17.428165368,14.738055669],[-17.42472693,14.73905387],[-17.424693667,14.739063526],[-17.423285824,14.739429453],[-17.422396085,14.739686414],[-17.422155062,14.739743998],[-17.422060068,14.739195427],[-17.421921338,14.738446224],[-17.421760353,14.737735892],[-17.421440704,14.736524944],[-17.42138925,14.736426],[-17.421355838,14.736223782],[-17.421234051,14.73578749],[-17.421158134,14.735589582],[-17.421154843,14.735574414]]]]},"properties":{"region":"DAKAR","departement":"DAKAR","commune":"HANN BEL AIR","syscolCommune":"01130124","numSection":"007","surfaceM2":288787.4519}},{"type":"Feature","geometry":{"type":"MultiPolygon","coordinates":[[[[-17.425368409,14.741103889],[-17.42472693,14.73905387],[-17.428165368,14.738055669],[-17.429185864,14.73776385],[-17.42948112,14.737597193],[-17.430407424,14.737318835],[-17.433775211,14.736353762],[-17.43383173,14.736529037],[-17.433933584,14.736875764],[-17.433239096,14.737078697],[-17.43315335,14.737114899],[-17.432831938,14.737433046],[-17.432279033,14.738000732],[-17.432060879,14.738226598],[-17.431315303,14.738994463],[-17.430702965,14.739636824],[-17.430214226,14.740156668],[-17.429490936,14.740898232],[-17.428319485,14.742108031],[-17.428146308,14.742246974],[-17.428078166,14.742307536],[-17.425474491,14.741220446],[-17.425368409,14.741103889]]]]},"properties":{"region":"DAKAR","departement":"DAKAR","commune":"HANN BEL AIR","syscolCommune":"01130124","numSection":"003","surfaceM2":267503.1789}},{"type":"Feature","geometry":{"type":"MultiPolygon","coordinates":[[[[-17.433933584,14.736875764],[-17.436871517,14.735980347],[-17.437222288,14.735718497],[-17.437584355,14.735593895],[-17.438636063,14.73554066],[-17.439830079,14.735581725],[-17.439817114,14.735768042],[-17.439755047,14.737257638],[-17.439713901,14.737517161],[-17.439594926,14.739081004],[-17.439564984,14.739701521],[-17.439580956,14.740035349],[-17.43974777,14.740701582],[-17.439885869,14.740998436],[-17.439977024,14.741247843],[-17.440029561,14.741450025],[-17.440052745,14.74159659],[-17.440016763,14.741748343],[-17.439944842,14.741892204],[-17.43977477,14.742025266],[-17.439490564,14.742074408],[-17.438667671,14.742041143],[-17.438075364,14.742071857],[-17.436440386,14.742357352],[-17.433939674,14.742862907],[-17.433808764,14.742266655],[-17.433628305,14.741940552],[-17.433461153,14.741315722],[-17.433352466,14.741191842],[-17.433098172,14.740885636],[-17.433099773,14.740757654],[-17.433221308,14.740541629],[-17.433634694,14.739931282],[-17.433732097,14.739719924],[-17.433786296,14.739564912],[-17.433831133,14.739383524],[-17.433856587,14.739225874],[-17.433924174,14.7390516],[-17.434356293,14.738223367],[-17.433986462,14.737040272],[-17.433933584,14.736875764]]]]},"properties":{"region":"DAKAR","departement":"DAKAR","commune":"HANN BEL AIR","syscolCommune":"01130124","numSection":"001","surfaceM2":449157.3524}},{"type":"Feature","geometry":{"type":"MultiPolygon","coordinates":[[[[-17.426388607,14.743656529],[-17.426470736,14.743332447],[-17.426586386,14.743344996],[-17.427338776,14.742843801],[-17.427635822,14.742632325],[-17.427908103,14.742435499],[-17.428047871,14.742334463],[-17.428078166,14.742307536],[-17.428146308,14.742246974],[-17.428319485,14.742108031],[-17.429490936,14.740898232],[-17.430214226,14.740156668],[-17.430702965,14.739636824],[-17.431315303,14.738994463],[-17.432060879,14.738226598],[-17.432279033,14.738000732],[-17.432831938,14.737433046],[-17.43315335,14.737114899],[-17.433239096,14.737078697],[-17.433933584,14.736875764],[-17.433986462,14.737040272],[-17.434356293,14.738223367],[-17.433924174,14.7390516],[-17.433856587,14.739225874],[-17.433831133,14.739383524],[-17.433786296,14.739564912],[-17.433732097,14.739719924],[-17.433634694,14.739931282],[-17.433221308,14.740541629],[-17.433099773,14.740757654],[-17.433098172,14.740885636],[-17.433352466,14.741191842],[-17.433461153,14.741315722],[-17.433628305,14.741940552],[-17.433808764,14.742266655],[-17.433939674,14.742862907],[-17.432424341,14.74316924],[-17.430626011,14.743585613],[-17.428811959,14.744038747],[-17.427710494,14.744298729],[-17.427657362,14.744309758],[-17.427126008,14.743935987],[-17.427048661,14.743857613],[-17.426388607,14.743656529]]]]},"properties":{"region":"DAKAR","departement":"DAKAR","commune":"HANN BEL AIR","syscolCommune":"01130124","numSection":"002","surfaceM2":302222.4103}},{"type":"Feature","geometry":{"type":"MultiPolygon","coordinates":[[[[-17.42328466,14.743723438],[-17.422905929,14.74274253],[-17.422348468,14.740852332],[-17.422210206,14.740062446],[-17.422160112,14.739773166],[-17.422155062,14.739743998],[-17.422396085,14.739686414],[-17.423285824,14.739429453],[-17.424693667,14.739063526],[-17.42472693,14.73905387],[-17.425368409,14.741103889],[-17.425474491,14.741220446],[-17.428078166,14.742307536],[-17.428047871,14.742334463],[-17.427908103,14.742435499],[-17.427635822,14.742632325],[-17.427338776,14.742843801],[-17.426586386,14.743344996],[-17.426470736,14.743332447],[-17.426388607,14.743656529],[-17.427048661,14.743857613],[-17.427126008,14.743935987],[-17.427657362,14.744309758],[-17.425112004,14.744838078],[-17.424504857,14.745003853],[-17.424487152,14.744736287],[-17.424442463,14.744471428],[-17.424401581,14.744328437],[-17.424183603,14.744163399],[-17.423862317,14.743985101],[-17.42328466,14.743723438]]]]},"properties":{"region":"DAKAR","departement":"DAKAR","commune":"HANN BEL AIR","syscolCommune":"01130124","numSection":"004","surfaceM2":222056.6381}},{"type":"Feature","geometry":{"type":"MultiPolygon","coordinates":[[[[-17.435153113,14.73181491],[-17.435153263,14.731814383],[-17.435153276,14.731814332],[-17.43528089,14.731406787],[-17.435281045,14.731406279],[-17.435562308,14.730350157],[-17.435655486,14.730158969],[-17.435802046,14.729859345],[-17.436175055,14.72903468],[-17.436205544,14.72896766],[-17.436206629,14.728964874],[-17.43651746,14.728166434],[-17.4366949,14.727710565],[-17.436799706,14.727452649],[-17.437131319,14.726634269],[-17.437214363,14.726387283],[-17.437286966,14.726076743],[-17.437405373,14.725470003],[-17.437405451,14.725469676],[-17.437481784,14.725138305],[-17.437481826,14.725138203],[-17.437592129,14.724871461],[-17.43760051,14.72485119],[-17.437764462,14.724553782],[-17.438072255,14.724183753],[-17.438387928,14.723826915],[-17.439170877,14.724474061],[-17.439570997,14.724764332],[-17.440465246,14.725449983],[-17.440361333,14.727177676],[-17.440215999,14.729335717],[-17.440112316,14.730861302],[-17.439910024,14.731092864],[-17.439606163,14.731527148],[-17.439189299,14.7318632],[-17.43894311,14.7320869],[-17.436494423,14.731924462],[-17.43539779,14.731870274],[-17.435153113,14.73181491]]]]},"properties":{"region":"DAKAR","departement":"DAKAR","commune":"HANN BEL AIR","syscolCommune":"01130124","numSection":"015","surfaceM2":335181.8814}},{"type":"Feature","geometry":{"type":"MultiPolygon","coordinates":[[[[-17.473087924,14.747405933],[-17.472820257,14.747229049],[-17.472553471,14.747052745],[-17.472273942,14.746768905],[-17.472029701,14.746347243],[-17.47181124,14.745761575],[-17.471738171,14.745272352],[-17.471715369,14.744884178],[-17.471712215,14.744634883],[-17.471711382,14.744569194],[-17.470787603,14.744602229],[-17.470769583,14.743873469],[-17.470746175,14.743802153],[-17.47031228,14.74354149],[-17.470166888,14.743454146],[-17.470110623,14.743420345],[-17.470018468,14.743364982],[-17.469991303,14.743349737],[-17.469930122,14.743485381],[-17.469910156,14.743529649],[-17.46990649,14.743535222],[-17.469907422,14.743535712],[-17.469525372,14.744114636],[-17.469330322,14.74433453],[-17.468946757,14.744733686],[-17.468700445,14.744990012],[-17.468509358,14.745188861],[-17.46838961,14.745271952],[-17.468396833,14.745283109],[-17.468408985,14.745297519],[-17.468427003,14.745318886],[-17.468518649,14.745427559],[-17.468616115,14.745543134],[-17.468954171,14.745944001],[-17.469186168,14.7462191],[-17.46948789,14.746576878],[-17.469788133,14.746932901],[-17.470007888,14.747193484],[-17.470148912,14.747360704],[-17.470428266,14.747699316],[-17.470503875,14.747788002],[-17.471002575,14.748372947],[-17.471271227,14.748688058],[-17.471573968,14.74904315],[-17.471848008,14.749364579],[-17.471958093,14.749470138],[-17.471961061,14.749471856],[-17.47208938,14.749546178],[-17.472092122,14.74954725],[-17.47222742,14.749600124],[-17.472225276,14.749584431],[-17.472178667,14.749243337],[-17.472073995,14.748480819],[-17.472319606,14.74844253],[-17.472344738,14.748390186],[-17.472159527,14.74817424],[-17.473087924,14.747405933]]]]},"properties":{"region":"DAKAR","departement":"DAKAR","commune":"YOFF","syscolCommune":"01130133","numSection":"031","surfaceM2":144324.9237}},{"type":"Feature","geometry":{"type":"MultiPolygon","coordinates":[[[[-17.469905511,14.679817628],[-17.469892447,14.679784338],[-17.469862686,14.679773104],[-17.469799583,14.679756829],[-17.469759289,14.679744529],[-17.469648526,14.679710027],[-17.469515491,14.679488249],[-17.469414274,14.679315616],[-17.469384731,14.679189266],[-17.469376743,14.679141878],[-17.469324044,14.679050406],[-17.46934214,14.678831529],[-17.469321115,14.678829358],[-17.469323223,14.678863535],[-17.468785807,14.678808031],[-17.468158016,14.678341694],[-17.468073489,14.67837875],[-17.467933255,14.678588574],[-17.467739833,14.678267264],[-17.467542693,14.678084578],[-17.467345669,14.677912157],[-17.467223433,14.677826199],[-17.466910596,14.677670406],[-17.466635584,14.677596337],[-17.466413582,14.677547367],[-17.466139319,14.677540015],[-17.465643629,14.677535015],[-17.465205874,14.677524266],[-17.464783992,14.67751848],[-17.464457123,14.67752195],[-17.464361014,14.677535749],[-17.464461438,14.681258726],[-17.464441619,14.68125733],[-17.46444252,14.681290731],[-17.46421737,14.681274872],[-17.464138429,14.681239302],[-17.46389127,14.681235912],[-17.461871143,14.681201769],[-17.461873363,14.681702405],[-17.461902038,14.68233327],[-17.46188221,14.682345271],[-17.46188312,14.682365275],[-17.461263394,14.682740357],[-17.46125566,14.682834542],[-17.461237442,14.682858017],[-17.461236741,14.682866548],[-17.461207972,14.682903617],[-17.461406566,14.682832288],[-17.461538605,14.68280196],[-17.461667885,14.682766399],[-17.461935372,14.682768823],[-17.462278377,14.682759923],[-17.46266757,14.682774203],[-17.462937699,14.682771336],[-17.463402616,14.6827927],[-17.463948159,14.682776389],[-17.464420856,14.68276874],[-17.465136756,14.682766396],[-17.465774289,14.682762253],[-17.466538812,14.682759388],[-17.467162897,14.682760644],[-17.467843502,14.682742888],[-17.46828387,14.682743464],[-17.468559637,14.68276157],[-17.469235431,14.682822836],[-17.469237492,14.682833093],[-17.469249008,14.682834308],[-17.469286934,14.682785795],[-17.469338139,14.682728274],[-17.469418314,14.682664573],[-17.469454887,14.682617174],[-17.469482039,14.682555111],[-17.469485257,14.682482973],[-17.469425523,14.682370262],[-17.469453688,14.682272037],[-17.469461412,14.682224594],[-17.469469631,14.682161138],[-17.469472366,14.682090057],[-17.469462727,14.68201602],[-17.469494844,14.681986699],[-17.469555787,14.681969919],[-17.469599028,14.681926796],[-17.469627479,14.681865933],[-17.46966067,14.681797788],[-17.469675694,14.681734365],[-17.469682149,14.68165206],[-17.469695497,14.681524405],[-17.469711492,14.681465489],[-17.469747089,14.681376486],[-17.469719826,14.681327942],[-17.469696374,14.68127527],[-17.469693309,14.681235078],[-17.469705745,14.681175447],[-17.469735019,14.68110905],[-17.46976072,14.681039105],[-17.469719594,14.680987141],[-17.469709045,14.680943248],[-17.469685763,14.680917438],[-17.469682437,14.680869907],[-17.469727858,14.680832878],[-17.469771662,14.680788604],[-17.469795082,14.68071456],[-17.469801592,14.680645651],[-17.469742444,14.68063555],[-17.46972469,14.680600365],[-17.469762414,14.680542765],[-17.469782261,14.680498848],[-17.469777737,14.680465309],[-17.469740888,14.680448084],[-17.469703073,14.68043031],[-17.469696423,14.680364924],[-17.46972191,14.680303993],[-17.46973494,14.680227309],[-17.469766083,14.680135089],[-17.469771918,14.680094194],[-17.469739503,14.680032142],[-17.469740285,14.67999685],[-17.469770751,14.679974072],[-17.469800998,14.679955483],[-17.469829764,14.679932785],[-17.469869894,14.679896925],[-17.469902373,14.679856755],[-17.469905511,14.679817628]]]]},"properties":{"region":"DAKAR","departement":"DAKAR","commune":"FANN POINT E AMITIE","syscolCommune":"01130115","numSection":"004","surfaceM2":344476.0856}},{"type":"Feature","geometry":{"type":"MultiPolygon","coordinates":[[[[-17.477401329,14.692749656],[-17.477314359,14.692758282],[-17.477235513,14.692735599],[-17.477158573,14.692708531],[-17.477081151,14.692672102],[-17.477015113,14.692651773],[-17.476942199,14.692631517],[-17.476851812,14.692629614],[-17.476804056,14.692575626],[-17.476747666,14.692539896],[-17.476704919,14.69249446],[-17.47668068,14.69243544],[-17.476674141,14.692378143],[-17.476644165,14.69232137],[-17.476638072,14.692242863],[-17.476651624,14.69217784],[-17.47666119,14.692111527],[-17.476690803,14.692059104],[-17.47666742,14.692010592],[-17.476636734,14.691967895],[-17.476598943,14.691934455],[-17.476495123,14.691910005],[-17.4764513,14.691879069],[-17.476393948,14.691825168],[-17.47631717,14.691762976],[-17.476270071,14.691736698],[-17.476199962,14.691713498],[-17.476127871,14.691675124],[-17.476065051,14.691640159],[-17.475933309,14.6917109],[-17.475863454,14.691711646],[-17.475825989,14.691731764],[-17.475501892,14.691735223],[-17.474285094,14.691839037],[-17.474015832,14.691828764],[-17.473400966,14.69215381],[-17.472382353,14.692548045],[-17.471468707,14.692880379],[-17.470779566,14.693102785],[-17.470198278,14.6933205],[-17.469469041,14.693593624],[-17.468512162,14.693926407],[-17.468311349,14.694008025],[-17.467642436,14.694749166],[-17.467073111,14.69537704],[-17.466466413,14.696098817],[-17.466140789,14.69650727],[-17.466095091,14.696470356],[-17.466044741,14.696537239],[-17.466197084,14.696597444],[-17.466626168,14.696954048],[-17.467040451,14.697275743],[-17.467089654,14.697316499],[-17.467184024,14.697394668],[-17.467196979,14.697295639],[-17.467511396,14.697556078],[-17.467773967,14.697840815],[-17.467949342,14.698059856],[-17.468782027,14.69872304],[-17.468899768,14.698609395],[-17.469422223,14.698084872],[-17.469820649,14.697636475],[-17.470081323,14.697325128],[-17.47025639,14.697089498],[-17.470422851,14.69694279],[-17.470685783,14.696832456],[-17.470934729,14.696759674],[-17.471270962,14.696760766],[-17.471530774,14.696800074],[-17.471708627,14.696812205],[-17.471803679,14.69672236],[-17.471894612,14.696693339],[-17.471966335,14.696664523],[-17.472332856,14.696796199],[-17.472462841,14.696822864],[-17.472553458,14.696765794],[-17.472754851,14.696735595],[-17.472956243,14.696705396],[-17.473529011,14.696811493],[-17.473762314,14.696866223],[-17.474993709,14.693998232],[-17.47510684,14.693868874],[-17.475194163,14.693769024],[-17.475267826,14.693684794],[-17.475319771,14.693625397],[-17.475389234,14.693586039],[-17.475460979,14.693524321],[-17.475532482,14.693441094],[-17.47558113,14.69339994],[-17.475644079,14.69332039],[-17.475671507,14.693248389],[-17.475739744,14.693202244],[-17.475768508,14.693139791],[-17.475752219,14.693056763],[-17.47589902,14.692869461],[-17.475946387,14.692908426],[-17.475999552,14.69286803],[-17.47597596,14.692821734],[-17.476219789,14.692794736],[-17.476304214,14.692847239],[-17.476402439,14.692847386],[-17.476466047,14.692826389],[-17.47652778,14.692856803],[-17.476584817,14.69290639],[-17.476644538,14.69288902],[-17.476656637,14.692829613],[-17.476739944,14.692813425],[-17.476827628,14.69283687],[-17.476891859,14.692871082],[-17.476942541,14.692836121],[-17.47702656,14.692839525],[-17.477088953,14.692812247],[-17.477211382,14.692810303],[-17.477312734,14.69282643],[-17.477392048,14.692804548],[-17.477401329,14.692749656]]]]},"properties":{"region":"DAKAR","departement":"DAKAR","commune":"FANN POINT E AMITIE","syscolCommune":"01130115","numSection":"007","surfaceM2":415981.5682}},{"type":"Feature","geometry":{"type":"MultiPolygon","coordinates":[[[[-17.475916568,14.712964712],[-17.475830759,14.712795314],[-17.475591145,14.712419179],[-17.475366837,14.712122358],[-17.47516802,14.711956172],[-17.475035127,14.7116724],[-17.475038348,14.711532107],[-17.475099309,14.711400548],[-17.475405696,14.710882994],[-17.475406574,14.71088276],[-17.475429242,14.710710002],[-17.475466299,14.710162598],[-17.475473784,14.710049557],[-17.475322279,14.710031966],[-17.47513097,14.709998946],[-17.474748709,14.709964459],[-17.474745928,14.709963655],[-17.474743539,14.709963439],[-17.47454475,14.709905952],[-17.474330682,14.709771486],[-17.4739315,14.709497889],[-17.473836861,14.709609525],[-17.473832697,14.709607318],[-17.47383169,14.709608505],[-17.473708467,14.709543198],[-17.473204413,14.70925053],[-17.472855646,14.708991268],[-17.472532805,14.708794844],[-17.472400562,14.708719018],[-17.472397286,14.708722954],[-17.472323008,14.708812182],[-17.472180424,14.708946949],[-17.471443833,14.709438699],[-17.471230034,14.709647861],[-17.471081438,14.709802131],[-17.471080244,14.709797029],[-17.471076543,14.709800069],[-17.471072003,14.70979017],[-17.471071545,14.709790645],[-17.471178005,14.71024569],[-17.471387894,14.711253315],[-17.471591101,14.712236075],[-17.471682074,14.712920813],[-17.47170085,14.713450479],[-17.471699412,14.713847008],[-17.47169929,14.713880622],[-17.471683926,14.714790909],[-17.471668015,14.715084063],[-17.471703263,14.715165144],[-17.472501424,14.714752156],[-17.47254833,14.714726112],[-17.474199421,14.713825408],[-17.475916568,14.712964712]]]]},"properties":{"region":"DAKAR","departement":"DAKAR","commune":"MERMOZ-SACRE COEUR","syscolCommune":"01130134","numSection":"012","surfaceM2":224478.9188}},{"type":"Feature","geometry":{"type":"MultiPolygon","coordinates":[[[[-17.462976567,14.693929534],[-17.462394208,14.693458955],[-17.462267686,14.693354131],[-17.461556289,14.692764735],[-17.459330997,14.693165207],[-17.459197255,14.693166625],[-17.458328856,14.694713041],[-17.457733262,14.69566689],[-17.456845061,14.697180723],[-17.456773627,14.697329716],[-17.456770069,14.697325388],[-17.45676822,14.697329244],[-17.45677021,14.697331665],[-17.456841716,14.697418634],[-17.45775249,14.698408334],[-17.45827771,14.698986599],[-17.459068099,14.699840815],[-17.459218085,14.700012857],[-17.459214002,14.700016301],[-17.459514696,14.700361214],[-17.459667945,14.700537752],[-17.459677893,14.700549212],[-17.459745904,14.70047926],[-17.459912218,14.700318533],[-17.46043423,14.699751954],[-17.460542753,14.699577815],[-17.460754527,14.699187515],[-17.461078683,14.69853888],[-17.461369061,14.697876576],[-17.461457064,14.697585771],[-17.461504146,14.697501115],[-17.461922481,14.697113297],[-17.462212455,14.696843724],[-17.462312052,14.696730459],[-17.462462644,14.696453016],[-17.462602897,14.696110228],[-17.462667303,14.695857076],[-17.462741996,14.695664595],[-17.462740476,14.695529027],[-17.462719327,14.695356264],[-17.46259701,14.695156524],[-17.462514266,14.695059221],[-17.462498235,14.694914456],[-17.462724199,14.694505303],[-17.462850147,14.694172018],[-17.462976567,14.693929534]]]]},"properties":{"region":"DAKAR","departement":"DAKAR","commune":"FANN POINT E AMITIE","syscolCommune":"01130115","numSection":"010","surfaceM2":331646.5505}},{"type":"Feature","geometry":{"type":"MultiPolygon","coordinates":[[[[-17.454840857,14.681848997],[-17.45552443,14.680469607],[-17.456041514,14.679278547],[-17.458096482,14.677895317],[-17.458466098,14.677633357],[-17.458526038,14.677645452],[-17.459377091,14.677817173],[-17.460501811,14.678152488],[-17.460639857,14.67820303],[-17.460681953,14.681685366],[-17.460494499,14.681692794],[-17.458794057,14.681691493],[-17.456768435,14.681705774],[-17.456405639,14.681870959],[-17.455270235,14.682548722],[-17.454840857,14.681848997]]]]},"properties":{"region":"DAKAR","departement":"DAKAR","commune":"GUEULE TAPEE FASS COLOBANE","syscolCommune":"01130114","numSection":"001","surfaceM2":219267.3865}},{"type":"Feature","geometry":{"type":"MultiPolygon","coordinates":[[[[-17.453656713,14.684292335],[-17.454840857,14.681848997],[-17.455270235,14.682548722],[-17.456405639,14.681870959],[-17.456768435,14.681705774],[-17.458794057,14.681691493],[-17.460494499,14.681692794],[-17.460681953,14.681685366],[-17.460699321,14.683121863],[-17.460541531,14.683178431],[-17.460402131,14.683272652],[-17.459984173,14.683445599],[-17.458814202,14.683891837],[-17.457890054,14.684253001],[-17.456660426,14.684745278],[-17.456332824,14.684874157],[-17.454917548,14.686088521],[-17.454341061,14.685556231],[-17.45402753,14.685219198],[-17.453832179,14.684965023],[-17.453586251,14.684579438],[-17.453656713,14.684292335]]]]},"properties":{"region":"DAKAR","departement":"DAKAR","commune":"GUEULE TAPEE FASS COLOBANE","syscolCommune":"01130114","numSection":"002","surfaceM2":212406.2097}},{"type":"Feature","geometry":{"type":"MultiPolygon","coordinates":[[[[-17.451868466,14.692774315],[-17.45120387,14.692497692],[-17.450529576,14.692202294],[-17.449585749,14.69179396],[-17.45069545,14.689735536],[-17.451837495,14.687595378],[-17.4519107,14.687619972],[-17.456014986,14.688972639],[-17.455894274,14.689216387],[-17.453952563,14.690154812],[-17.45287767,14.690653803],[-17.451490687,14.691286583],[-17.452178368,14.692903304],[-17.451913187,14.692792929],[-17.451868466,14.692774315]]]]},"properties":{"region":"DAKAR","departement":"DAKAR","commune":"GUEULE TAPEE FASS COLOBANE","syscolCommune":"01130114","numSection":"005","surfaceM2":162239.3647}},{"type":"Feature","geometry":{"type":"MultiPolygon","coordinates":[[[[-17.451837495,14.687595378],[-17.453586251,14.684579438],[-17.453832179,14.684965023],[-17.45402753,14.685219198],[-17.454341061,14.685556231],[-17.454917548,14.686088521],[-17.456453779,14.687388936],[-17.456539407,14.687470494],[-17.456628919,14.687569939],[-17.456744838,14.687725276],[-17.456894638,14.687945988],[-17.457219354,14.68843734],[-17.457696905,14.689185953],[-17.457696299,14.689186213],[-17.457217415,14.689392183],[-17.456014986,14.688972639],[-17.4519107,14.687619972],[-17.451837495,14.687595378]]]]},"properties":{"region":"DAKAR","departement":"DAKAR","commune":"GUEULE TAPEE FASS COLOBANE","syscolCommune":"01130114","numSection":"004","surfaceM2":139376.1142}},{"type":"Feature","geometry":{"type":"MultiPolygon","coordinates":[[[[-17.453952563,14.690154812],[-17.455894274,14.689216387],[-17.456014986,14.688972639],[-17.457217415,14.689392183],[-17.457696299,14.689186213],[-17.457696905,14.689185953],[-17.457946695,14.689579368],[-17.458113712,14.689802287],[-17.458315077,14.69002245],[-17.458515973,14.690197458],[-17.454496632,14.694019602],[-17.452178368,14.692903304],[-17.451490687,14.691286583],[-17.45287767,14.690653803],[-17.453952563,14.690154812]]]]},"properties":{"region":"DAKAR","departement":"DAKAR","commune":"GUEULE TAPEE FASS COLOBANE","syscolCommune":"01130114","numSection":"006","surfaceM2":220125.9466}},{"type":"Feature","geometry":{"type":"MultiPolygon","coordinates":[[[[-17.44785641,14.685262474],[-17.450954826,14.682188696],[-17.450970162,14.682203059],[-17.453586251,14.684579438],[-17.451837495,14.687595378],[-17.450862657,14.686606396],[-17.449699839,14.687770306],[-17.448967382,14.687046604],[-17.448185903,14.687831525],[-17.446679113,14.686423054],[-17.44785641,14.685262474]]]]},"properties":{"region":"DAKAR","departement":"DAKAR","commune":"MEDINA","syscolCommune":"01130113","numSection":"006","surfaceM2":246121.5166}},{"type":"Feature","geometry":{"type":"MultiPolygon","coordinates":[[[[-17.450970162,14.682203059],[-17.449092876,14.680444898],[-17.450312995,14.679260516],[-17.451033022,14.679972995],[-17.451796886,14.679195904],[-17.452917413,14.680230962],[-17.453242479,14.680572467],[-17.453653538,14.680184338],[-17.454430566,14.679402262],[-17.45552443,14.680469607],[-17.454840857,14.681848997],[-17.453656713,14.684292335],[-17.453586251,14.684579438],[-17.450970162,14.682203059]]]]},"properties":{"region":"DAKAR","departement":"DAKAR","commune":"MEDINA","syscolCommune":"01130113","numSection":"007","surfaceM2":204971.7941}},{"type":"Feature","geometry":{"type":"MultiPolygon","coordinates":[[[[-17.436044077,14.659399745],[-17.434432976,14.658967721],[-17.434346248,14.659303276],[-17.433673246,14.659299045],[-17.433312795,14.6586647],[-17.43324915,14.658387389],[-17.433278375,14.658054757],[-17.433475933,14.657923817],[-17.433582059,14.657715193],[-17.433610226,14.657547384],[-17.433511665,14.656823679],[-17.433309466,14.656105814],[-17.433197291,14.655805584],[-17.433109078,14.655745223],[-17.433034854,14.655592286],[-17.432817233,14.655558498],[-17.432643767,14.655431996],[-17.432360947,14.655300271],[-17.4319196,14.655168984],[-17.43153458,14.655011562],[-17.431274166,14.6548673],[-17.431148504,14.654764497],[-17.431141638,14.654695127],[-17.430951344,14.65467568],[-17.430952341,14.654759523],[-17.430783926,14.654803596],[-17.430669385,14.654812746],[-17.430610599,14.654688652],[-17.430596911,14.654552819],[-17.429222337,14.647382027],[-17.433672685,14.647720529],[-17.433823084,14.647716822],[-17.434844364,14.650156231],[-17.436274443,14.654037503],[-17.437943531,14.655836038],[-17.437946322,14.656048284],[-17.43848017,14.656388053],[-17.438924559,14.656616304],[-17.439223602,14.657101484],[-17.439380597,14.657146955],[-17.439511871,14.657054131],[-17.439972483,14.657329032],[-17.440543804,14.657861819],[-17.440698387,14.657911749],[-17.44081574,14.658003023],[-17.440918852,14.65804847],[-17.440981803,14.658166169],[-17.441002949,14.658218521],[-17.44125846,14.658427178],[-17.441180165,14.658742086],[-17.441366984,14.65892482],[-17.441544313,14.65888475],[-17.441816186,14.659117393],[-17.441970036,14.659228277],[-17.441600807,14.660547355],[-17.437654171,14.659459353],[-17.436044077,14.659399745]]]]},"properties":{"region":"DAKAR","departement":"DAKAR","commune":"PLATEAU","syscolCommune":"01130112","numSection":"001","surfaceM2":830023.1751}},{"type":"Feature","geometry":{"type":"MultiPolygon","coordinates":[[[[-17.444811115,14.692567811],[-17.446771321,14.690676172],[-17.447089117,14.690843179],[-17.447452485,14.690974538],[-17.447828868,14.691035105],[-17.449585749,14.69179396],[-17.450529576,14.692202294],[-17.45120387,14.692497692],[-17.451868466,14.692774315],[-17.451724268,14.692996975],[-17.451602072,14.693489714],[-17.451264106,14.693406279],[-17.451094565,14.693595232],[-17.450902599,14.693623076],[-17.450855446,14.693754803],[-17.44965986,14.694791857],[-17.448627962,14.695578559],[-17.447465432,14.695727286],[-17.447470041,14.695637909],[-17.447465538,14.695057531],[-17.444811115,14.692567811]]]]},"properties":{"region":"DAKAR","departement":"DAKAR","commune":"GUEULE TAPEE FASS COLOBANE","syscolCommune":"01130114","numSection":"007","surfaceM2":224261.8295}},{"type":"Feature","geometry":{"type":"MultiPolygon","coordinates":[[[[-17.447345021,14.69806222],[-17.447465432,14.695727286],[-17.448627962,14.695578559],[-17.44965986,14.694791857],[-17.450855446,14.693754803],[-17.450902599,14.693623076],[-17.451094565,14.693595232],[-17.451264106,14.693406279],[-17.451602072,14.693489714],[-17.451724268,14.692996975],[-17.451868466,14.692774315],[-17.451913187,14.692792929],[-17.452178368,14.692903304],[-17.454496632,14.694019602],[-17.450287698,14.697776469],[-17.449850705,14.698027664],[-17.449401131,14.698164166],[-17.449175124,14.69820811],[-17.448932735,14.698246941],[-17.448514566,14.69824148],[-17.447955662,14.698157618],[-17.447560018,14.698109158],[-17.447345021,14.69806222]]]]},"properties":{"region":"DAKAR","departement":"DAKAR","commune":"GUEULE TAPEE FASS COLOBANE","syscolCommune":"01130114","numSection":"008","surfaceM2":221786.6773}},{"type":"Feature","geometry":{"type":"MultiPolygon","coordinates":[[[[-17.440739664,14.663673131],[-17.439111686,14.663344962],[-17.437477708,14.663015511],[-17.435486986,14.662620467],[-17.43473424,14.662492106],[-17.434350753,14.662450708],[-17.434137325,14.662689587],[-17.43374334,14.663919958],[-17.433491538,14.664541894],[-17.438532303,14.666278005],[-17.438533045,14.666279884],[-17.439645143,14.664955224],[-17.440238975,14.664258183],[-17.440739664,14.663673131]]]]},"properties":{"region":"DAKAR","departement":"DAKAR","commune":"PLATEAU","syscolCommune":"01130112","numSection":"004","surfaceM2":190626.3659}},{"type":"Feature","geometry":{"type":"MultiPolygon","coordinates":[[[[-17.458549445,14.676152086],[-17.458523945,14.675873105],[-17.458363846,14.674998299],[-17.458495689,14.67468723],[-17.458423949,14.674320131],[-17.458263121,14.674218763],[-17.45803933,14.67393907],[-17.457821496,14.673837937],[-17.457197889,14.673807804],[-17.456787048,14.673695657],[-17.456490702,14.673543839],[-17.4561606,14.673587163],[-17.455395571,14.673558149],[-17.454107416,14.673496671],[-17.453583403,14.674090604],[-17.452715011,14.674444719],[-17.452226523,14.674400036],[-17.452408462,14.674513084],[-17.45267978,14.674681667],[-17.453075409,14.675149375],[-17.454013359,14.676201538],[-17.454282404,14.676317737],[-17.45451087,14.676467215],[-17.455912579,14.676489181],[-17.456141134,14.676548487],[-17.45651889,14.676677717],[-17.456993399,14.676945311],[-17.458096482,14.677895317],[-17.458466098,14.677633357],[-17.458526038,14.677645452],[-17.458405996,14.676518994],[-17.458463278,14.67628517],[-17.458549445,14.676152086]]],[[[-17.447089117,14.690843179],[-17.446851756,14.690343329],[-17.445884377,14.68941572],[-17.444750145,14.688339435],[-17.444315722,14.688071756],[-17.443850083,14.687801296],[-17.443760744,14.687756512],[-17.442782864,14.688717605],[-17.442400848,14.689083118],[-17.442187322,14.689186309],[-17.44231031,14.689675377],[-17.442444222,14.690091508],[-17.442583214,14.690829187],[-17.442651478,14.691646813],[-17.442636996,14.69229629],[-17.442627752,14.692570568],[-17.444811115,14.692567811],[-17.446771321,14.690676172],[-17.447089117,14.690843179]]]]},"properties":{"region":"DAKAR","departement":"DAKAR","commune":"MEDINA","syscolCommune":"01130113","numSection":"010","surfaceM2":364014.3599}},{"type":"Feature","geometry":{"type":"MultiPolygon","coordinates":[[[[-17.447089117,14.690843179],[-17.446851756,14.690343329],[-17.445884377,14.68941572],[-17.444750145,14.688339435],[-17.445868658,14.687235271],[-17.446679113,14.686423054],[-17.448185903,14.687831525],[-17.448967382,14.687046604],[-17.449699839,14.687770306],[-17.450862657,14.686606396],[-17.451837495,14.687595378],[-17.45069545,14.689735536],[-17.449585749,14.69179396],[-17.447828868,14.691035105],[-17.447452485,14.690974538],[-17.447089117,14.690843179]]]]},"properties":{"region":"DAKAR","departement":"DAKAR","commune":"MEDINA","syscolCommune":"01130113","numSection":"001","surfaceM2":246831.9162}},{"type":"Feature","geometry":{"type":"MultiPolygon","coordinates":[[[[-17.443076796,14.679533702],[-17.44575391,14.677283205],[-17.448362677,14.679761022],[-17.447620966,14.680473877],[-17.446845836,14.681252687],[-17.446060816,14.682025863],[-17.445468728,14.68161883],[-17.444715708,14.68103014],[-17.443800863,14.680307738],[-17.443481107,14.680037928],[-17.443114441,14.679580651],[-17.443076796,14.679533702]]]]},"properties":{"region":"DAKAR","departement":"DAKAR","commune":"MEDINA","syscolCommune":"01130113","numSection":"004","surfaceM2":153293.1247}},{"type":"Feature","geometry":{"type":"MultiPolygon","coordinates":[[[[-17.441941954,14.688108214],[-17.441796312,14.68755328],[-17.441543799,14.686491328],[-17.441168174,14.685209214],[-17.440927653,14.684534055],[-17.441279144,14.684289042],[-17.441407289,14.68421957],[-17.441555182,14.684380556],[-17.44209234,14.683883692],[-17.44252578,14.683572768],[-17.442542308,14.68360646],[-17.443518138,14.684578608],[-17.444060752,14.68402073],[-17.444585268,14.683491726],[-17.445288091,14.682790998],[-17.44785641,14.685262474],[-17.446679113,14.686423054],[-17.445868658,14.687235271],[-17.444750145,14.688339435],[-17.444315722,14.688071756],[-17.443850083,14.687801296],[-17.443760744,14.687756512],[-17.442782864,14.688717605],[-17.442400848,14.689083118],[-17.442187322,14.689186309],[-17.442079931,14.688680439],[-17.441941954,14.688108214]]]]},"properties":{"region":"DAKAR","departement":"DAKAR","commune":"MEDINA","syscolCommune":"01130113","numSection":"002","surfaceM2":280011.9132}},{"type":"Feature","geometry":{"type":"MultiPolygon","coordinates":[[[[-17.444638047,14.674394848],[-17.443723833,14.673129474],[-17.442887986,14.671919421],[-17.442775581,14.671988661],[-17.44171762,14.672726455],[-17.440575237,14.673474383],[-17.439809743,14.673389506],[-17.439120241,14.673321454],[-17.438311571,14.673246286],[-17.437418461,14.673174639],[-17.437409639,14.674072587],[-17.437496047,14.675379268],[-17.437496047,14.675379268],[-17.439947231,14.675937243],[-17.441971579,14.676398031],[-17.442744488,14.675794711],[-17.443564871,14.675168725],[-17.444638047,14.674394848]]]]},"properties":{"region":"DAKAR","departement":"DAKAR","commune":"PLATEAU","syscolCommune":"01130112","numSection":"015","surfaceM2":224905.9122}},{"type":"Feature","geometry":{"type":"MultiPolygon","coordinates":[[[[-17.439947231,14.675937243],[-17.441971579,14.676398031],[-17.442744488,14.675794711],[-17.443564871,14.675168725],[-17.444638047,14.674394848],[-17.445306325,14.675137893],[-17.445972767,14.675847969],[-17.446628966,14.676546426],[-17.446549616,14.676614285],[-17.44575391,14.677283205],[-17.443076796,14.679533702],[-17.439947231,14.675937243]]]]},"properties":{"region":"DAKAR","departement":"DAKAR","commune":"PLATEAU","syscolCommune":"01130112","numSection":"014","surfaceM2":179791.1666}},{"type":"Feature","geometry":{"type":"MultiPolygon","coordinates":[[[[-17.437496047,14.675379268],[-17.439947231,14.675937243],[-17.443076796,14.679533702],[-17.439747322,14.682511355],[-17.43756427,14.6795413],[-17.437508643,14.677014109],[-17.437496047,14.675379268]]]]},"properties":{"region":"DAKAR","departement":"DAKAR","commune":"PLATEAU","syscolCommune":"01130112","numSection":"016","surfaceM2":277857.5009}},{"type":"Feature","geometry":{"type":"MultiPolygon","coordinates":[[[[-17.436050512,14.681665593],[-17.434554765,14.679285872],[-17.432955141,14.676744982],[-17.432778016,14.67604886],[-17.432796476,14.675644627],[-17.432800673,14.675173427],[-17.432717238,14.674993817],[-17.433222119,14.674860563],[-17.433684864,14.675627792],[-17.434209673,14.676011915],[-17.435514633,14.676777479],[-17.435655155,14.67660629],[-17.437508643,14.677014109],[-17.43756427,14.6795413],[-17.437560689,14.680244361],[-17.436694125,14.68102743],[-17.436742459,14.681092376],[-17.436706851,14.681126909],[-17.436576463,14.681254551],[-17.436050512,14.681665593]]]]},"properties":{"region":"DAKAR","departement":"DAKAR","commune":"PLATEAU","syscolCommune":"01130112","numSection":"018","surfaceM2":193526.6844}},{"type":"Feature","geometry":{"type":"MultiPolygon","coordinates":[[[[-17.439747322,14.682511355],[-17.43756427,14.6795413],[-17.437560689,14.680244361],[-17.436694125,14.68102743],[-17.436691979,14.68102946],[-17.436745185,14.681091003],[-17.436576463,14.681254551],[-17.436050512,14.681665593],[-17.436802256,14.683112162],[-17.437454872,14.684710303],[-17.43807401,14.684116418],[-17.438231439,14.6838844],[-17.438493551,14.683600035],[-17.439573914,14.682642098],[-17.439739803,14.682514937],[-17.439741438,14.682516999],[-17.439747322,14.682511355]]]]},"properties":{"region":"DAKAR","departement":"DAKAR","commune":"PLATEAU","syscolCommune":"01130112","numSection":"017","surfaceM2":105340.1803}},{"type":"Feature","geometry":{"type":"MultiPolygon","coordinates":[[[[-17.4416177,14.668518739],[-17.441825656,14.669483358],[-17.441711579,14.669602878],[-17.442876423,14.670583787],[-17.443737126,14.671396363],[-17.442887986,14.671919421],[-17.442775581,14.671988661],[-17.44171762,14.672726455],[-17.440575237,14.673474383],[-17.439809743,14.673389506],[-17.439120241,14.673321454],[-17.438311571,14.673246286],[-17.437418461,14.673174639],[-17.437272398,14.669282013],[-17.438214748,14.669182402],[-17.439667704,14.669157217],[-17.4416177,14.668518739]]]]},"properties":{"region":"DAKAR","departement":"DAKAR","commune":"PLATEAU","syscolCommune":"01130112","numSection":"011","surfaceM2":259521.8421}},{"type":"Feature","geometry":{"type":"MultiPolygon","coordinates":[[[[-17.432982195,14.666010327],[-17.43118954,14.665497718],[-17.431162265,14.665522235],[-17.431125261,14.6655529],[-17.430802788,14.665706502],[-17.430689702,14.665835791],[-17.430601841,14.665883285],[-17.430516334,14.665863855],[-17.430337774,14.665984923],[-17.430434399,14.666123454],[-17.430533968,14.666190508],[-17.430375768,14.666199918],[-17.430253482,14.666286678],[-17.430143069,14.666365688],[-17.430127219,14.666409743],[-17.430020107,14.666456912],[-17.429971452,14.666514076],[-17.429857004,14.666545971],[-17.429709614,14.666485766],[-17.429669371,14.666518388],[-17.429765336,14.666615349],[-17.429743214,14.666741845],[-17.428756382,14.667347851],[-17.428704709,14.667115332],[-17.428410664,14.667171006],[-17.428277988,14.667209261],[-17.428279632,14.667347499],[-17.428182881,14.66747358],[-17.428217079,14.667595341],[-17.428096062,14.667608825],[-17.428024503,14.667650186],[-17.428015812,14.667745459],[-17.428030004,14.667769908],[-17.427929803,14.667796999],[-17.427681874,14.667800077],[-17.426972505,14.667638686],[-17.426642805,14.66773117],[-17.425978931,14.668758497],[-17.427242471,14.668054742],[-17.427257793,14.668753998],[-17.427264131,14.669061569],[-17.427324274,14.669863915],[-17.431550707,14.669615201],[-17.431622844,14.669603442],[-17.431704139,14.670696956],[-17.43204709,14.670676922],[-17.432519975,14.670635542],[-17.432465389,14.669533284],[-17.432390978,14.667961189],[-17.432391728,14.667958708],[-17.432391675,14.667957596],[-17.432966102,14.666057236],[-17.432982195,14.666010327]]]]},"properties":{"region":"DAKAR","departement":"DAKAR","commune":"PLATEAU","syscolCommune":"01130112","numSection":"007","surfaceM2":217606.7037}},{"type":"Feature","geometry":{"type":"MultiPolygon","coordinates":[[[[-17.432195681,14.67385706],[-17.433056535,14.673148009],[-17.433500882,14.673685875],[-17.433894001,14.673724292],[-17.434522471,14.673785708],[-17.435453638,14.6738767],[-17.436224554,14.673952029],[-17.436894297,14.674017471],[-17.437409639,14.674072587],[-17.437496047,14.675379268],[-17.437508643,14.677014109],[-17.435655155,14.67660629],[-17.435514633,14.676777479],[-17.434209673,14.676011915],[-17.433684864,14.675627792],[-17.433222119,14.674860563],[-17.432717238,14.674993817],[-17.432195681,14.67385706]]]]},"properties":{"region":"DAKAR","departement":"DAKAR","commune":"PLATEAU","syscolCommune":"01130112","numSection":"019","surfaceM2":143649.0826}},{"type":"Feature","geometry":{"type":"MultiPolygon","coordinates":[[[[-17.445827497,14.671543228],[-17.444438291,14.671284417],[-17.443848185,14.671327953],[-17.443737126,14.671396363],[-17.442876423,14.670583787],[-17.441711579,14.669602878],[-17.441825656,14.669483358],[-17.4416177,14.668518739],[-17.4431633,14.667992687],[-17.443335635,14.668167772],[-17.444410517,14.667498375],[-17.445351047,14.66779988],[-17.44544988,14.667855609],[-17.445515653,14.667974433],[-17.445569284,14.668105336],[-17.445699436,14.668217506],[-17.445754129,14.668444011],[-17.445740876,14.668632387],[-17.445817118,14.668864641],[-17.445795307,14.669387753],[-17.445937655,14.669768705],[-17.44596443,14.669968612],[-17.446186418,14.670058899],[-17.446298723,14.670222051],[-17.44648795,14.670402319],[-17.446581909,14.67057164],[-17.447318978,14.671164441],[-17.44769893,14.671659416],[-17.447268149,14.672224598],[-17.445827497,14.671543228]]]]},"properties":{"region":"DAKAR","departement":"DAKAR","commune":"PLATEAU","syscolCommune":"01130112","numSection":"012","surfaceM2":172449.1962}},{"type":"Feature","geometry":{"type":"MultiPolygon","coordinates":[[[[-17.444638047,14.674394848],[-17.443723833,14.673129474],[-17.442887986,14.671919421],[-17.443737126,14.671396363],[-17.443848185,14.671327953],[-17.444438291,14.671284417],[-17.445827497,14.671543228],[-17.447268149,14.672224598],[-17.44769893,14.671659416],[-17.448948624,14.672389389],[-17.450068729,14.673129321],[-17.449967116,14.673691588],[-17.448295343,14.675121328],[-17.446628966,14.676546426],[-17.445972767,14.675847969],[-17.445306325,14.675137893],[-17.444638047,14.674394848]]]]},"properties":{"region":"DAKAR","departement":"DAKAR","commune":"PLATEAU","syscolCommune":"01130112","numSection":"013","surfaceM2":244381.5634}},{"type":"Feature","geometry":{"type":"MultiPolygon","coordinates":[[[[-17.433459138,14.664620049],[-17.433490873,14.664541665],[-17.438532303,14.666278005],[-17.439668401,14.669153624],[-17.438215444,14.66917881],[-17.437273095,14.669278421],[-17.432465927,14.669515351],[-17.432391675,14.667957596],[-17.432966102,14.666057236],[-17.433459138,14.664620049]]]]},"properties":{"region":"DAKAR","departement":"DAKAR","commune":"PLATEAU","syscolCommune":"01130112","numSection":"006","surfaceM2":298961.4721}},{"type":"Feature","geometry":{"type":"MultiPolygon","coordinates":[[[[-17.42669171,14.670874882],[-17.427324274,14.669863914],[-17.431550707,14.669615201],[-17.431622844,14.669603442],[-17.431704139,14.670696956],[-17.43204709,14.670676922],[-17.432076989,14.670674306],[-17.432142172,14.671888518],[-17.432154792,14.672141762],[-17.432123198,14.673228523],[-17.429101852,14.672679294],[-17.428364093,14.672577054],[-17.42718923,14.672356414],[-17.426467513,14.672189116],[-17.42669171,14.670874882]]]]},"properties":{"region":"DAKAR","departement":"DAKAR","commune":"PLATEAU","syscolCommune":"01130112","numSection":"009","surfaceM2":187333.6489}},{"type":"Feature","geometry":{"type":"MultiPolygon","coordinates":[[[[-17.432123198,14.673228523],[-17.432154792,14.672141762],[-17.432142172,14.671888518],[-17.432076989,14.670674306],[-17.432519975,14.670635542],[-17.43246523,14.669518944],[-17.437272398,14.669282013],[-17.437418461,14.673174639],[-17.437409639,14.674072587],[-17.436894297,14.674017471],[-17.436224554,14.673952029],[-17.435453638,14.6738767],[-17.433500882,14.673685875],[-17.433056535,14.673148009],[-17.432195681,14.67385706],[-17.432123198,14.673228523]]]]},"properties":{"region":"DAKAR","departement":"DAKAR","commune":"PLATEAU","syscolCommune":"01130112","numSection":"010","surfaceM2":268145.4267}},{"type":"Feature","geometry":{"type":"MultiPolygon","coordinates":[[[[-17.39870321,14.669985441],[-17.398737912,14.67000483],[-17.399016323,14.670140038],[-17.399093897,14.6701769],[-17.399327755,14.670288023],[-17.399382238,14.670292041],[-17.399390528,14.670269306],[-17.399342526,14.670257921],[-17.399126909,14.670159565],[-17.399027484,14.670114211],[-17.398751247,14.669979251],[-17.398713611,14.669959784],[-17.398734603,14.669908],[-17.39910363,14.670090368],[-17.39927026,14.67001286],[-17.399351708,14.669870954],[-17.399245672,14.669817767],[-17.399273603,14.669764994],[-17.399391598,14.669809266],[-17.399498374,14.66956341],[-17.399326862,14.669026767],[-17.398871886,14.66888765],[-17.398620398,14.669397145],[-17.398500166,14.669340902],[-17.398718643,14.668848303],[-17.398531007,14.668719767],[-17.398378384,14.668656528],[-17.398192592,14.668679546],[-17.397788336,14.668572178],[-17.397556316,14.668399485],[-17.397220767,14.667854802],[-17.39705822,14.667717793],[-17.396726074,14.667276153],[-17.396526938,14.666741289],[-17.39644436,14.665762916],[-17.396439705,14.66550286],[-17.396681879,14.664205003],[-17.397462168,14.663116087],[-17.397879586,14.66293703],[-17.398292078,14.663132696],[-17.398735455,14.664137273],[-17.399279945,14.66538892],[-17.399827564,14.665902534],[-17.400223208,14.667461189],[-17.400828569,14.668526427],[-17.400515228,14.669922799],[-17.400145099,14.670990999],[-17.399067988,14.671339684],[-17.399027307,14.671221138],[-17.399057168,14.670522751],[-17.398945988,14.67022917],[-17.398672393,14.670061461],[-17.39870321,14.669985441]]]]},"properties":{"region":"DAKAR","departement":"DAKAR","commune":"GOREE","syscolCommune":"01110100","numSection":"001","surfaceM2":225561.9751}},{"type":"Feature","geometry":{"type":"MultiPolygon","coordinates":[[[[-17.422743977,14.669816734],[-17.42282077,14.669800608],[-17.422964891,14.66980074],[-17.423218484,14.669719923],[-17.423308929,14.669695835],[-17.423439988,14.669618882],[-17.42357061,14.669505043],[-17.423596976,14.669410076],[-17.423703387,14.66934113],[-17.423804954,14.669327536],[-17.423942138,14.669303257],[-17.424112179,14.669275643],[-17.424281359,14.669223946],[-17.424478968,14.669129773],[-17.424839372,14.668917493],[-17.425113175,14.668821506],[-17.425469363,14.668717273],[-17.425661407,14.668682226],[-17.425978931,14.668758497],[-17.427242471,14.668054742],[-17.427257793,14.668753998],[-17.427264131,14.669061569],[-17.427324274,14.669863914],[-17.42669171,14.670874882],[-17.426467513,14.672189116],[-17.426328225,14.672156827],[-17.424023253,14.671772001],[-17.421296313,14.671316694],[-17.421392506,14.670849919],[-17.421449241,14.670765368],[-17.421500042,14.67064395],[-17.421546497,14.67038817],[-17.421568583,14.670164111],[-17.421658092,14.670060981],[-17.421822864,14.670044494],[-17.422008755,14.669954141],[-17.42216256,14.669940333],[-17.422316116,14.669905448],[-17.422546746,14.66987815],[-17.422659249,14.669859241],[-17.422743977,14.669816734]]]]},"properties":{"region":"DAKAR","departement":"DAKAR","commune":"PLATEAU","syscolCommune":"01130112","numSection":"008","surfaceM2":169564.0944}},{"type":"Feature","geometry":{"type":"MultiPolygon","coordinates":[[[[-17.442542308,14.68360646],[-17.44252578,14.683572768],[-17.44209234,14.683883692],[-17.441555182,14.684380556],[-17.441407289,14.68421957],[-17.441279144,14.684289042],[-17.440927653,14.684534055],[-17.44087242,14.684379011],[-17.440748173,14.684030238],[-17.439747322,14.682511355],[-17.443076796,14.679533702],[-17.443114441,14.679580651],[-17.443481107,14.680037928],[-17.443800863,14.680307738],[-17.444715708,14.68103014],[-17.445468728,14.68161883],[-17.446060816,14.682025863],[-17.445288091,14.682790998],[-17.444585268,14.683491726],[-17.444060752,14.68402073],[-17.443518138,14.684578608],[-17.442542308,14.68360646]]]]},"properties":{"region":"DAKAR","departement":"DAKAR","commune":"MEDINA","syscolCommune":"01130113","numSection":"003","surfaceM2":203008.0382}},{"type":"Feature","geometry":{"type":"MultiPolygon","coordinates":[[[[-17.450954826,14.682188696],[-17.450739822,14.682401994],[-17.448697415,14.684428168],[-17.44785641,14.685262474],[-17.44570773,14.68319482],[-17.445288091,14.682790998],[-17.446060816,14.682025863],[-17.448362677,14.679761022],[-17.449092876,14.680444898],[-17.450189293,14.681471746],[-17.450199302,14.68148112],[-17.450954826,14.682188696]]]]},"properties":{"region":"DAKAR","departement":"DAKAR","commune":"MEDINA","syscolCommune":"01130113","numSection":"005","surfaceM2":184680.5054}},{"type":"Feature","geometry":{"type":"MultiPolygon","coordinates":[[[[-17.453242479,14.680572467],[-17.453023412,14.680342321],[-17.452949154,14.680264307],[-17.452917413,14.680230962],[-17.45288598,14.680201926],[-17.452861879,14.680179664],[-17.452688062,14.680019106],[-17.452543056,14.67988516],[-17.452350593,14.679707378],[-17.452076336,14.67945404],[-17.452035273,14.679416108],[-17.45198515,14.679369809],[-17.451945838,14.679333495],[-17.451827609,14.679224283],[-17.451819261,14.679216572],[-17.451808378,14.679206519],[-17.451805571,14.679203926],[-17.451804462,14.679202901],[-17.451803213,14.679201748],[-17.451802083,14.679200704],[-17.451796886,14.679195904],[-17.453004834,14.678029813],[-17.45451087,14.676467215],[-17.455121548,14.676476786],[-17.455666686,14.676485329],[-17.455912579,14.676489181],[-17.456048967,14.676524572],[-17.45651889,14.676677717],[-17.456993399,14.676945311],[-17.457527764,14.677405523],[-17.457949713,14.677768916],[-17.458096482,14.677895317],[-17.457599919,14.678229565],[-17.456841339,14.678740176],[-17.456041514,14.679278547],[-17.45552443,14.680469607],[-17.454749703,14.679713665],[-17.454430566,14.679402262],[-17.454095489,14.679739517],[-17.453984132,14.679851598],[-17.453653538,14.680184338],[-17.453507954,14.680321801],[-17.453242479,14.680572467]]]]},"properties":{"region":"DAKAR","departement":"DAKAR","commune":"MEDINA","syscolCommune":"01130113","numSection":"011","surfaceM2":166896.2838}},{"type":"Feature","geometry":{"type":"MultiPolygon","coordinates":[[[[-17.443384445,14.660613228],[-17.443302497,14.660353806],[-17.443107464,14.660098158],[-17.442907303,14.659987194],[-17.442647923,14.659797579],[-17.441970036,14.659228277],[-17.441600807,14.660547355],[-17.441600807,14.660547355],[-17.441600807,14.660547355],[-17.437654171,14.659459353],[-17.436044077,14.659399745],[-17.435561915,14.662630486],[-17.437477708,14.663015511],[-17.439111686,14.663344962],[-17.440739664,14.663673131],[-17.441774707,14.663775456],[-17.441763604,14.664158025],[-17.442780204,14.664173239],[-17.442736922,14.663087088],[-17.442923288,14.663010431],[-17.443064174,14.662707171],[-17.44307885,14.662295025],[-17.443031898,14.661632542],[-17.443317662,14.660976426],[-17.443384445,14.660613228]]]]},"properties":{"region":"DAKAR","departement":"DAKAR","commune":"PLATEAU","syscolCommune":"01130112","numSection":"002","surfaceM2":314236.7523}},{"type":"Feature","geometry":{"type":"MultiPolygon","coordinates":[[[[-17.436044077,14.659399745],[-17.434432976,14.658967721],[-17.434346248,14.659303276],[-17.433673246,14.659299045],[-17.43391043,14.659716456],[-17.433856581,14.659716048],[-17.433845831,14.65973993],[-17.433794921,14.65974739],[-17.43373969,14.659765851],[-17.433653441,14.659765313],[-17.43337402,14.659808875],[-17.43329037,14.659854979],[-17.433201879,14.659784384],[-17.433177567,14.659806152],[-17.433263325,14.659918965],[-17.433167618,14.660090773],[-17.433211251,14.660188253],[-17.433034128,14.660270025],[-17.432944289,14.660470718],[-17.432774838,14.660429201],[-17.432637061,14.660403425],[-17.43240877,14.660495229],[-17.432177875,14.660861169],[-17.432256393,14.660989956],[-17.432138938,14.661285549],[-17.431913531,14.661493502],[-17.431745824,14.661522906],[-17.431640366,14.661593268],[-17.431559285,14.661842917],[-17.431659329,14.661875127],[-17.431730788,14.661969513],[-17.43173137,14.662018441],[-17.431693631,14.662193104],[-17.431688573,14.662483669],[-17.431566177,14.663287824],[-17.431261632,14.664848314],[-17.431240751,14.664891797],[-17.431205334,14.664886431],[-17.431141471,14.664839771],[-17.431088315,14.664828853],[-17.431057365,14.664827743],[-17.43104821,14.664799154],[-17.430993645,14.664793989],[-17.430927658,14.66495531],[-17.43100432,14.664960244],[-17.431030407,14.664921248],[-17.431068627,14.664913677],[-17.431150071,14.664951549],[-17.43118148,14.664994246],[-17.431214916,14.66508712],[-17.431277005,14.66523993],[-17.43128334,14.665413402],[-17.43118954,14.665497718],[-17.432982195,14.666010327],[-17.433459138,14.664620049],[-17.433490873,14.664541665],[-17.433491538,14.664541894],[-17.43374334,14.663919958],[-17.434137325,14.662689587],[-17.434350753,14.662450708],[-17.43473424,14.662492106],[-17.435561915,14.662630486],[-17.436044077,14.659399745]]]]},"properties":{"region":"DAKAR","departement":"DAKAR","commune":"PLATEAU","syscolCommune":"01130112","numSection":"003","surfaceM2":218405.8507}},{"type":"Feature","geometry":{"type":"MultiPolygon","coordinates":[[[[-17.444410517,14.667498375],[-17.443583406,14.66655852],[-17.443087485,14.66556089],[-17.442780204,14.664173239],[-17.441763604,14.664158025],[-17.441774707,14.663775456],[-17.440739664,14.663673131],[-17.440238975,14.664258183],[-17.439645143,14.664955224],[-17.438533045,14.666279884],[-17.439668401,14.669153624],[-17.439666299,14.669153661],[-17.439667704,14.669157217],[-17.4416177,14.668518739],[-17.4431633,14.667992687],[-17.443335635,14.668167772],[-17.444410517,14.667498375]]]]},"properties":{"region":"DAKAR","departement":"DAKAR","commune":"PLATEAU","syscolCommune":"01130112","numSection":"005","surfaceM2":230055.9695}},{"type":"Feature","geometry":{"type":"MultiPolygon","coordinates":[[[[-17.453004189,14.678030435],[-17.451886809,14.676985019],[-17.451830922,14.677046254],[-17.451102765,14.677768158],[-17.448297838,14.675124888],[-17.44829851,14.675124313],[-17.448295343,14.675121328],[-17.446628966,14.676546426],[-17.446549616,14.676614285],[-17.44575391,14.677283205],[-17.448362677,14.679761022],[-17.449092876,14.680444898],[-17.450312995,14.679260516],[-17.451033022,14.679972995],[-17.451796886,14.679195904],[-17.453004189,14.678030435]]]]},"properties":{"region":"DAKAR","departement":"DAKAR","commune":"MEDINA","syscolCommune":"01130113","numSection":"008","surfaceM2":218080.4993}},{"type":"Feature","geometry":{"type":"MultiPolygon","coordinates":[[[[-17.460738682,14.686376787],[-17.460699321,14.683121863],[-17.460541531,14.683178431],[-17.460402131,14.683272652],[-17.459984173,14.683445599],[-17.458814202,14.683891837],[-17.457890054,14.684253001],[-17.456660426,14.684745278],[-17.456332824,14.684874157],[-17.454917548,14.686088521],[-17.456453779,14.687388936],[-17.456539407,14.687470494],[-17.456628919,14.687569939],[-17.456744838,14.687725276],[-17.456822207,14.687836801],[-17.456894638,14.687945988],[-17.457219354,14.68843734],[-17.457696905,14.689185953],[-17.457946695,14.689579368],[-17.458113712,14.689802287],[-17.458210644,14.689906432],[-17.458315077,14.69002245],[-17.458515973,14.690197458],[-17.460738682,14.686376787]]]]},"properties":{"region":"DAKAR","departement":"DAKAR","commune":"GUEULE TAPEE FASS COLOBANE","syscolCommune":"01130114","numSection":"003","surfaceM2":257622.1578}},{"type":"Feature","geometry":{"type":"MultiPolygon","coordinates":[[[[-17.454509731,14.676468397],[-17.4542849,14.676321296],[-17.454015854,14.676205097],[-17.453077904,14.675152935],[-17.452682275,14.674685226],[-17.452410957,14.674516643],[-17.452229018,14.674403595],[-17.451247534,14.673940138],[-17.450516774,14.673168529],[-17.450071224,14.67313288],[-17.449969611,14.673695147],[-17.448297838,14.675124888],[-17.451102765,14.677768158],[-17.451830922,14.677046254],[-17.451886809,14.676985019],[-17.453004189,14.678030435],[-17.453004834,14.678029813],[-17.454509731,14.676468397]]]]},"properties":{"region":"DAKAR","departement":"DAKAR","commune":"MEDINA","syscolCommune":"01130113","numSection":"009","surfaceM2":178223.0978}},{"type":"Feature","geometry":{"type":"MultiPolygon","coordinates":[[[[-17.458532389,14.717171713],[-17.459025823,14.716600671],[-17.45956312,14.716001689],[-17.46136247,14.713973092],[-17.461379252,14.713944154],[-17.461383864,14.713947973],[-17.461839449,14.713452742],[-17.463476534,14.711706509],[-17.463508636,14.71152331],[-17.463554744,14.711397952],[-17.463600095,14.711445456],[-17.463691823,14.711486557],[-17.463861657,14.711639037],[-17.464032384,14.711870986],[-17.464236521,14.712083879],[-17.464465357,14.712357288],[-17.46472301,14.71263039],[-17.464888306,14.712806294],[-17.46511192,14.713042354],[-17.465336165,14.713334512],[-17.46556041,14.71362667],[-17.465810456,14.714077513],[-17.465821658,14.714069351],[-17.465830989,14.714106827],[-17.465890095,14.714237107],[-17.466018703,14.714567684],[-17.4660388,14.714616927],[-17.465774141,14.714925612],[-17.465475808,14.715307488],[-17.46492079,14.715930536],[-17.464532555,14.716327394],[-17.463913517,14.717024758],[-17.463190915,14.717803872],[-17.462899226,14.718136585],[-17.462653856,14.718423219],[-17.462281021,14.718828677],[-17.461998208,14.719149898],[-17.461827451,14.719343694],[-17.461536948,14.719665711],[-17.460723793,14.71895101],[-17.459308225,14.717798636],[-17.458532389,14.717171713]]]]},"properties":{"region":"DAKAR","departement":"DAKAR","commune":"MERMOZ-SACRE COEUR","syscolCommune":"01130134","numSection":"018","surfaceM2":343512.4784}},{"type":"Feature","geometry":{"type":"MultiPolygon","coordinates":[[[[-17.479466051,14.701506407],[-17.47932091,14.701492524],[-17.478829913,14.701445559],[-17.478593293,14.701055],[-17.478637003,14.700455071],[-17.478459844,14.699965602],[-17.478033419,14.699753962],[-17.477889762,14.699549124],[-17.477624856,14.699335756],[-17.477600565,14.698972407],[-17.477247134,14.698966357],[-17.476501994,14.699141382],[-17.476178183,14.69907605],[-17.475712377,14.698953269],[-17.475700061,14.698940426],[-17.475480248,14.699683133],[-17.475388077,14.70008775],[-17.475348568,14.70041778],[-17.475288276,14.700821666],[-17.475303711,14.70091267],[-17.475301888,14.70107048],[-17.475243854,14.701355122],[-17.475139588,14.701692857],[-17.474967872,14.702118972],[-17.474849354,14.702470884],[-17.474737449,14.702770128],[-17.474673995,14.702893531],[-17.474628117,14.702978176],[-17.474499629,14.703084742],[-17.474413852,14.703145267],[-17.474389705,14.7032402],[-17.474381081,14.7032868],[-17.474391762,14.703291673],[-17.474417056,14.703303212],[-17.47452931,14.703354611],[-17.474807773,14.703449818],[-17.475007272,14.7034976],[-17.475156021,14.703533227],[-17.475463845,14.703592513],[-17.475875464,14.703675779],[-17.476131603,14.703708107],[-17.476134109,14.703708842],[-17.476136403,14.703709132],[-17.47637857,14.70378018],[-17.476686087,14.703896113],[-17.476888789,14.703981609],[-17.47713531,14.704119232],[-17.477461985,14.704336647],[-17.477665836,14.704523816],[-17.477716121,14.704579836],[-17.47834478,14.704006765],[-17.478473134,14.70388851],[-17.478669072,14.70362318],[-17.479009781,14.703131923],[-17.479089837,14.703045016],[-17.478770662,14.702833307],[-17.478701816,14.702738284],[-17.478959844,14.70232644],[-17.479463236,14.701506464],[-17.479466051,14.701506407]]]]},"properties":{"region":"DAKAR","departement":"DAKAR","commune":"MERMOZ-SACRE COEUR","syscolCommune":"01130134","numSection":"004","surfaceM2":206155.7343}},{"type":"Feature","geometry":{"type":"MultiPolygon","coordinates":[[[[-17.462996483,14.693893706],[-17.462414125,14.693423127],[-17.462287602,14.693318303],[-17.462371484,14.693228169],[-17.462399147,14.693125018],[-17.462412298,14.69301267],[-17.462702056,14.692724399],[-17.463394262,14.691917567],[-17.463770462,14.691628377],[-17.463872258,14.691711451],[-17.464417781,14.69110254],[-17.464897065,14.690583162],[-17.46530415,14.690050525],[-17.465706381,14.689513264],[-17.465943932,14.689281648],[-17.466043734,14.689187081],[-17.466746434,14.689745323],[-17.467292205,14.690015362],[-17.467635908,14.690254822],[-17.468284633,14.690710774],[-17.468567261,14.690809425],[-17.468575631,14.690817736],[-17.468724094,14.690886285],[-17.468977956,14.691037868],[-17.469250103,14.691213801],[-17.46935625,14.69136345],[-17.46944807,14.691520263],[-17.469588052,14.691795785],[-17.470124642,14.692743833],[-17.470140153,14.692841848],[-17.470000744,14.692938009],[-17.470066799,14.693046005],[-17.470198278,14.6933205],[-17.469469041,14.693593624],[-17.468512162,14.693926407],[-17.468311349,14.694008025],[-17.467642436,14.694749166],[-17.467073111,14.69537704],[-17.466466413,14.696098817],[-17.466140789,14.69650727],[-17.465355492,14.695872912],[-17.464101412,14.694832737],[-17.463183183,14.69404457],[-17.462996483,14.693893706]]]]},"properties":{"region":"DAKAR","departement":"DAKAR","commune":"FANN POINT E AMITIE","syscolCommune":"01130115","numSection":"011","surfaceM2":355735.2937}},{"type":"Feature","geometry":{"type":"MultiPolygon","coordinates":[[[[-17.476138752,14.691600583],[-17.476095141,14.691564384],[-17.476047768,14.69151058],[-17.476022987,14.691462216],[-17.476012922,14.691409287],[-17.476024087,14.691355635],[-17.476052676,14.691307952],[-17.475995685,14.691273348],[-17.475919146,14.691249627],[-17.475892968,14.691189948],[-17.475898208,14.691126965],[-17.475843055,14.691075081],[-17.475720501,14.69109132],[-17.475647994,14.691075235],[-17.475523609,14.691094114],[-17.475434755,14.691116798],[-17.475372623,14.69112653],[-17.475262737,14.691134992],[-17.475136457,14.691179142],[-17.475036581,14.691222516],[-17.474953846,14.691270778],[-17.474903823,14.691211305],[-17.474840856,14.691150563],[-17.474756162,14.691074882],[-17.474703507,14.690995769],[-17.474654655,14.69095023],[-17.474603379,14.690932732],[-17.47455813,14.690874502],[-17.474493305,14.690790752],[-17.474477031,14.690736832],[-17.474472199,14.690666449],[-17.474472279,14.690600663],[-17.474466894,14.690540179],[-17.474446221,14.690490589],[-17.474380734,14.690472315],[-17.474309741,14.690458939],[-17.474263169,14.690394685],[-17.474232229,14.690334538],[-17.474232174,14.690334126],[-17.474284399,14.690235059],[-17.474320978,14.690214601],[-17.474342506,14.690169458],[-17.474355834,14.690118813],[-17.474365325,14.690037891],[-17.474372116,14.689998157],[-17.474427531,14.689863183],[-17.474400337,14.689819629],[-17.474526043,14.689738586],[-17.474561246,14.689694071],[-17.474567171,14.68965454],[-17.474528263,14.689602257],[-17.47447011,14.689579801],[-17.474399612,14.689583436],[-17.474337638,14.689608278],[-17.47431102,14.689582454],[-17.474322946,14.689537841],[-17.474327621,14.689486666],[-17.474344158,14.689443532],[-17.474387563,14.68935195],[-17.474423746,14.689345039],[-17.474464237,14.689319803],[-17.474508713,14.689362883],[-17.474509269,14.689277166],[-17.47454831,14.689254484],[-17.474578735,14.689209625],[-17.474528082,14.68919394],[-17.474476064,14.689203369],[-17.474433236,14.68918603],[-17.474444645,14.689133861],[-17.474489592,14.689143648],[-17.474528364,14.689121372],[-17.474499683,14.689075081],[-17.474533658,14.689038012],[-17.474568475,14.689000789],[-17.474593258,14.688972832],[-17.47454866,14.688937454],[-17.474482287,14.688930991],[-17.474518317,14.688859696],[-17.474457858,14.688833251],[-17.474436856,14.688796104],[-17.474373454,14.688853744],[-17.474319188,14.68888119],[-17.474194872,14.688980449],[-17.474143639,14.689002732],[-17.474070776,14.688968139],[-17.474035635,14.688940862],[-17.473989962,14.688896365],[-17.47394457,14.688857467],[-17.473869078,14.688836802],[-17.473796981,14.688798802],[-17.473731417,14.688780743],[-17.473646945,14.68876154],[-17.473592345,14.688724221],[-17.473538385,14.688661307],[-17.473498634,14.688601392],[-17.473473633,14.688568825],[-17.473486435,14.688520656],[-17.47351888,14.688432499],[-17.4734779,14.688379145],[-17.47334549,14.688319506],[-17.473293739,14.688232481],[-17.473269934,14.688186465],[-17.473226545,14.688138167],[-17.473185092,14.688077387],[-17.473157401,14.688023842],[-17.473127166,14.68797659],[-17.473109405,14.687919787],[-17.473095458,14.68787119],[-17.473076013,14.687763378],[-17.473122591,14.687728664],[-17.473268719,14.687688385],[-17.473303465,14.68764191],[-17.473346909,14.687589464],[-17.473387364,14.687481883],[-17.473424876,14.687465241],[-17.473444494,14.687358165],[-17.473413112,14.687337958],[-17.473384863,14.687303604],[-17.473383939,14.68724651],[-17.473318103,14.687259457],[-17.47326148,14.687273708],[-17.473203401,14.687278719],[-17.473145106,14.687290716],[-17.473063953,14.687335542],[-17.473001373,14.687328893],[-17.472951202,14.687286019],[-17.472916967,14.687243627],[-17.472880723,14.687201206],[-17.472839478,14.68716139],[-17.472785727,14.68712196],[-17.472718856,14.687087902],[-17.472617173,14.6870802],[-17.472563547,14.687078085],[-17.47250553,14.6870791],[-17.472407387,14.687139817],[-17.472331889,14.68714738],[-17.472285089,14.687155636],[-17.472245348,14.687207259],[-17.472207007,14.687231403],[-17.472167099,14.687249341],[-17.472111201,14.687252197],[-17.472035544,14.687244234],[-17.471957573,14.68723591],[-17.471897408,14.687231572],[-17.471836869,14.687212733],[-17.471744789,14.687187675],[-17.47170108,14.687209283],[-17.471654912,14.68721251],[-17.47163038,14.68725842],[-17.471564482,14.687273416],[-17.471498957,14.68724293],[-17.471455421,14.687225134],[-17.471401648,14.687190493],[-17.471310101,14.687171144],[-17.471265357,14.687155443],[-17.471201751,14.687133088],[-17.4711496,14.687119213],[-17.471095068,14.687101645],[-17.471022498,14.687047439],[-17.470946881,14.686994692],[-17.4708923,14.686950397],[-17.470862354,14.686919917],[-17.470852481,14.686880268],[-17.470844552,14.686838787],[-17.470830182,14.686801898],[-17.470812408,14.686768573],[-17.470762678,14.686745723],[-17.470718797,14.686725429],[-17.470673195,14.686700237],[-17.470615014,14.686666949],[-17.47051169,14.686637315],[-17.470472276,14.686609808],[-17.470426416,14.686558089],[-17.470378338,14.68649703],[-17.470310441,14.686507698],[-17.470256647,14.686523329],[-17.470205242,14.686481764],[-17.470159159,14.686461914],[-17.470092384,14.686452275],[-17.470023435,14.686419547],[-17.469977669,14.686395208],[-17.469925438,14.686355037],[-17.469880361,14.686285327],[-17.469820991,14.686190549],[-17.469768886,14.686106927],[-17.469660221,14.686074229],[-17.469201953,14.68600233],[-17.469125535,14.686040546],[-17.468864976,14.686361239],[-17.468759037,14.686764443],[-17.468753579,14.68713385],[-17.46880903,14.687367026],[-17.468839367,14.687502287],[-17.467513962,14.687521062],[-17.467456806,14.687563748],[-17.467555844,14.687829187],[-17.467761848,14.688210371],[-17.468069385,14.688651254],[-17.468341259,14.688910179],[-17.468714563,14.689219452],[-17.468923378,14.689422943],[-17.469514368,14.689870157],[-17.468575495,14.690814096],[-17.468724094,14.690886285],[-17.468977956,14.691037868],[-17.469250103,14.691213801],[-17.46935625,14.69136345],[-17.46944807,14.691520263],[-17.469588052,14.691795785],[-17.470124642,14.692743833],[-17.470140153,14.692841848],[-17.470000744,14.692938009],[-17.470066799,14.693046005],[-17.470198278,14.6933205],[-17.470779566,14.693102785],[-17.471468707,14.692880379],[-17.472382353,14.692548045],[-17.473400966,14.69215381],[-17.474059864,14.691805487],[-17.474392414,14.691818175],[-17.475609212,14.69171436],[-17.475933309,14.6917109],[-17.476138752,14.691600583]],[[-17.474273206,14.690241319],[-17.474273198,14.690241324],[-17.474273199,14.690241323],[-17.474273206,14.690241319]]]]},"properties":{"region":"DAKAR","departement":"DAKAR","commune":"FANN POINT E AMITIE","syscolCommune":"01130115","numSection":"006","surfaceM2":372614.3509}},{"type":"Feature","geometry":{"type":"MultiPolygon","coordinates":[[[[-17.475417776,14.710885029],[-17.475440444,14.710712271],[-17.475477501,14.710164867],[-17.475485013,14.71005141],[-17.475502127,14.70979292],[-17.475531109,14.70916846],[-17.475544173,14.709049101],[-17.476032756,14.708928167],[-17.475991076,14.708746277],[-17.475939104,14.70861008],[-17.475876606,14.708179453],[-17.475827643,14.707990628],[-17.475765301,14.707893113],[-17.47571333,14.707756917],[-17.47565099,14.707340314],[-17.475606188,14.706881446],[-17.47559796,14.706471278],[-17.475565348,14.706135007],[-17.475495806,14.705718481],[-17.475434102,14.705357975],[-17.475394879,14.70507437],[-17.475293473,14.704707275],[-17.475198363,14.704259463],[-17.475107686,14.703885241],[-17.475025555,14.703630146],[-17.475009923,14.703521613],[-17.475002472,14.703496575],[-17.475153358,14.703532714],[-17.475463845,14.703592513],[-17.475875464,14.703675779],[-17.476131603,14.703708107],[-17.47637377,14.703779155],[-17.476681287,14.703895088],[-17.47688399,14.703980584],[-17.47713051,14.704118207],[-17.477457185,14.704335622],[-17.477661036,14.704522791],[-17.477712687,14.704580332],[-17.477832508,14.704713813],[-17.478081047,14.705030243],[-17.478458588,14.705604771],[-17.478846423,14.706133603],[-17.479506475,14.706841857],[-17.480147886,14.707494206],[-17.480344988,14.707713108],[-17.479339078,14.708561789],[-17.478412032,14.709413256],[-17.477917922,14.709895418],[-17.476486615,14.711182398],[-17.476451465,14.711047191],[-17.476379794,14.710655234],[-17.475527047,14.710856034],[-17.475417776,14.710885029]]]]},"properties":{"region":"DAKAR","departement":"DAKAR","commune":"MERMOZ-SACRE COEUR","syscolCommune":"01130134","numSection":"008","surfaceM2":259030.9122}},{"type":"Feature","geometry":{"type":"MultiPolygon","coordinates":[[[[-17.471722077,14.715174906],[-17.471718043,14.715165627],[-17.471706075,14.715171612],[-17.471668015,14.715084063],[-17.471683926,14.714790909],[-17.47169929,14.713880622],[-17.471699399,14.713850678],[-17.471267939,14.713860808],[-17.470704845,14.713859543],[-17.470241959,14.714130972],[-17.469869223,14.714303258],[-17.469563044,14.714414054],[-17.469314079,14.714486839],[-17.468819951,14.714543534],[-17.468113231,14.714490287],[-17.467583117,14.714336975],[-17.467210922,14.714130552],[-17.466857678,14.713900549],[-17.466585617,14.713641483],[-17.46656053,14.713648749],[-17.466497987,14.713640065],[-17.46628343,14.713782608],[-17.466182883,14.713811731],[-17.466006539,14.713935166],[-17.465822395,14.714069343],[-17.465831726,14.71410682],[-17.465890832,14.714237099],[-17.466019439,14.714567677],[-17.466039537,14.714616919],[-17.466093534,14.714749225],[-17.466178653,14.715056889],[-17.466333588,14.715592898],[-17.466440075,14.716092023],[-17.466445068,14.716536123],[-17.466428326,14.716756041],[-17.466346444,14.717163665],[-17.466287631,14.717486886],[-17.46626719,14.717805025],[-17.466301389,14.717856089],[-17.466387844,14.717855169],[-17.466546608,14.717876854],[-17.466568252,14.717865063],[-17.466966753,14.717647964],[-17.468342174,14.716935129],[-17.469717375,14.716203588],[-17.470437026,14.715840591],[-17.470806492,14.715662105],[-17.471017332,14.715616219],[-17.47115836,14.715627183],[-17.471273842,14.715644651],[-17.471350128,14.715593967],[-17.471546054,14.715361229],[-17.471705889,14.715275249],[-17.471713218,14.715179336],[-17.471722077,14.715174906]]]]},"properties":{"region":"DAKAR","departement":"DAKAR","commune":"MERMOZ-SACRE COEUR","syscolCommune":"01130134","numSection":"015","surfaceM2":159501.0562}},{"type":"Feature","geometry":{"type":"MultiPolygon","coordinates":[[[[-17.476026725,14.708926917],[-17.475985044,14.708745028],[-17.475933073,14.708608831],[-17.475870575,14.708178204],[-17.475821612,14.707989379],[-17.47575927,14.707891864],[-17.475707298,14.707755668],[-17.475644959,14.707339065],[-17.475600156,14.706880197],[-17.475591929,14.706470029],[-17.475559317,14.706133758],[-17.475489775,14.705717232],[-17.47542807,14.705356725],[-17.475388848,14.705073121],[-17.475287442,14.704706026],[-17.475192332,14.704258214],[-17.475101655,14.703883992],[-17.475019524,14.703628897],[-17.475003891,14.703520364],[-17.474996441,14.703495326],[-17.474796942,14.703447544],[-17.474518479,14.703352337],[-17.474406224,14.703300938],[-17.474380931,14.703289399],[-17.47438263,14.703298486],[-17.474385653,14.703299865],[-17.474397935,14.703365534],[-17.474432209,14.703529972],[-17.474437195,14.703652644],[-17.474445702,14.703768267],[-17.474362019,14.704014613],[-17.47418737,14.704500369],[-17.473838581,14.70551746],[-17.473486504,14.706562639],[-17.473318896,14.707034294],[-17.473238577,14.707259565],[-17.47319333,14.707400306],[-17.47308815,14.707657401],[-17.473017688,14.707798412],[-17.472918566,14.707953755],[-17.47268458,14.708289366],[-17.47251088,14.708540178],[-17.472426088,14.708688355],[-17.472401657,14.708717702],[-17.472537976,14.708795864],[-17.472860816,14.708992288],[-17.473209583,14.70925155],[-17.473713637,14.709544218],[-17.473836861,14.709609525],[-17.473932854,14.709496293],[-17.474335852,14.709772506],[-17.47454992,14.709906972],[-17.474748709,14.709964459],[-17.47513097,14.709998946],[-17.475322279,14.710031966],[-17.475478982,14.71005016],[-17.475496095,14.70979167],[-17.475525078,14.709167211],[-17.475538142,14.709047852],[-17.476026725,14.708926917]]]]},"properties":{"region":"DAKAR","departement":"DAKAR","commune":"MERMOZ-SACRE COEUR","syscolCommune":"01130134","numSection":"009","surfaceM2":151781.8986}},{"type":"Feature","geometry":{"type":"MultiPolygon","coordinates":[[[[-17.467012182,14.699411348],[-17.467058814,14.699358733],[-17.467140239,14.699195789],[-17.467170577,14.699045857],[-17.467166656,14.698696809],[-17.46716431,14.697917616],[-17.467160459,14.697574801],[-17.467196979,14.697295639],[-17.467511396,14.697556078],[-17.467773967,14.697840815],[-17.467949342,14.698059856],[-17.468828989,14.698760443],[-17.468861709,14.698786503],[-17.469436338,14.699271289],[-17.470873119,14.700500778],[-17.471422267,14.700961284],[-17.47290222,14.702250723],[-17.472119483,14.703129397],[-17.472005534,14.703247495],[-17.472354539,14.703528965],[-17.472165326,14.703788124],[-17.471671841,14.704326371],[-17.471307029,14.704774415],[-17.47115888,14.704841448],[-17.470674907,14.70494479],[-17.470368109,14.704999488],[-17.470230144,14.705117841],[-17.47000326,14.705274812],[-17.469960139,14.705069107],[-17.469663725,14.703769416],[-17.469495572,14.703054329],[-17.469273389,14.702090466],[-17.469019961,14.701195509],[-17.468761884,14.700456443],[-17.468302428,14.699463937],[-17.468244166,14.699408453],[-17.468109412,14.699384953],[-17.46792329,14.699349532],[-17.467768274,14.699232742],[-17.467665118,14.699171503],[-17.467492293,14.699179576],[-17.467365063,14.699255734],[-17.467237833,14.699331893],[-17.467072111,14.699402228],[-17.467012182,14.699411348]]]]},"properties":{"region":"DAKAR","departement":"DAKAR","commune":"MERMOZ-SACRE COEUR","syscolCommune":"01130134","numSection":"003","surfaceM2":189711.3991}},{"type":"Feature","geometry":{"type":"MultiPolygon","coordinates":[[[[-17.474445702,14.703768267],[-17.474437195,14.703652644],[-17.474432209,14.703529972],[-17.474397935,14.703365534],[-17.474385653,14.703299865],[-17.474374972,14.703294992],[-17.474208167,14.703218895],[-17.47383459,14.702994962],[-17.473500084,14.702721521],[-17.472915065,14.70227543],[-17.472896111,14.702258915],[-17.472113374,14.703137589],[-17.472006544,14.703248309],[-17.472354539,14.703528965],[-17.472165326,14.703788124],[-17.4721647,14.703788807],[-17.472159217,14.703796316],[-17.471665733,14.704334563],[-17.471300921,14.704782607],[-17.471152771,14.70484964],[-17.470668798,14.704952982],[-17.470362,14.70500768],[-17.470224035,14.705126034],[-17.469997151,14.705283004],[-17.469999154,14.705292559],[-17.470006194,14.705288807],[-17.470013963,14.705325869],[-17.470122154,14.705816499],[-17.470305952,14.70654301],[-17.470371786,14.706871039],[-17.470574586,14.707605236],[-17.470745708,14.708405516],[-17.470772035,14.708584065],[-17.470985134,14.709512761],[-17.471049609,14.709719832],[-17.471082652,14.709791877],[-17.471075486,14.709797763],[-17.471076543,14.709800069],[-17.471080244,14.709797029],[-17.471081438,14.709802131],[-17.471230034,14.709647861],[-17.471443833,14.709438699],[-17.472180424,14.708946949],[-17.472323008,14.708812182],[-17.472397286,14.708722954],[-17.472426088,14.708688355],[-17.47251088,14.708540178],[-17.47268458,14.708289366],[-17.472918566,14.707953755],[-17.473017688,14.707798412],[-17.47308815,14.707657401],[-17.47319333,14.707400306],[-17.473238577,14.707259565],[-17.473318896,14.707034294],[-17.473486504,14.706562639],[-17.473838581,14.70551746],[-17.47418737,14.704500369],[-17.474362019,14.704014613],[-17.474445702,14.703768267]]]]},"properties":{"region":"DAKAR","departement":"DAKAR","commune":"MERMOZ-SACRE COEUR","syscolCommune":"01130134","numSection":"010","surfaceM2":206312.8164}},{"type":"Feature","geometry":{"type":"MultiPolygon","coordinates":[[[[-17.460106951,14.707072599],[-17.456057089,14.702374097],[-17.456092867,14.702352227],[-17.456765661,14.701952369],[-17.457318856,14.701595854],[-17.457619334,14.701405655],[-17.457776308,14.701268406],[-17.458023224,14.70101332],[-17.459210341,14.700012102],[-17.459514696,14.700361214],[-17.459667945,14.700537752],[-17.459788411,14.700676525],[-17.461208415,14.702260415],[-17.461509328,14.702591212],[-17.462712662,14.703885474],[-17.462851537,14.704046011],[-17.46277948,14.704149328],[-17.462262899,14.704771959],[-17.461584277,14.705508518],[-17.460545929,14.706721104],[-17.460136867,14.707080773],[-17.460103474,14.707087273],[-17.460111746,14.707078161],[-17.460106951,14.707072599]]]]},"properties":{"region":"DAKAR","departement":"DAKAR","commune":"FANN POINT E AMITIE","syscolCommune":"01130115","numSection":"001","surfaceM2":275952.6281}},{"type":"Feature","geometry":{"type":"MultiPolygon","coordinates":[[[[-17.468771174,14.711626297],[-17.468591761,14.711211787],[-17.468103155,14.709907908],[-17.468011258,14.709709408],[-17.467894518,14.709579743],[-17.467745968,14.709469118],[-17.467458386,14.709186403],[-17.467307699,14.709001288],[-17.466637886,14.708303618],[-17.46656032,14.70822053],[-17.466550371,14.708209875],[-17.466533487,14.708160602],[-17.466363988,14.708341642],[-17.465367282,14.709411207],[-17.464571108,14.710373442],[-17.464040879,14.710957651],[-17.463770003,14.711217935],[-17.463685177,14.711268707],[-17.463683333,14.711269054],[-17.46367962,14.711271276],[-17.463595419,14.711287103],[-17.463592239,14.711298006],[-17.463555481,14.711397944],[-17.463600832,14.711445448],[-17.46369256,14.71148655],[-17.463862394,14.711639029],[-17.464033121,14.711870978],[-17.464237258,14.712083871],[-17.464466094,14.71235728],[-17.464723747,14.712630382],[-17.464889043,14.712806286],[-17.465112657,14.713042346],[-17.465336902,14.713334504],[-17.465561147,14.713626662],[-17.465811193,14.714077505],[-17.465822395,14.714069343],[-17.466006539,14.713935166],[-17.466182883,14.713811731],[-17.46628343,14.713782608],[-17.466497987,14.713640065],[-17.46656053,14.713648749],[-17.466585617,14.713641483],[-17.466576058,14.71363238],[-17.466599232,14.713557329],[-17.466870215,14.713306652],[-17.46710826,14.713117105],[-17.467321344,14.712843667],[-17.467921151,14.712360397],[-17.468771174,14.711626297]]]]},"properties":{"region":"DAKAR","departement":"DAKAR","commune":"MERMOZ-SACRE COEUR","syscolCommune":"01130134","numSection":"017","surfaceM2":192236.3561}},{"type":"Feature","geometry":{"type":"MultiPolygon","coordinates":[[[[-17.453738041,14.718769414],[-17.453557205,14.720021527],[-17.453172055,14.722627577],[-17.45227404,14.722501799],[-17.451065954,14.722318959],[-17.450531771,14.722222545],[-17.450137878,14.722167173],[-17.449401858,14.72199634],[-17.448787986,14.721807201],[-17.448330551,14.721539853],[-17.447899048,14.721246713],[-17.447827621,14.72118906],[-17.449541584,14.719307648],[-17.450538846,14.718104615],[-17.450615009,14.718157076],[-17.450773153,14.718231954],[-17.45108887,14.718330683],[-17.451503035,14.718441126],[-17.453124717,14.718685505],[-17.453738041,14.718769414]]]]},"properties":{"region":"DAKAR","departement":"DAKAR","commune":"DIEUPPEUL DERKLE","syscolCommune":"01130126","numSection":"002","surfaceM2":208805.35}},{"type":"Feature","geometry":{"type":"MultiPolygon","coordinates":[[[[-17.461378566,14.713945337],[-17.461186375,14.713786228],[-17.461004266,14.713538813],[-17.4609951,14.713486053],[-17.460786151,14.713488273],[-17.459236924,14.713418606],[-17.458150094,14.713377513],[-17.457456526,14.713337027],[-17.456403886,14.713276426],[-17.456375091,14.713338929],[-17.456257568,14.713818625],[-17.456123479,14.714135824],[-17.455661305,14.714566545],[-17.455412548,14.714690916],[-17.455413443,14.714695695],[-17.455637421,14.715382288],[-17.456084309,14.716659794],[-17.456362435,14.717498914],[-17.456803137,14.718808379],[-17.456826753,14.718892208],[-17.456849764,14.71888447],[-17.456967407,14.718844912],[-17.45718866,14.718702219],[-17.457512698,14.718373435],[-17.458431306,14.71729196],[-17.458533152,14.717174095],[-17.458534051,14.717173056],[-17.458532389,14.717171713],[-17.459025823,14.716600671],[-17.45956312,14.716001689],[-17.46136247,14.713973092],[-17.461378566,14.713945337]]]]},"properties":{"region":"DAKAR","departement":"DAKAR","commune":"SICAP LIBERTE","syscolCommune":"01130125","numSection":"003","surfaceM2":216008.2967}},{"type":"Feature","geometry":{"type":"MultiPolygon","coordinates":[[[[-17.457252487,14.723200067],[-17.457251348,14.723200119],[-17.457149675,14.723986654],[-17.456847153,14.726140518],[-17.45672141,14.726922633],[-17.456521795,14.728322892],[-17.456484156,14.728380881],[-17.456483847,14.728385757],[-17.456482032,14.728388552],[-17.456475866,14.728485707],[-17.455473438,14.728355803],[-17.454217003,14.728162161],[-17.452391889,14.727934125],[-17.452018106,14.727887422],[-17.451060678,14.727737691],[-17.449577821,14.727569947],[-17.449462699,14.727554942],[-17.4495918,14.72661984],[-17.449723539,14.725895453],[-17.4502053,14.725992423],[-17.450438376,14.724169716],[-17.450550164,14.723224389],[-17.450623962,14.722789813],[-17.450718251,14.722264258],[-17.451063829,14.722326631],[-17.452271915,14.722509471],[-17.453178783,14.722636488],[-17.453177759,14.722643413],[-17.453408898,14.722675787],[-17.454791659,14.722848255],[-17.457190074,14.723188557],[-17.457252641,14.723198878],[-17.457253472,14.723192447],[-17.457252487,14.723200067]]]]},"properties":{"region":"DAKAR","departement":"DAKAR","commune":"DIEUPPEUL DERKLE","syscolCommune":"01130126","numSection":"005","surfaceM2":433047.7846}},{"type":"Feature","geometry":{"type":"MultiPolygon","coordinates":[[[[-17.458694441,14.722746375],[-17.458918795,14.722973793],[-17.459229827,14.72323842],[-17.459593792,14.723547139],[-17.460486856,14.724277647],[-17.460752037,14.724473898],[-17.460695404,14.724533202],[-17.460132236,14.725164359],[-17.458579057,14.726941552],[-17.457866925,14.727733772],[-17.457640399,14.72799135],[-17.4574985,14.728196994],[-17.457427551,14.728299817],[-17.457290491,14.728352307],[-17.457107624,14.728411662],[-17.457036388,14.72848897],[-17.457017151,14.728552724],[-17.456498457,14.728480687],[-17.45647799,14.728478035],[-17.456484156,14.728380881],[-17.456523116,14.728320857],[-17.456723535,14.726914961],[-17.456849278,14.726132846],[-17.457151799,14.723978983],[-17.457253472,14.723192447],[-17.457517544,14.723180294],[-17.457833769,14.723106806],[-17.457944714,14.723147707],[-17.458017181,14.723184339],[-17.458122852,14.723183217],[-17.458238037,14.723039982],[-17.458280706,14.722989561],[-17.458323405,14.722941769],[-17.458423017,14.722909153],[-17.458600215,14.722807337],[-17.458694441,14.722746375]]]]},"properties":{"region":"DAKAR","departement":"DAKAR","commune":"DIEUPPEUL DERKLE","syscolCommune":"01130126","numSection":"007","surfaceM2":150926.8876}},{"type":"Feature","geometry":{"type":"MultiPolygon","coordinates":[[[[-17.473081503,14.731095233],[-17.472819425,14.730122304],[-17.472118196,14.728050265],[-17.471634034,14.726367935],[-17.471614244,14.726299168],[-17.471630349,14.726299077],[-17.471597416,14.726199847],[-17.471302055,14.724892061],[-17.470891008,14.725079551],[-17.470604439,14.725242092],[-17.469400394,14.726001315],[-17.468699047,14.726582931],[-17.467771182,14.727422132],[-17.467083005,14.728009982],[-17.466544271,14.728481411],[-17.466085259,14.72904768],[-17.465460004,14.729985717],[-17.46534479,14.730119834],[-17.465878055,14.730330077],[-17.469228291,14.731619281],[-17.469331,14.731656897],[-17.469862905,14.731852497],[-17.471019558,14.732277835],[-17.471184097,14.732298921],[-17.47135278,14.73230259],[-17.471813711,14.732015327],[-17.472063126,14.731834317],[-17.473081503,14.731095233]]]]},"properties":{"region":"DAKAR","departement":"DAKAR","commune":"SICAP LIBERTE","syscolCommune":"01130125","numSection":"010","surfaceM2":375158.4772}},{"type":"Feature","geometry":{"type":"MultiPolygon","coordinates":[[[[-17.443146999,14.74917913],[-17.443614823,14.748810718],[-17.443788663,14.748920718],[-17.44383544,14.748950316],[-17.444088128,14.749062806],[-17.444566403,14.749233946],[-17.444924701,14.749362154],[-17.445157533,14.749445468],[-17.445458083,14.749531604],[-17.445756421,14.749626382],[-17.445933026,14.74966772],[-17.446010134,14.749689818],[-17.446556457,14.749820017],[-17.446637452,14.749833322],[-17.446405468,14.751166912],[-17.446300275,14.751856325],[-17.442692153,14.752564623],[-17.442634446,14.752576785],[-17.440840965,14.752954756],[-17.44031749,14.750565536],[-17.44052876,14.750494176],[-17.440835591,14.750390539],[-17.440960183,14.750348456],[-17.441606569,14.750095081],[-17.442462048,14.749659723],[-17.442980681,14.749310104],[-17.443038344,14.749264695],[-17.443146999,14.74917913]]]]},"properties":{"region":"DAKAR","departement":"DAKAR","commune":"PARCELLES ASSAINIES","syscolCommune":"01130143","numSection":"010","surfaceM2":198741.4905}},{"type":"Feature","geometry":{"type":"MultiPolygon","coordinates":[[[[-17.446405468,14.751166912],[-17.446637452,14.749833322],[-17.447432926,14.749963983],[-17.447437187,14.749964799],[-17.448929703,14.750250752],[-17.449152046,14.750286801],[-17.450732087,14.75054297],[-17.450729808,14.750544973],[-17.450301009,14.752893586],[-17.446803465,14.753585415],[-17.446675637,14.753609452],[-17.446300275,14.751856325],[-17.446405468,14.751166912]]]]},"properties":{"region":"DAKAR","departement":"DAKAR","commune":"PARCELLES ASSAINIES","syscolCommune":"01130143","numSection":"002","surfaceM2":149268.9287}},{"type":"Feature","geometry":{"type":"MultiPolygon","coordinates":[[[[-17.465448718,14.723486712],[-17.467248669,14.72208421],[-17.469153469,14.720498856],[-17.470283784,14.719984962],[-17.470780135,14.719826565],[-17.471217542,14.719750055],[-17.471194653,14.719929947],[-17.471029108,14.722761971],[-17.471104498,14.723727963],[-17.47094415,14.723831521],[-17.470670241,14.723954055],[-17.470578522,14.724103352],[-17.470219531,14.724528214],[-17.469791832,14.724963379],[-17.469645611,14.725074981],[-17.46943479,14.725125075],[-17.468604421,14.72516264],[-17.467960779,14.725193426],[-17.467557129,14.7251451],[-17.467181032,14.72492424],[-17.466516509,14.724409816],[-17.465647664,14.723648775],[-17.465448718,14.723486712]]]]},"properties":{"region":"DAKAR","departement":"DAKAR","commune":"SICAP LIBERTE","syscolCommune":"01130125","numSection":"013","surfaceM2":223536.488}},{"type":"Feature","geometry":{"type":"MultiPolygon","coordinates":[[[[-17.463371705,14.721630432],[-17.463978935,14.720996139],[-17.465648059,14.719045447],[-17.46591096,14.718740228],[-17.466528742,14.719285095],[-17.468151781,14.720620206],[-17.468460012,14.720829562],[-17.468593363,14.720959559],[-17.467241892,14.722084378],[-17.465441941,14.72348688],[-17.464608928,14.722808297],[-17.463983579,14.722279095],[-17.463651029,14.721995566],[-17.463468088,14.721901823],[-17.463325329,14.721884204],[-17.463210965,14.721873838],[-17.463246964,14.721769443],[-17.463331089,14.721672858],[-17.463371705,14.721630432]]]]},"properties":{"region":"DAKAR","departement":"DAKAR","commune":"SICAP LIBERTE","syscolCommune":"01130125","numSection":"020","surfaceM2":147824.8192}},{"type":"Feature","geometry":{"type":"MultiPolygon","coordinates":[[[[-17.439892737,14.750709002],[-17.44031749,14.750565536],[-17.440840965,14.752954756],[-17.439012175,14.753325182],[-17.436589565,14.753815864],[-17.43536699,14.754074607],[-17.434735853,14.753071109],[-17.434795656,14.753032845],[-17.435321108,14.752696642],[-17.435410372,14.752639527],[-17.436602312,14.751940498],[-17.436754872,14.751865951],[-17.43706428,14.751714761],[-17.437071759,14.751711554],[-17.437770933,14.751411713],[-17.43804661,14.751293488],[-17.438621173,14.751111582],[-17.439892737,14.750709002]]]]},"properties":{"region":"DAKAR","departement":"DAKAR","commune":"PARCELLES ASSAINIES","syscolCommune":"01130143","numSection":"011","surfaceM2":136937.8452}},{"type":"Feature","geometry":{"type":"MultiPolygon","coordinates":[[[[-17.442634446,14.752576785],[-17.442692153,14.752564623],[-17.446300275,14.751856325],[-17.446675637,14.753609452],[-17.447058903,14.755389051],[-17.445332756,14.755734892],[-17.443449368,14.756126247],[-17.443415031,14.756133382],[-17.442896874,14.753690411],[-17.442634446,14.752576785]]]]},"properties":{"region":"DAKAR","departement":"DAKAR","commune":"PARCELLES ASSAINIES","syscolCommune":"01130143","numSection":"009","surfaceM2":161104.9267}},{"type":"Feature","geometry":{"type":"MultiPolygon","coordinates":[[[[-17.439012175,14.753325182],[-17.440840965,14.752954756],[-17.442634446,14.752576785],[-17.442896874,14.753690411],[-17.443415031,14.756133382],[-17.442488258,14.756320123],[-17.439779365,14.756865931],[-17.439012175,14.753325182]]]]},"properties":{"region":"DAKAR","departement":"DAKAR","commune":"PARCELLES ASSAINIES","syscolCommune":"01130143","numSection":"012","surfaceM2":161051.8744}},{"type":"Feature","geometry":{"type":"MultiPolygon","coordinates":[[[[-17.447058903,14.755389051],[-17.446675637,14.753609452],[-17.446803465,14.753585415],[-17.450301009,14.752893586],[-17.450403107,14.75327158],[-17.450634101,14.754359717],[-17.450997202,14.756070145],[-17.451061485,14.756399335],[-17.447445186,14.757141943],[-17.447304762,14.756530607],[-17.447058903,14.755389051]]]]},"properties":{"region":"DAKAR","departement":"DAKAR","commune":"PARCELLES ASSAINIES","syscolCommune":"01130143","numSection":"003","surfaceM2":159665.2557}},{"type":"Feature","geometry":{"type":"MultiPolygon","coordinates":[[[[-17.435758284,14.755839388],[-17.43536699,14.754074607],[-17.436589565,14.753815864],[-17.439012175,14.753325182],[-17.439779365,14.756865931],[-17.438863842,14.757052139],[-17.436149587,14.757604168],[-17.435758284,14.755839388]]]]},"properties":{"region":"DAKAR","departement":"DAKAR","commune":"PARCELLES ASSAINIES","syscolCommune":"01130143","numSection":"018","surfaceM2":160803.4797}},{"type":"Feature","geometry":{"type":"MultiPolygon","coordinates":[[[[-17.480346719,14.707714165],[-17.480149617,14.707495263],[-17.479508206,14.706842915],[-17.478848154,14.706134661],[-17.478460319,14.705605828],[-17.478082778,14.7050313],[-17.477834239,14.704714871],[-17.477714417,14.704581389],[-17.47834478,14.704006765],[-17.478473134,14.70388851],[-17.478669072,14.70362318],[-17.479009781,14.703131923],[-17.479089837,14.703045016],[-17.478770662,14.702833307],[-17.478701816,14.702738284],[-17.478959844,14.70232644],[-17.479463236,14.701506464],[-17.479628233,14.701503116],[-17.479775693,14.701776212],[-17.479904127,14.702014071],[-17.480447283,14.702271188],[-17.480670967,14.702507819],[-17.480798462,14.70292475],[-17.481058169,14.703089289],[-17.481580555,14.703681261],[-17.481889641,14.703869172],[-17.482097405,14.703783287],[-17.482365743,14.703625047],[-17.483040438,14.703570014],[-17.483373403,14.703697911],[-17.483692876,14.703718391],[-17.483743606,14.703861262],[-17.483697066,14.704088835],[-17.484019648,14.704384159],[-17.484144176,14.704538191],[-17.484303914,14.70454843],[-17.484450156,14.704451252],[-17.484647806,14.704556694],[-17.484773551,14.704818274],[-17.48481187,14.704949327],[-17.484716896,14.705116087],[-17.484204037,14.705435152],[-17.483798437,14.705813519],[-17.483379534,14.706148394],[-17.483464614,14.706309557],[-17.483439634,14.706365928],[-17.482844246,14.70695204],[-17.482425339,14.707286913],[-17.482031553,14.707577881],[-17.481299919,14.708009607],[-17.480909136,14.7082953],[-17.480907964,14.708293628],[-17.480857019,14.708248589],[-17.480368515,14.707738371],[-17.480346719,14.707714165]]]]},"properties":{"region":"DAKAR","departement":"DAKAR","commune":"MERMOZ-SACRE COEUR","syscolCommune":"01130134","numSection":"005","surfaceM2":279573.938}},{"type":"Feature","geometry":{"type":"MultiPolygon","coordinates":[[[[-17.434715268,14.75308428],[-17.434735853,14.753071109],[-17.43536699,14.754074607],[-17.435758284,14.755839388],[-17.433315055,14.756332061],[-17.431693204,14.756692113],[-17.431372592,14.756790463],[-17.431283132,14.756880042],[-17.431064018,14.757253926],[-17.431031257,14.757545835],[-17.431146698,14.7583485],[-17.431225973,14.758735932],[-17.429157335,14.759065531],[-17.428858697,14.757035599],[-17.428820125,14.756688952],[-17.428814204,14.756635743],[-17.429656331,14.756177197],[-17.43018745,14.755887995],[-17.432453684,14.754472975],[-17.434715268,14.75308428]]]]},"properties":{"region":"DAKAR","departement":"DAKAR","commune":"PARCELLES ASSAINIES","syscolCommune":"01130143","numSection":"019","surfaceM2":195817.1016}},{"type":"Feature","geometry":{"type":"MultiPolygon","coordinates":[[[[-17.466531869,14.718077432],[-17.466526038,14.717889416],[-17.466504394,14.717901207],[-17.46634563,14.717879522],[-17.466259175,14.717880442],[-17.466224976,14.717829378],[-17.466245417,14.717511239],[-17.46630423,14.717188018],[-17.466386112,14.716780394],[-17.466402854,14.716560476],[-17.466397862,14.716116376],[-17.466291375,14.715617251],[-17.466136439,14.715081241],[-17.46605132,14.714773578],[-17.466003968,14.714657553],[-17.465774141,14.714925612],[-17.465475808,14.715307488],[-17.46492079,14.715930536],[-17.464532555,14.716327394],[-17.463913517,14.717024758],[-17.463190915,14.717803872],[-17.462899226,14.718136585],[-17.462653856,14.718423219],[-17.462281021,14.718828677],[-17.461998208,14.719149898],[-17.461827451,14.719343694],[-17.461536948,14.719665711],[-17.461526063,14.719656143],[-17.461525422,14.719656854],[-17.461531754,14.71966242],[-17.461331185,14.719884746],[-17.461302338,14.719916124],[-17.461272214,14.719948891],[-17.461280037,14.719955407],[-17.461313181,14.719919355],[-17.461546195,14.720113461],[-17.462313583,14.720743231],[-17.462809981,14.721171743],[-17.463094655,14.721423886],[-17.463260217,14.721575228],[-17.463360165,14.721622544],[-17.463936621,14.721020397],[-17.465605745,14.719069705],[-17.465868647,14.718764487],[-17.465877484,14.718754226],[-17.466025277,14.718491101],[-17.466218874,14.71822111],[-17.466336982,14.718232611],[-17.466428301,14.718193362],[-17.466531869,14.718077432]]]]},"properties":{"region":"DAKAR","departement":"DAKAR","commune":"MERMOZ-SACRE COEUR","syscolCommune":"01130134","numSection":"019","surfaceM2":187649.6628}},{"type":"Feature","geometry":{"type":"MultiPolygon","coordinates":[[[[-17.463373302,14.721628763],[-17.463260217,14.721575228],[-17.463094655,14.721423886],[-17.462809981,14.721171743],[-17.462313583,14.720743231],[-17.461546195,14.720113461],[-17.461313181,14.719919355],[-17.460941603,14.720323532],[-17.460514721,14.720809335],[-17.459679656,14.721762331],[-17.459279166,14.722192625],[-17.459095014,14.722397081],[-17.458910537,14.722572612],[-17.458758038,14.722708355],[-17.458699353,14.722746322],[-17.458923707,14.722973741],[-17.459234739,14.723238368],[-17.459598703,14.723547087],[-17.460491767,14.724277595],[-17.460756949,14.724473846],[-17.461069588,14.724146465],[-17.461594,14.723566753],[-17.461989484,14.723179789],[-17.462313878,14.722882891],[-17.462702231,14.722444968],[-17.463200995,14.72191656],[-17.463215583,14.721874257],[-17.463210965,14.721873838],[-17.463246964,14.721769443],[-17.463331089,14.721672858],[-17.463371705,14.721630432],[-17.463373302,14.721628763]]]]},"properties":{"region":"DAKAR","departement":"DAKAR","commune":"SICAP LIBERTE","syscolCommune":"01130125","numSection":"005","surfaceM2":124397.5505}},{"type":"Feature","geometry":{"type":"MultiPolygon","coordinates":[[[[-17.450054904,14.758566361],[-17.449809007,14.758521913],[-17.447815834,14.758938571],[-17.447815826,14.758938535],[-17.447814973,14.758934621],[-17.447445186,14.757141943],[-17.451061485,14.756399335],[-17.451465436,14.756585784],[-17.452567772,14.757094575],[-17.45259685,14.757107055],[-17.452320641,14.757704182],[-17.451592061,14.759279264],[-17.451589456,14.759284893],[-17.451574274,14.759317716],[-17.451558463,14.759280436],[-17.450054904,14.758566361]]]]},"properties":{"region":"DAKAR","departement":"DAKAR","commune":"PARCELLES ASSAINIES","syscolCommune":"01130143","numSection":"004","surfaceM2":114658.8515}},{"type":"Feature","geometry":{"type":"MultiPolygon","coordinates":[[[[-17.445332756,14.755734892],[-17.447058903,14.755389051],[-17.447304762,14.756530607],[-17.447445186,14.757141943],[-17.447814973,14.758934621],[-17.447815826,14.758938535],[-17.447815834,14.758938571],[-17.447815791,14.75893858],[-17.44601244,14.759290474],[-17.444162893,14.759655592],[-17.44326295,14.7598274],[-17.442770549,14.75755093],[-17.442488258,14.756320123],[-17.443415031,14.756133382],[-17.443449368,14.756126247],[-17.445332756,14.755734892]]]]},"properties":{"region":"DAKAR","departement":"DAKAR","commune":"PARCELLES ASSAINIES","syscolCommune":"01130143","numSection":"008","surfaceM2":200917.3355}},{"type":"Feature","geometry":{"type":"MultiPolygon","coordinates":[[[[-17.431225973,14.758735932],[-17.431146698,14.7583485],[-17.431031257,14.757545835],[-17.431064018,14.757253926],[-17.431283132,14.756880042],[-17.431372592,14.756790463],[-17.431693204,14.756692113],[-17.433315055,14.756332061],[-17.435758284,14.755839388],[-17.436149587,14.757604168],[-17.436513627,14.759382279],[-17.434045744,14.759872442],[-17.433349312,14.760020257],[-17.43185855,14.759110459],[-17.431225973,14.758735932]]]]},"properties":{"region":"DAKAR","departement":"DAKAR","commune":"PARCELLES ASSAINIES","syscolCommune":"01130143","numSection":"020","surfaceM2":196907.7729}},{"type":"Feature","geometry":{"type":"MultiPolygon","coordinates":[[[[-17.438863842,14.757052139],[-17.439779365,14.756865931],[-17.442488258,14.756320123],[-17.442770549,14.75755093],[-17.44326295,14.7598274],[-17.440530978,14.760402696],[-17.439619245,14.760594679],[-17.439234163,14.75876255],[-17.438863842,14.757052139]]]]},"properties":{"region":"DAKAR","departement":"DAKAR","commune":"PARCELLES ASSAINIES","syscolCommune":"01130143","numSection":"013","surfaceM2":160144.2615}},{"type":"Feature","geometry":{"type":"MultiPolygon","coordinates":[[[[-17.436513627,14.759382279],[-17.436149587,14.757604168],[-17.438863842,14.757052139],[-17.439234163,14.75876255],[-17.439619245,14.760594679],[-17.436915973,14.761150711],[-17.43691104,14.761127732],[-17.436861478,14.760982322],[-17.436513627,14.759382279]]]]},"properties":{"region":"DAKAR","departement":"DAKAR","commune":"PARCELLES ASSAINIES","syscolCommune":"01130143","numSection":"017","surfaceM2":120552.8869}},{"type":"Feature","geometry":{"type":"MultiPolygon","coordinates":[[[[-17.429157335,14.759065531],[-17.431225973,14.758735932],[-17.43185855,14.759110459],[-17.433349312,14.760020257],[-17.433751584,14.761848591],[-17.433735851,14.761853519],[-17.433670092,14.761874118],[-17.433668432,14.761874638],[-17.433562228,14.761907906],[-17.433045053,14.761969189],[-17.431922059,14.762102256],[-17.431938916,14.762218082],[-17.431949045,14.762287684],[-17.431965059,14.762397715],[-17.431968603,14.76242207],[-17.431566587,14.762480255],[-17.431242794,14.762527118],[-17.431229998,14.762529238],[-17.431240849,14.762597839],[-17.431243075,14.762611912],[-17.431145355,14.762621423],[-17.431002846,14.762635294],[-17.431067454,14.763136205],[-17.431032196,14.763141584],[-17.430016806,14.763296484],[-17.42990573,14.763313428],[-17.42990162,14.763287908],[-17.429892402,14.763230681],[-17.429722373,14.762175025],[-17.429157711,14.759068087],[-17.429157335,14.759065531]]]]},"properties":{"region":"DAKAR","departement":"DAKAR","commune":"PARCELLES ASSAINIES","syscolCommune":"01130143","numSection":"021","surfaceM2":162665.6758}},{"type":"Feature","geometry":{"type":"MultiPolygon","coordinates":[[[[-17.434045744,14.759872442],[-17.436513627,14.759382279],[-17.436861478,14.760982322],[-17.43691104,14.761127732],[-17.436915973,14.761150711],[-17.437292624,14.762904905],[-17.437201473,14.762927375],[-17.43621496,14.763129099],[-17.435418666,14.763244066],[-17.434960672,14.763213373],[-17.434579865,14.763102662],[-17.433937172,14.762692077],[-17.433903482,14.762665794],[-17.433786964,14.762009395],[-17.433754379,14.761861298],[-17.433751584,14.761848591],[-17.433349312,14.760020257],[-17.434045744,14.759872442]]]]},"properties":{"region":"DAKAR","departement":"DAKAR","commune":"PARCELLES ASSAINIES","syscolCommune":"01130143","numSection":"022","surfaceM2":134062.8667}},{"type":"Feature","geometry":{"type":"MultiPolygon","coordinates":[[[[-17.447815791,14.75893858],[-17.447815834,14.758938571],[-17.448209148,14.760744014],[-17.448424033,14.761730385],[-17.448423035,14.761874162],[-17.448323661,14.762138175],[-17.448160951,14.762370521],[-17.447929007,14.76257353],[-17.447239099,14.762732159],[-17.446737333,14.76285693],[-17.445713265,14.763052065],[-17.444941848,14.763208792],[-17.444162893,14.759655592],[-17.44601244,14.759290474],[-17.447815791,14.75893858]]]]},"properties":{"region":"DAKAR","departement":"DAKAR","commune":"PARCELLES ASSAINIES","syscolCommune":"01130143","numSection":"007","surfaceM2":158993.7673}},{"type":"Feature","geometry":{"type":"MultiPolygon","coordinates":[[[[-17.439619245,14.760594679],[-17.440530978,14.760402696],[-17.441317554,14.763933239],[-17.441254986,14.763958127],[-17.441161645,14.763995257],[-17.439147164,14.764418118],[-17.438602856,14.764509918],[-17.438283554,14.76451329],[-17.438022401,14.764444339],[-17.43787637,14.764352782],[-17.437851788,14.764343591],[-17.437848333,14.7643423],[-17.437633922,14.764156835],[-17.437496223,14.763853116],[-17.437292624,14.762904905],[-17.436915973,14.761150711],[-17.439619245,14.760594679]]]]},"properties":{"region":"DAKAR","departement":"DAKAR","commune":"PARCELLES ASSAINIES","syscolCommune":"01130143","numSection":"016","surfaceM2":158920.6241}},{"type":"Feature","geometry":{"type":"MultiPolygon","coordinates":[[[[-17.433390035,14.763549131],[-17.433583555,14.763216198],[-17.433636455,14.763125189],[-17.43366517,14.763075789],[-17.433903482,14.762665794],[-17.433937172,14.762692077],[-17.434579865,14.763102662],[-17.434960672,14.763213373],[-17.435418666,14.763244066],[-17.43621496,14.763129099],[-17.437201473,14.762927375],[-17.437292624,14.762904905],[-17.437496223,14.763853116],[-17.437633922,14.764156835],[-17.437848333,14.7643423],[-17.437851788,14.764343591],[-17.437135426,14.765454691],[-17.436975243,14.765703138],[-17.436942172,14.765682743],[-17.436061128,14.765139392],[-17.435744498,14.76494412],[-17.43530219,14.764668079],[-17.435062354,14.764515881],[-17.434230111,14.763987745],[-17.43383346,14.763750982],[-17.433390035,14.763549131]]]]},"properties":{"region":"DAKAR","departement":"DAKAR","commune":"PARCELLES ASSAINIES","syscolCommune":"01130143","numSection":"023","surfaceM2":79970.9723}},{"type":"Feature","geometry":{"type":"MultiPolygon","coordinates":[[[[-17.447815834,14.758938571],[-17.449809007,14.758521913],[-17.450054904,14.758566361],[-17.451558463,14.759280436],[-17.451574274,14.759317716],[-17.451574396,14.759318003],[-17.451615863,14.759415774],[-17.45147136,14.759703464],[-17.451317014,14.76001075],[-17.451309475,14.760025759],[-17.450688507,14.761262029],[-17.450346066,14.762004863],[-17.450179771,14.762274848],[-17.449956706,14.762675748],[-17.449775643,14.762958529],[-17.449584934,14.763202569],[-17.44939399,14.763425698],[-17.449245225,14.763576669],[-17.449016501,14.763761021],[-17.448083518,14.764428266],[-17.447608165,14.764562197],[-17.44719392,14.764664399],[-17.446943707,14.763809622],[-17.446737333,14.76285693],[-17.447239099,14.762732159],[-17.447929007,14.76257353],[-17.448160951,14.762370521],[-17.448323661,14.762138175],[-17.448423035,14.761874162],[-17.448424033,14.761730385],[-17.448209148,14.760744014],[-17.447815834,14.758938571]]]]},"properties":{"region":"DAKAR","departement":"DAKAR","commune":"PARCELLES ASSAINIES","syscolCommune":"01130143","numSection":"005","surfaceM2":177704.1482}},{"type":"Feature","geometry":{"type":"MultiPolygon","coordinates":[[[[-17.445713265,14.763052065],[-17.446737333,14.76285693],[-17.446943707,14.763809622],[-17.44719392,14.764664399],[-17.444978884,14.765157182],[-17.443076012,14.765564002],[-17.44196213,14.765823394],[-17.44194183,14.765737247],[-17.441657957,14.764597478],[-17.441486959,14.763910904],[-17.441508255,14.763906576],[-17.444941848,14.763208792],[-17.445713265,14.763052065]]]]},"properties":{"region":"DAKAR","departement":"DAKAR","commune":"PARCELLES ASSAINIES","syscolCommune":"01130143","numSection":"006","surfaceM2":122483.948}},{"type":"Feature","geometry":{"type":"MultiPolygon","coordinates":[[[[-17.441317554,14.763933239],[-17.440530978,14.760402696],[-17.44326295,14.7598274],[-17.444162893,14.759655592],[-17.444941848,14.763208792],[-17.441508255,14.763906576],[-17.441486959,14.763910904],[-17.441484259,14.763900061],[-17.441322004,14.763931469],[-17.441317554,14.763933239]]]]},"properties":{"region":"DAKAR","departement":"DAKAR","commune":"PARCELLES ASSAINIES","syscolCommune":"01130143","numSection":"014","surfaceM2":161053.743}},{"type":"Feature","geometry":{"type":"MultiPolygon","coordinates":[[[[-17.450729808,14.750544973],[-17.450732087,14.75054297],[-17.451267542,14.750629779],[-17.451508548,14.750668851],[-17.451911506,14.750765339],[-17.453407082,14.751366666],[-17.453648846,14.751507688],[-17.4539449,14.751680376],[-17.454028519,14.75172915],[-17.454043218,14.751737046],[-17.454056051,14.751745209],[-17.454167467,14.751810197],[-17.454710558,14.752126979],[-17.454756628,14.75215385],[-17.454824035,14.752193168],[-17.454855758,14.752211672],[-17.454714391,14.75249276],[-17.454347715,14.753311816],[-17.454027476,14.754027137],[-17.453538573,14.755119197],[-17.45347815,14.755207085],[-17.453070794,14.756082444],[-17.45259685,14.757107055],[-17.452567772,14.757094575],[-17.451465436,14.756585784],[-17.451061485,14.756399335],[-17.450997202,14.756070145],[-17.450634101,14.754359717],[-17.450403107,14.75327158],[-17.450301009,14.752893586],[-17.450729808,14.750544973]]]]},"properties":{"region":"DAKAR","departement":"DAKAR","commune":"PARCELLES ASSAINIES","syscolCommune":"01130143","numSection":"001","surfaceM2":223832.9045}},{"type":"Feature","geometry":{"type":"MultiPolygon","coordinates":[[[[-17.454710558,14.752126979],[-17.454617176,14.748918066],[-17.454729219,14.74891382],[-17.454722466,14.748771582],[-17.45471716,14.748627025],[-17.454608604,14.748623476],[-17.454577472,14.746721406],[-17.454407939,14.746723277],[-17.454403494,14.744984465],[-17.455231324,14.745111456],[-17.457182561,14.745410768],[-17.458663383,14.745637908],[-17.458768005,14.745653956],[-17.459303366,14.745766847],[-17.459861073,14.745959326],[-17.461217433,14.746661972],[-17.461292241,14.746758847],[-17.461520096,14.746937975],[-17.461607212,14.747023659],[-17.462038123,14.747447482],[-17.462235605,14.747641716],[-17.46258571,14.748093257],[-17.46187385,14.748440647],[-17.461652334,14.748548748],[-17.461513617,14.748616441],[-17.458997501,14.749844287],[-17.458669648,14.749836526],[-17.458462881,14.749916094],[-17.457817835,14.75021935],[-17.457068472,14.750670193],[-17.457014333,14.750702765],[-17.456636965,14.75095227],[-17.456313764,14.75116596],[-17.456029552,14.751369804],[-17.45587098,14.751483536],[-17.454869812,14.752201592],[-17.454855758,14.752211672],[-17.454824035,14.752193168],[-17.454756628,14.75215385],[-17.454710558,14.752126979]]]]},"properties":{"region":"DAKAR","departement":"DAKAR","commune":"PATTE D'OIE","syscolCommune":"01130142","numSection":"001","surfaceM2":395951.6836}},{"type":"Feature","geometry":{"type":"MultiPolygon","coordinates":[[[[-17.449152046,14.750286801],[-17.449273332,14.744133243],[-17.449273343,14.744132567],[-17.449348694,14.744145162],[-17.453998697,14.744922367],[-17.454403494,14.744984465],[-17.454407939,14.746723277],[-17.454577472,14.746721406],[-17.454608604,14.748623476],[-17.45471716,14.748627025],[-17.454722466,14.748771582],[-17.454729219,14.74891382],[-17.454617176,14.748918066],[-17.454710558,14.752126979],[-17.454167467,14.751810197],[-17.454056051,14.751745209],[-17.454043218,14.751737046],[-17.454028519,14.75172915],[-17.4539449,14.751680376],[-17.453648846,14.751507688],[-17.453407082,14.751366666],[-17.451911506,14.750765339],[-17.451508548,14.750668851],[-17.451267542,14.750629779],[-17.450732087,14.75054297],[-17.449152046,14.750286801]]]]},"properties":{"region":"DAKAR","departement":"DAKAR","commune":"PATTE D'OIE","syscolCommune":"01130142","numSection":"002","surfaceM2":408539.8345}},{"type":"Feature","geometry":{"type":"MultiPolygon","coordinates":[[[[-17.443788663,14.748920718],[-17.443614823,14.748810718],[-17.443146999,14.74917913],[-17.443038344,14.749264695],[-17.443036827,14.749254151],[-17.442982175,14.746381134],[-17.442977961,14.746159592],[-17.444684635,14.743378776],[-17.444791835,14.743395688],[-17.44609557,14.743601371],[-17.448052654,14.743928522],[-17.449273343,14.744132567],[-17.449273332,14.744133243],[-17.449152046,14.750286801],[-17.448929703,14.750250752],[-17.447437187,14.749964799],[-17.447432926,14.749963983],[-17.446637452,14.749833322],[-17.446556457,14.749820017],[-17.446010134,14.749689818],[-17.445933026,14.74966772],[-17.445756421,14.749626382],[-17.445458083,14.749531604],[-17.445157533,14.749445468],[-17.444924701,14.749362154],[-17.444566403,14.749233946],[-17.444088128,14.749062806],[-17.44383544,14.748950316],[-17.443788663,14.748920718]]]]},"properties":{"region":"DAKAR","departement":"DAKAR","commune":"PATTE D'OIE","syscolCommune":"01130142","numSection":"003","surfaceM2":417329.2001}},{"type":"Feature","geometry":{"type":"MultiPolygon","coordinates":[[[[-17.428574762,14.752569822],[-17.42863136,14.752571722],[-17.429406708,14.752601757],[-17.431902818,14.752064425],[-17.433119165,14.751802574],[-17.433560214,14.751704706],[-17.435171272,14.751365889],[-17.435207793,14.751429195],[-17.434995128,14.752184388],[-17.435213032,14.752562153],[-17.435321108,14.752696642],[-17.434795656,14.753032845],[-17.434735853,14.753071109],[-17.434715268,14.75308428],[-17.432453684,14.754472975],[-17.43018745,14.755887995],[-17.429656331,14.756177197],[-17.428814204,14.756635743],[-17.42888829,14.756403627],[-17.428874066,14.754249068],[-17.428849402,14.753797555],[-17.428754776,14.753239212],[-17.428662892,14.752897536],[-17.428574762,14.752569822]]]]},"properties":{"region":"DAKAR","departement":"DAKAR","commune":"PATTE D'OIE","syscolCommune":"01130142","numSection":"009","surfaceM2":204964.9976}},{"type":"Feature","geometry":{"type":"MultiPolygon","coordinates":[[[[-17.436927562,14.747536622],[-17.436953596,14.747510083],[-17.437067261,14.747394213],[-17.43754796,14.746863615],[-17.437562986,14.746863964],[-17.437575298,14.74686425],[-17.437598568,14.746864792],[-17.437620867,14.74686531],[-17.437663767,14.746866308],[-17.437718789,14.746867588],[-17.438035905,14.746874964],[-17.438265535,14.746880305],[-17.438820631,14.746893216],[-17.441085297,14.746893214],[-17.441095342,14.746472413],[-17.442982175,14.746381134],[-17.443036827,14.749254151],[-17.443038344,14.749264695],[-17.442980681,14.749310104],[-17.442462048,14.749659723],[-17.441606569,14.750095081],[-17.440960183,14.750348456],[-17.440835591,14.750390539],[-17.44052876,14.750494176],[-17.44031749,14.750565536],[-17.439892737,14.750709002],[-17.438621173,14.751111582],[-17.43804661,14.751293488],[-17.437770933,14.751411713],[-17.437071759,14.751711554],[-17.437069097,14.751706267],[-17.436574418,14.750610547],[-17.435927202,14.750873708],[-17.435827558,14.750634067],[-17.435641288,14.75008256],[-17.43560467,14.7495511],[-17.435566026,14.749204429],[-17.435599648,14.748914846],[-17.435781914,14.748518522],[-17.435783436,14.748516848],[-17.435843428,14.748450854],[-17.43620529,14.748052788],[-17.436209494,14.748048163],[-17.436275861,14.747975156],[-17.436276986,14.747974597],[-17.436466402,14.747880462],[-17.436708088,14.747760351],[-17.436709061,14.747759364],[-17.436927562,14.747536622]],[[-17.436710044,14.747758878],[-17.436769019,14.74769876],[-17.436709061,14.747759364],[-17.436710044,14.747758878]]]]},"properties":{"region":"DAKAR","departement":"DAKAR","commune":"PATTE D'OIE","syscolCommune":"01130142","numSection":"004","surfaceM2":322653.3021}},{"type":"Feature","geometry":{"type":"MultiPolygon","coordinates":[[[[-17.435207793,14.751429195],[-17.435171272,14.751365889],[-17.433560214,14.751704706],[-17.433119165,14.751802574],[-17.431902818,14.752064425],[-17.43219832,14.751299717],[-17.432861104,14.74793173],[-17.432980953,14.747578365],[-17.433072621,14.747261541],[-17.434806924,14.74806618],[-17.435557196,14.748414266],[-17.435640666,14.748452991],[-17.435781914,14.748518522],[-17.435599648,14.748914846],[-17.435566026,14.749204429],[-17.43560467,14.7495511],[-17.435641288,14.75008256],[-17.435827558,14.750634067],[-17.435927202,14.750873708],[-17.436574418,14.750610547],[-17.437069097,14.751706267],[-17.437071759,14.751711554],[-17.43706428,14.751714761],[-17.436754872,14.751865951],[-17.436602312,14.751940498],[-17.435410372,14.752639527],[-17.435321108,14.752696642],[-17.435213032,14.752562153],[-17.434995128,14.752184388],[-17.435207793,14.751429195]]]]},"properties":{"region":"DAKAR","departement":"DAKAR","commune":"PATTE D'OIE","syscolCommune":"01130142","numSection":"007","surfaceM2":172619.622}},{"type":"Feature","geometry":{"type":"MultiPolygon","coordinates":[[[[-17.426560304,14.748841978],[-17.428933817,14.747543906],[-17.429662276,14.747670109],[-17.430440908,14.747576832],[-17.430672463,14.747549092],[-17.433072621,14.747261541],[-17.432980953,14.747578365],[-17.432861104,14.74793173],[-17.43219832,14.751299717],[-17.431902818,14.752064425],[-17.429406708,14.752601757],[-17.42863136,14.752571722],[-17.428574762,14.752569822],[-17.428499551,14.752290145],[-17.428376665,14.751970991],[-17.428163326,14.751416912],[-17.427531407,14.750299535],[-17.427285991,14.74994806],[-17.426527218,14.748861365],[-17.426560304,14.748841978]]]]},"properties":{"region":"DAKAR","departement":"DAKAR","commune":"PATTE D'OIE","syscolCommune":"01130142","numSection":"008","surfaceM2":279208.3157}},{"type":"Feature","geometry":{"type":"MultiPolygon","coordinates":[[[[-17.425685561,14.747600265],[-17.425481489,14.747245337],[-17.425112768,14.746433489],[-17.424952664,14.745953155],[-17.42465213,14.745363642],[-17.424542077,14.745094783],[-17.424504857,14.745003853],[-17.424561456,14.744988399],[-17.425112004,14.744838078],[-17.427710494,14.744298729],[-17.428007294,14.744228675],[-17.428811959,14.744038747],[-17.430626011,14.743585613],[-17.432424341,14.74316924],[-17.432755303,14.743102335],[-17.432604987,14.743316815],[-17.432600344,14.743322385],[-17.430744163,14.745549095],[-17.430439761,14.747572403],[-17.430441608,14.747572184],[-17.430440908,14.747576832],[-17.429662276,14.747670109],[-17.428933817,14.747543906],[-17.426560304,14.748841978],[-17.426527218,14.748861365],[-17.425866927,14.747915702],[-17.425685561,14.747600265]]]]},"properties":{"region":"DAKAR","departement":"DAKAR","commune":"PATTE D'OIE","syscolCommune":"01130142","numSection":"010","surfaceM2":273777.4705}},{"type":"Feature","geometry":{"type":"MultiPolygon","coordinates":[[[[-17.436709061,14.747759364],[-17.436769019,14.74769876],[-17.436710044,14.747758878],[-17.436709061,14.747759364]]],[[[-17.436709061,14.747759364],[-17.436708088,14.747760351],[-17.436466402,14.747880462],[-17.436276986,14.747974597],[-17.436275861,14.747975156],[-17.436209494,14.748048163],[-17.43620529,14.748052788],[-17.435843428,14.748450854],[-17.435783436,14.748516848],[-17.435781914,14.748518522],[-17.435640666,14.748452991],[-17.435557196,14.748414266],[-17.434806924,14.74806618],[-17.433072621,14.747261541],[-17.430672463,14.747549092],[-17.430440908,14.747576832],[-17.430441608,14.747572184],[-17.430439761,14.747572403],[-17.430744163,14.745549095],[-17.432600344,14.743322385],[-17.432604987,14.743316815],[-17.432755303,14.743102335],[-17.436440386,14.742357352],[-17.437412053,14.742187684],[-17.437400028,14.742370566],[-17.437337578,14.743152095],[-17.437607444,14.743675119],[-17.438137713,14.744422478],[-17.438020305,14.744907757],[-17.437650458,14.746435485],[-17.437535929,14.746627918],[-17.43754796,14.746863615],[-17.437067261,14.747394213],[-17.436953596,14.747510083],[-17.436927562,14.747536622],[-17.436709061,14.747759364]]]]},"properties":{"region":"DAKAR","departement":"DAKAR","commune":"PATTE D'OIE","syscolCommune":"01130142","numSection":"006","surfaceM2":382395.2265}},{"type":"Feature","geometry":{"type":"MultiPolygon","coordinates":[[[[-17.452390612,14.727943545],[-17.452391889,14.727934125],[-17.454217003,14.728162161],[-17.456227213,14.728471975],[-17.457242835,14.728628495],[-17.457262864,14.728631083],[-17.457230698,14.728714342],[-17.45848221,14.730530937],[-17.457414797,14.731758039],[-17.456436264,14.732652838],[-17.456237575,14.732800887],[-17.455725231,14.733140662],[-17.453024429,14.729604061],[-17.452160857,14.729469797],[-17.452220985,14.728917],[-17.452390612,14.727943545]]]]},"properties":{"region":"DAKAR","departement":"DAKAR","commune":"GRAND YOFF","syscolCommune":"01130141","numSection":"013","surfaceM2":214554.923}},{"type":"Feature","geometry":{"type":"MultiPolygon","coordinates":[[[[-17.466849373,14.737347023],[-17.466867637,14.736874989],[-17.466906394,14.736194538],[-17.467218617,14.736184248],[-17.466906571,14.735629116],[-17.466829009,14.735651763],[-17.466790057,14.735550184],[-17.466648864,14.735196909],[-17.466174361,14.733561216],[-17.465635379,14.733230263],[-17.4648889,14.732888388],[-17.464637564,14.733097376],[-17.464261852,14.733768444],[-17.461899217,14.733519907],[-17.461872378,14.733520645],[-17.46127941,14.731887363],[-17.461290897,14.731891655],[-17.461399284,14.731923424],[-17.463005277,14.732361662],[-17.463009714,14.732362809],[-17.463011829,14.732363356],[-17.463153648,14.731948692],[-17.463221301,14.731930827],[-17.463472314,14.731169909],[-17.463983984,14.731156068],[-17.464359463,14.729873064],[-17.464370741,14.729834528],[-17.464372373,14.72982895],[-17.464395231,14.729745465],[-17.465878055,14.730330077],[-17.469228291,14.731619281],[-17.469331,14.731656897],[-17.469862905,14.731852497],[-17.471019558,14.732277835],[-17.471184097,14.732298921],[-17.471374644,14.732303065],[-17.471385193,14.732303295],[-17.47138592,14.732306427],[-17.471391878,14.732308202],[-17.471660544,14.733472861],[-17.471779428,14.733591705],[-17.472631167,14.734040791],[-17.472624348,14.734046191],[-17.472226698,14.734361109],[-17.471949049,14.734647025],[-17.471787714,14.73487041],[-17.4716219,14.735987007],[-17.471332262,14.735951953],[-17.471134458,14.737460678],[-17.469603725,14.737240298],[-17.469563366,14.738134951],[-17.469563112,14.738144704],[-17.469563018,14.738146736],[-17.46956275,14.738156561],[-17.469562796,14.738156836],[-17.469562748,14.738158687],[-17.469348537,14.738174364],[-17.468824775,14.738188352],[-17.467980624,14.738181389],[-17.46693027,14.738163533],[-17.466849373,14.737347023]]]]},"properties":{"region":"DAKAR","departement":"DAKAR","commune":"GRAND YOFF","syscolCommune":"01130141","numSection":"005","surfaceM2":519837.8246}},{"type":"Feature","geometry":{"type":"MultiPolygon","coordinates":[[[[-17.44630663,14.730999423],[-17.442723506,14.73066244],[-17.442699612,14.73088216],[-17.44012976,14.730708018],[-17.440214606,14.729356208],[-17.440215999,14.729335717],[-17.440361333,14.727177676],[-17.440441899,14.72583816],[-17.440465246,14.725449983],[-17.441092518,14.725939714],[-17.441561278,14.726273204],[-17.441599858,14.726300651],[-17.441994654,14.726444728],[-17.442014292,14.726452501],[-17.442017031,14.726452895],[-17.44214732,14.726500442],[-17.442368821,14.726547543],[-17.443700746,14.726723485],[-17.444191695,14.726765428],[-17.444483525,14.726807367],[-17.444766789,14.726865739],[-17.446591232,14.727159644],[-17.44630663,14.730999423]]]]},"properties":{"region":"DAKAR","departement":"DAKAR","commune":"GRAND YOFF","syscolCommune":"01130141","numSection":"024","surfaceM2":313118.1142}},{"type":"Feature","geometry":{"type":"MultiPolygon","coordinates":[[[[-17.440001812,14.73248725],[-17.44012277,14.730707474],[-17.44012976,14.730708018],[-17.442699612,14.73088216],[-17.442120436,14.736888745],[-17.44204238,14.736957744],[-17.442002257,14.736993209],[-17.441914354,14.737129953],[-17.439775348,14.736770428],[-17.439817114,14.735768042],[-17.439911308,14.734414332],[-17.439944822,14.733688505],[-17.439992725,14.732651068],[-17.440001812,14.73248725]]]]},"properties":{"region":"DAKAR","departement":"DAKAR","commune":"GRAND YOFF","syscolCommune":"01130141","numSection":"020","surfaceM2":182524.4303}},{"type":"Feature","geometry":{"type":"MultiPolygon","coordinates":[[[[-17.44358438,14.737235914],[-17.442973996,14.737122847],[-17.44246318,14.737128241],[-17.442120436,14.736888745],[-17.442699612,14.73088216],[-17.442723506,14.73066244],[-17.44630663,14.730999423],[-17.446128025,14.734439135],[-17.446086456,14.735239699],[-17.446074775,14.735464666],[-17.446043862,14.735775732],[-17.445904894,14.736087942],[-17.444266925,14.737671522],[-17.444165075,14.737769989],[-17.44358438,14.737235914]]]]},"properties":{"region":"DAKAR","departement":"DAKAR","commune":"GRAND YOFF","syscolCommune":"01130141","numSection":"021","surfaceM2":279064.5638}},{"type":"Feature","geometry":{"type":"MultiPolygon","coordinates":[[[[-17.439755047,14.737257638],[-17.439775348,14.736770428],[-17.441914354,14.737129953],[-17.442002257,14.736993209],[-17.44204238,14.736957744],[-17.442120436,14.736888745],[-17.44246318,14.737128241],[-17.442973996,14.737122847],[-17.44358438,14.737235914],[-17.444165075,14.737769989],[-17.443493196,14.738309331],[-17.442962578,14.738631652],[-17.44259653,14.738844671],[-17.442499428,14.738947285],[-17.442211452,14.739553881],[-17.44210841,14.739674484],[-17.44097701,14.740746455],[-17.440832134,14.740970283],[-17.440765577,14.741279336],[-17.440809396,14.741547186],[-17.44033182,14.741707897],[-17.440159959,14.742022968],[-17.439944842,14.741892204],[-17.440016763,14.741748343],[-17.440052745,14.74159659],[-17.440029561,14.741450025],[-17.439977024,14.741247843],[-17.439885869,14.740998436],[-17.43974777,14.740701582],[-17.439580956,14.740035349],[-17.439564984,14.739701521],[-17.439594926,14.739081004],[-17.439713901,14.737517161],[-17.439755047,14.737257638]]]]},"properties":{"region":"DAKAR","departement":"DAKAR","commune":"GRAND YOFF","syscolCommune":"01130141","numSection":"019","surfaceM2":147467.8536}},{"type":"Feature","geometry":{"type":"MultiPolygon","coordinates":[[[[-17.444165075,14.737769989],[-17.444266925,14.737671522],[-17.446876661,14.739978266],[-17.445499097,14.741988744],[-17.444871103,14.742939557],[-17.444643175,14.743369234],[-17.444641705,14.743372002],[-17.443871134,14.74325043],[-17.442503182,14.743034602],[-17.441840327,14.742843207],[-17.441729534,14.742799255],[-17.441512278,14.742713068],[-17.440887466,14.742465198],[-17.440159959,14.742022968],[-17.44033182,14.741707897],[-17.440809396,14.741547186],[-17.440765577,14.741279336],[-17.440832134,14.740970283],[-17.44097701,14.740746455],[-17.44210841,14.739674484],[-17.442211452,14.739553881],[-17.442499428,14.738947285],[-17.44259653,14.738844671],[-17.442962578,14.738631652],[-17.443493196,14.738309331],[-17.444165075,14.737769989]]]]},"properties":{"region":"DAKAR","departement":"DAKAR","commune":"GRAND YOFF","syscolCommune":"01130141","numSection":"018","surfaceM2":255472.832}},{"type":"Feature","geometry":{"type":"MultiPolygon","coordinates":[[[[-17.445499097,14.741988744],[-17.446876661,14.739978266],[-17.447196845,14.739461858],[-17.447489199,14.739248417],[-17.448166072,14.738743086],[-17.448820283,14.739674142],[-17.449754371,14.740298033],[-17.45057852,14.740800749],[-17.450672181,14.740665302],[-17.451327608,14.740999854],[-17.451056057,14.741222954],[-17.451415103,14.741482081],[-17.44923905,14.74304816],[-17.448052654,14.743928522],[-17.44609557,14.743601371],[-17.444791835,14.743395688],[-17.444684635,14.743378776],[-17.444641705,14.743372002],[-17.444643175,14.743369234],[-17.444871103,14.742939557],[-17.445499097,14.741988744]]]]},"properties":{"region":"DAKAR","departement":"DAKAR","commune":"GRAND YOFF","syscolCommune":"01130141","numSection":"017","surfaceM2":216625.4583}},{"type":"Feature","geometry":{"type":"MultiPolygon","coordinates":[[[[-17.451327608,14.740999854],[-17.450672181,14.740665302],[-17.45057852,14.740800749],[-17.449754371,14.740298033],[-17.448820283,14.739674142],[-17.448166072,14.738743086],[-17.448190718,14.738724687],[-17.450781768,14.736916377],[-17.450808344,14.736897822],[-17.451926777,14.738075143],[-17.45359953,14.739401944],[-17.452472209,14.740722589],[-17.451638028,14.741352912],[-17.451415103,14.741482081],[-17.451056057,14.741222954],[-17.451327608,14.740999854]]]]},"properties":{"region":"DAKAR","departement":"DAKAR","commune":"GRAND YOFF","syscolCommune":"01130141","numSection":"016","surfaceM2":151308.7984}},{"type":"Feature","geometry":{"type":"MultiPolygon","coordinates":[[[[-17.455725231,14.733140662],[-17.456237575,14.732800887],[-17.456184213,14.734306988],[-17.456128028,14.734513672],[-17.45584926,14.735539155],[-17.455334923,14.736763665],[-17.455291167,14.736840445],[-17.454540033,14.738158472],[-17.45359953,14.739401944],[-17.451926777,14.738075143],[-17.450808344,14.736897822],[-17.454597571,14.73411428],[-17.455725231,14.733140662]]]]},"properties":{"region":"DAKAR","departement":"DAKAR","commune":"GRAND YOFF","syscolCommune":"01130141","numSection":"015","surfaceM2":187798.9851}},{"type":"Feature","geometry":{"type":"MultiPolygon","coordinates":[[[[-17.452472209,14.740722589],[-17.45359953,14.739401944],[-17.456210733,14.741523982],[-17.458671844,14.743523974],[-17.458671816,14.74352401],[-17.457200075,14.745386746],[-17.457182561,14.745410768],[-17.455231324,14.745111456],[-17.454403494,14.744984465],[-17.453998697,14.744922367],[-17.449348694,14.744145162],[-17.449273343,14.744132567],[-17.448052654,14.743928522],[-17.44923905,14.74304816],[-17.451415103,14.741482081],[-17.451638028,14.741352912],[-17.452472209,14.740722589]]]]},"properties":{"region":"DAKAR","departement":"DAKAR","commune":"GRAND YOFF","syscolCommune":"01130141","numSection":"009","surfaceM2":378750.2701}},{"type":"Feature","geometry":{"type":"MultiPolygon","coordinates":[[[[-17.446128025,14.734439135],[-17.447825963,14.733130596],[-17.450781768,14.736916377],[-17.448190718,14.738724687],[-17.448166072,14.738743086],[-17.447489199,14.739248417],[-17.447196845,14.739461858],[-17.446876661,14.739978266],[-17.444266925,14.737671522],[-17.445904894,14.736087942],[-17.446043862,14.735775732],[-17.446074775,14.735464666],[-17.446086456,14.735239699],[-17.446128025,14.734439135]]]]},"properties":{"region":"DAKAR","departement":"DAKAR","commune":"GRAND YOFF","syscolCommune":"01130141","numSection":"022","surfaceM2":258763.4247}},{"type":"Feature","geometry":{"type":"MultiPolygon","coordinates":[[[[-17.451558735,14.730563329],[-17.45168588,14.729414637],[-17.452160857,14.729469797],[-17.453024429,14.729604061],[-17.455725231,14.733140662],[-17.454597571,14.73411428],[-17.450808344,14.736897822],[-17.450781768,14.736916377],[-17.447825963,14.733130596],[-17.451281875,14.730623629],[-17.451558735,14.730563329]]]]},"properties":{"region":"DAKAR","departement":"DAKAR","commune":"GRAND YOFF","syscolCommune":"01130141","numSection":"014","surfaceM2":362256.5544}},{"type":"Feature","geometry":{"type":"MultiPolygon","coordinates":[[[[-17.44630663,14.730999423],[-17.446591232,14.727159644],[-17.44796539,14.727381],[-17.451879015,14.727870042],[-17.452391889,14.727934125],[-17.452390612,14.727943545],[-17.452220985,14.728917],[-17.452160857,14.729469797],[-17.45168588,14.729414637],[-17.451558735,14.730563329],[-17.451281875,14.730623629],[-17.447825963,14.733130596],[-17.446128025,14.734439135],[-17.44630663,14.730999423]]]]},"properties":{"region":"DAKAR","departement":"DAKAR","commune":"GRAND YOFF","syscolCommune":"01130141","numSection":"023","surfaceM2":315574.3269}},{"type":"Feature","geometry":{"type":"MultiPolygon","coordinates":[[[[-17.462038123,14.747447482],[-17.461607212,14.747023659],[-17.461520096,14.746937975],[-17.461292241,14.746758847],[-17.461217433,14.746661972],[-17.462691222,14.747079272],[-17.462708959,14.747084899],[-17.462985491,14.747172632],[-17.462985659,14.747172134],[-17.46298615,14.74717229],[-17.463267371,14.746337626],[-17.462608039,14.746024354],[-17.46191188,14.74551759],[-17.46161928,14.745162163],[-17.46143686,14.744775684],[-17.461318806,14.744370295],[-17.461262154,14.743919134],[-17.461309054,14.743502726],[-17.461437561,14.743135644],[-17.461596263,14.742832779],[-17.461843217,14.742514633],[-17.462194041,14.742259918],[-17.462632788,14.742011752],[-17.462633356,14.74201143],[-17.463059628,14.741913669],[-17.463340697,14.741873736],[-17.463340964,14.741873946],[-17.464312948,14.742636594],[-17.466385082,14.741687072],[-17.46990649,14.743535222],[-17.469907422,14.743535712],[-17.469525372,14.744114636],[-17.469330322,14.74433453],[-17.468700444,14.744990011],[-17.468509358,14.745188861],[-17.468366502,14.745287984],[-17.467479448,14.745903476],[-17.467004008,14.746184019],[-17.467003051,14.746184584],[-17.467001792,14.746185149],[-17.466954675,14.746209171],[-17.466771462,14.746302579],[-17.466510079,14.746405814],[-17.466357027,14.746474498],[-17.465727996,14.746756785],[-17.46480509,14.747183976],[-17.464466578,14.747340663],[-17.464079642,14.747519765],[-17.464000633,14.747550094],[-17.46258571,14.748093257],[-17.462235605,14.747641716],[-17.462038123,14.747447482]]]]},"properties":{"region":"DAKAR","departement":"DAKAR","commune":"GRAND YOFF","syscolCommune":"01130141","numSection":"001","surfaceM2":394125.3177}},{"type":"Feature","geometry":{"type":"MultiPolygon","coordinates":[[[[-17.459685126,14.737329999],[-17.459685661,14.737329349],[-17.462246393,14.73937319],[-17.461402604,14.740353019],[-17.459741321,14.742282112],[-17.459397412,14.742681456],[-17.458845038,14.743322864],[-17.458671844,14.743523974],[-17.456210733,14.741523982],[-17.456211689,14.741522897],[-17.459685126,14.737329999]]]]},"properties":{"region":"DAKAR","departement":"DAKAR","commune":"GRAND YOFF","syscolCommune":"01130141","numSection":"008","surfaceM2":210498.4928}},{"type":"Feature","geometry":{"type":"MultiPolygon","coordinates":[[[[-17.459184404,14.735705643],[-17.461089664,14.733672428],[-17.461260538,14.733878295],[-17.461944524,14.734702343],[-17.464218315,14.737056461],[-17.462246393,14.73937319],[-17.459685661,14.737329349],[-17.459515052,14.737194324],[-17.458527578,14.736406569],[-17.459184404,14.735705643]]]]},"properties":{"region":"DAKAR","departement":"DAKAR","commune":"GRAND YOFF","syscolCommune":"01130141","numSection":"007","surfaceM2":187480.7238}},{"type":"Feature","geometry":{"type":"MultiPolygon","coordinates":[[[[-17.457414797,14.731758039],[-17.45848221,14.730530937],[-17.461089664,14.733672428],[-17.459184404,14.735705643],[-17.458527578,14.736406569],[-17.459515052,14.737194324],[-17.456128028,14.734513672],[-17.456184213,14.734306988],[-17.456237575,14.732800887],[-17.456436264,14.732652838],[-17.457414797,14.731758039]]]]},"properties":{"region":"DAKAR","departement":"DAKAR","commune":"GRAND YOFF","syscolCommune":"01130141","numSection":"011","surfaceM2":193536.7644}},{"type":"Feature","geometry":{"type":"MultiPolygon","coordinates":[[[[-17.456211689,14.741522897],[-17.456210733,14.741523982],[-17.45359953,14.739401944],[-17.454540033,14.738158472],[-17.455291167,14.736840445],[-17.455334923,14.736763665],[-17.45584926,14.735539155],[-17.456128028,14.734513672],[-17.459515052,14.737194324],[-17.459685661,14.737329349],[-17.459685126,14.737329999],[-17.456211689,14.741522897]]]]},"properties":{"region":"DAKAR","departement":"DAKAR","commune":"GRAND YOFF","syscolCommune":"01130141","numSection":"010","surfaceM2":242233.5761}},{"type":"Feature","geometry":{"type":"MultiPolygon","coordinates":[[[[-17.461089664,14.733672428],[-17.45848221,14.730530937],[-17.457230698,14.728714342],[-17.457262864,14.728631083],[-17.459032925,14.72885981],[-17.460151954,14.729004403],[-17.46372398,14.729506018],[-17.46379505,14.729530124],[-17.464181509,14.729661202],[-17.464395231,14.729745465],[-17.464372373,14.72982895],[-17.464370741,14.729834528],[-17.464359463,14.729873064],[-17.463983984,14.731156068],[-17.463472314,14.731169909],[-17.463221301,14.731930827],[-17.463153648,14.731948692],[-17.463011829,14.732363356],[-17.463009714,14.732362809],[-17.463005277,14.732361662],[-17.461399284,14.731923424],[-17.461290897,14.731891655],[-17.46127941,14.731887363],[-17.461872378,14.733520645],[-17.461899217,14.733519907],[-17.461917601,14.733575194],[-17.461909631,14.733578764],[-17.461262524,14.733868643],[-17.461267803,14.733875015],[-17.461260538,14.733878295],[-17.461089664,14.733672428]]]]},"properties":{"region":"DAKAR","departement":"DAKAR","commune":"GRAND YOFF","syscolCommune":"01130141","numSection":"012","surfaceM2":215252.6631}},{"type":"Feature","geometry":{"type":"MultiPolygon","coordinates":[[[[-17.469563366,14.738134951],[-17.469603725,14.737240298],[-17.471134458,14.737460678],[-17.471332262,14.735951953],[-17.4716219,14.735987007],[-17.471787714,14.73487041],[-17.471949049,14.734647025],[-17.472226698,14.734361109],[-17.472624348,14.734046191],[-17.472631167,14.734040791],[-17.471779428,14.733591705],[-17.471660544,14.733472861],[-17.471391878,14.732308202],[-17.47138592,14.732306427],[-17.471385193,14.732303295],[-17.471415996,14.732303965],[-17.471656721,14.732129261],[-17.472063126,14.731834317],[-17.473081503,14.731095233],[-17.473120036,14.731255504],[-17.473230501,14.73171497],[-17.473267285,14.731934893],[-17.473268778,14.731943817],[-17.473321935,14.732261626],[-17.473339538,14.732412707],[-17.473388714,14.732834788],[-17.473384741,14.733008164],[-17.473356803,14.734227441],[-17.473356684,14.734232652],[-17.473339308,14.734321854],[-17.473326193,14.734389179],[-17.473323439,14.734403316],[-17.473010499,14.736009826],[-17.473008529,14.736015344],[-17.472712734,14.736843873],[-17.472685614,14.736919837],[-17.472311307,14.73789609],[-17.471280988,14.74035364],[-17.471160267,14.740641587],[-17.4710896,14.740810139],[-17.471030574,14.740950929],[-17.471009438,14.741001343],[-17.469064015,14.739938915],[-17.469597537,14.738290142],[-17.469597098,14.738288761],[-17.469570671,14.738205574],[-17.469562748,14.738158687],[-17.469562796,14.738156836],[-17.46956275,14.738156561],[-17.469563018,14.738146736],[-17.469563112,14.738144704],[-17.469563366,14.738134951]]]]},"properties":{"region":"DAKAR","departement":"DAKAR","commune":"GRAND YOFF","syscolCommune":"01130141","numSection":"004","surfaceM2":198640.6529}},{"type":"Feature","geometry":{"type":"MultiPolygon","coordinates":[[[[-17.466305007,14.738428252],[-17.465669865,14.738073989],[-17.46502221,14.737718122],[-17.464218315,14.737056461],[-17.461944524,14.734702343],[-17.461260538,14.733878295],[-17.461267803,14.733875015],[-17.461262524,14.733868643],[-17.461909631,14.733578764],[-17.461917601,14.733575194],[-17.461899217,14.733519907],[-17.464261852,14.733768444],[-17.464637564,14.733097376],[-17.4648889,14.732888388],[-17.465635379,14.733230263],[-17.466174361,14.733561216],[-17.466648864,14.735196909],[-17.466790057,14.735550184],[-17.466829009,14.735651763],[-17.466906571,14.735629116],[-17.467218617,14.736184248],[-17.466906394,14.736194538],[-17.466867637,14.736874989],[-17.466849373,14.737347023],[-17.46693027,14.738163533],[-17.467980624,14.738181389],[-17.468824775,14.738188352],[-17.469348537,14.738174364],[-17.469562748,14.738158687],[-17.469570671,14.738205574],[-17.469597098,14.738288761],[-17.469597537,14.738290142],[-17.469064015,14.739938915],[-17.468777047,14.739781243],[-17.466305007,14.738428252]]]]},"properties":{"region":"DAKAR","departement":"DAKAR","commune":"GRAND YOFF","syscolCommune":"01130141","numSection":"006","surfaceM2":241402.3989}},{"type":"Feature","geometry":{"type":"MultiPolygon","coordinates":[[[[-17.462985491,14.747172632],[-17.462708959,14.747084899],[-17.462691222,14.747079272],[-17.461217433,14.746661972],[-17.459861073,14.745959326],[-17.459303366,14.745766847],[-17.458768005,14.745653956],[-17.458663383,14.745637908],[-17.457182561,14.745410768],[-17.457200075,14.745386746],[-17.458671816,14.74352401],[-17.458671844,14.743523974],[-17.458845038,14.743322864],[-17.459397412,14.742681456],[-17.459741321,14.742282112],[-17.461402604,14.740353019],[-17.461402823,14.740353191],[-17.463340697,14.741873736],[-17.463059628,14.741913669],[-17.462633356,14.74201143],[-17.462632788,14.742011752],[-17.462194041,14.742259918],[-17.461843217,14.742514633],[-17.461596263,14.742832779],[-17.461437561,14.743135644],[-17.461309054,14.743502726],[-17.461262154,14.743919134],[-17.461318806,14.744370295],[-17.46143686,14.744775684],[-17.46161928,14.745162163],[-17.46191188,14.74551759],[-17.462608039,14.746024354],[-17.463267371,14.746337626],[-17.46298615,14.74717229],[-17.462985659,14.747172134],[-17.462985491,14.747172632]]]]},"properties":{"region":"DAKAR","departement":"DAKAR","commune":"GRAND YOFF","syscolCommune":"01130141","numSection":"002","surfaceM2":205955.5724}},{"type":"Feature","geometry":{"type":"MultiPolygon","coordinates":[[[[-17.46990649,14.743535222],[-17.466385082,14.741687072],[-17.464312948,14.742636594],[-17.463340964,14.741873946],[-17.463340697,14.741873736],[-17.461402823,14.740353191],[-17.461402604,14.740353019],[-17.462246393,14.73937319],[-17.464218315,14.737056461],[-17.46502221,14.737718122],[-17.465669865,14.738073989],[-17.466305007,14.738428252],[-17.468777047,14.739781243],[-17.469064015,14.739938915],[-17.471009438,14.741001343],[-17.470937477,14.741172986],[-17.470936665,14.741174922],[-17.470904824,14.74125087],[-17.470754511,14.741609394],[-17.470708136,14.741720007],[-17.470639294,14.741884209],[-17.470508434,14.742196333],[-17.470499658,14.742217265],[-17.470471338,14.742284812],[-17.470467561,14.742293822],[-17.469910156,14.743529649],[-17.46990649,14.743535222]]]]},"properties":{"region":"DAKAR","departement":"DAKAR","commune":"GRAND YOFF","syscolCommune":"01130141","numSection":"003","surfaceM2":359940.148}},{"type":"Feature","geometry":{"type":"MultiPolygon","coordinates":[[[[-17.437412053,14.742187684],[-17.438075364,14.742071857],[-17.438667671,14.742041143],[-17.438697286,14.74204234],[-17.439490564,14.742074408],[-17.43977477,14.742025266],[-17.439944842,14.741892204],[-17.440159959,14.742022968],[-17.440887466,14.742465198],[-17.441512278,14.742713068],[-17.441729534,14.742799255],[-17.441840327,14.742843207],[-17.442503182,14.743034602],[-17.443871134,14.74325043],[-17.444641705,14.743372002],[-17.444684635,14.743378776],[-17.442977961,14.746159592],[-17.442982175,14.746381134],[-17.441095342,14.746472413],[-17.441085297,14.746893214],[-17.438820631,14.746893216],[-17.438265535,14.746880305],[-17.438035905,14.746874964],[-17.437718789,14.746867588],[-17.437663767,14.746866308],[-17.437620867,14.74686531],[-17.437598568,14.746864792],[-17.437575298,14.74686425],[-17.437562986,14.746863964],[-17.43754796,14.746863615],[-17.437535929,14.746627918],[-17.437650458,14.746435485],[-17.438020305,14.744907757],[-17.438137713,14.744422478],[-17.437607444,14.743675119],[-17.437337578,14.743152095],[-17.437400028,14.742370566],[-17.437412053,14.742187684]]]]},"properties":{"region":"DAKAR","departement":"DAKAR","commune":"PATTE D'OIE","syscolCommune":"01130142","numSection":"005","surfaceM2":304446.0613}},{"type":"Feature","geometry":{"type":"MultiPolygon","coordinates":[[[[-17.433087888,14.765862924],[-17.433091075,14.765418304],[-17.433093573,14.765069873],[-17.433082506,14.764768878],[-17.433074878,14.764561406],[-17.433050444,14.764337305],[-17.433036368,14.764208198],[-17.43302075,14.764064945],[-17.433005685,14.763926769],[-17.433005161,14.763879676],[-17.433004496,14.763819925],[-17.433003673,14.763745946],[-17.433255305,14.763709155],[-17.433265445,14.763699554],[-17.433338261,14.763630609],[-17.433375556,14.763564616],[-17.433390035,14.763549131],[-17.43383346,14.763750982],[-17.434230111,14.763987745],[-17.435062354,14.764515881],[-17.43530219,14.764668079],[-17.435744498,14.76494412],[-17.436061128,14.765139392],[-17.436942172,14.765682743],[-17.436975243,14.765703138],[-17.437135426,14.765454691],[-17.437208602,14.76556986],[-17.437209518,14.765571301],[-17.437221599,14.765619714],[-17.437249172,14.765725488],[-17.437287339,14.76587389],[-17.437376908,14.766222155],[-17.437488521,14.766660804],[-17.437550352,14.767009266],[-17.437624293,14.767293226],[-17.437657114,14.767419272],[-17.437719959,14.767634666],[-17.433172497,14.769583876],[-17.432813528,14.768804189],[-17.433161923,14.768679779],[-17.433100243,14.768516234],[-17.433282117,14.768451288],[-17.433183084,14.768116451],[-17.433180901,14.768102294],[-17.433143256,14.767858176],[-17.433130019,14.767642226],[-17.433119046,14.767463213],[-17.433109499,14.767307481],[-17.433108493,14.76725963],[-17.43309966,14.76683946],[-17.433096403,14.766684579],[-17.4330921,14.766479913],[-17.433089898,14.766235781],[-17.433087289,14.765946518],[-17.433087888,14.765862924]]]]},"properties":{"region":"DAKAR","departement":"DAKAR","commune":"CAMBERENE","syscolCommune":"01130144","numSection":"002","surfaceM2":211864.7678}},{"type":"Feature","geometry":{"type":"MultiPolygon","coordinates":[[[[-17.437135426,14.765454691],[-17.437851788,14.764343591],[-17.43787637,14.764352782],[-17.438022401,14.764444339],[-17.438283554,14.76451329],[-17.438602856,14.764509918],[-17.439147164,14.764418118],[-17.441161645,14.763995257],[-17.441254986,14.763958127],[-17.441317554,14.763933239],[-17.441322004,14.763931469],[-17.441484259,14.763900061],[-17.441486959,14.763910904],[-17.441657957,14.764597478],[-17.44194183,14.765737247],[-17.44196213,14.765823394],[-17.441925438,14.765831939],[-17.437719959,14.767634666],[-17.437657114,14.767419272],[-17.437624293,14.767293226],[-17.437550352,14.767009266],[-17.437488521,14.766660804],[-17.437376908,14.766222155],[-17.437287339,14.76587389],[-17.437249172,14.765725488],[-17.437221599,14.765619714],[-17.437209518,14.765571301],[-17.437208602,14.76556986],[-17.437135426,14.765454691]]]]},"properties":{"region":"DAKAR","departement":"DAKAR","commune":"CAMBERENE","syscolCommune":"01130144","numSection":"001","surfaceM2":130855.6035}},{"type":"Feature","geometry":{"type":"MultiPolygon","coordinates":[[[[-17.433903482,14.762665794],[-17.433786964,14.762009395],[-17.433754379,14.761861298],[-17.433751584,14.761848591],[-17.433735851,14.761853519],[-17.433670092,14.761874118],[-17.433668432,14.761874638],[-17.433562228,14.761907906],[-17.433045053,14.761969189],[-17.431922059,14.762102256],[-17.431938916,14.762218082],[-17.431949045,14.762287684],[-17.431965059,14.762397715],[-17.431968603,14.76242207],[-17.431566587,14.762480255],[-17.431242794,14.762527118],[-17.431229998,14.762529238],[-17.431240849,14.762597839],[-17.431243075,14.762611912],[-17.431145355,14.762621423],[-17.431002846,14.762635294],[-17.431067454,14.763136205],[-17.431032196,14.763141584],[-17.430016806,14.763296484],[-17.42990573,14.763313428],[-17.429944397,14.763598081],[-17.429951293,14.76364885],[-17.429930159,14.763647318],[-17.429948656,14.763761871],[-17.429981901,14.764460634],[-17.430138051,14.76544096],[-17.430196776,14.76580964],[-17.430175354,14.766260824],[-17.430013046,14.767266617],[-17.429808523,14.768265095],[-17.429746329,14.768622415],[-17.429749937,14.768776464],[-17.429806218,14.768980705],[-17.430047111,14.769676954],[-17.430300604,14.769892037],[-17.431373352,14.7705428],[-17.431855999,14.770271069],[-17.432408696,14.769943011],[-17.433172497,14.769583876],[-17.432813528,14.768804189],[-17.433161923,14.768679779],[-17.433100243,14.768516234],[-17.433282117,14.768451288],[-17.433183084,14.768116451],[-17.433180901,14.768102294],[-17.433143256,14.767858176],[-17.433130019,14.767642226],[-17.433119046,14.767463213],[-17.433109499,14.767307481],[-17.433108493,14.76725963],[-17.43309966,14.76683946],[-17.433096403,14.766684579],[-17.4330921,14.766479913],[-17.433089898,14.766235781],[-17.433087289,14.765946518],[-17.433087888,14.765862924],[-17.433091075,14.765418304],[-17.433093573,14.765069873],[-17.433082506,14.764768878],[-17.433074878,14.764561406],[-17.433050444,14.764337305],[-17.433036368,14.764208198],[-17.43302075,14.764064945],[-17.433005685,14.763926769],[-17.433005161,14.763879676],[-17.433004496,14.763819925],[-17.433003673,14.763745946],[-17.433255305,14.763709155],[-17.433265445,14.763699554],[-17.433338261,14.763630609],[-17.433375556,14.763564616],[-17.433390035,14.763549131],[-17.433583555,14.763216198],[-17.433636455,14.763125189],[-17.43366517,14.763075789],[-17.433903482,14.762665794]]]]},"properties":{"region":"DAKAR","departement":"DAKAR","commune":"CAMBERENE","syscolCommune":"01130144","numSection":"003","surfaceM2":291141.372}},{"type":"Feature","geometry":{"type":"MultiPolygon","coordinates":[[[[-17.442651478,14.691646813],[-17.442584735,14.690847408],[-17.441524223,14.68642451],[-17.441168174,14.685209214],[-17.440927653,14.684534055],[-17.44087242,14.684379011],[-17.440810813,14.684206076],[-17.440721066,14.684015866],[-17.440572023,14.683762913],[-17.439798408,14.682588882],[-17.439739803,14.682514937],[-17.439573914,14.682642098],[-17.438493551,14.683600035],[-17.438231439,14.6838844],[-17.437838203,14.684463948],[-17.437638161,14.68485092],[-17.437884336,14.685375542],[-17.439404579,14.688666029],[-17.439828741,14.689452887],[-17.440651379,14.691154796],[-17.441187824,14.69217207],[-17.441391906,14.692654827],[-17.441701151,14.693337045],[-17.441927288,14.694378917],[-17.441984557,14.694935248],[-17.442378856,14.696201002],[-17.442629406,14.692570565],[-17.442627752,14.692570568],[-17.442636996,14.69229629],[-17.442651478,14.691646813]]]]},"properties":{"region":"DAKAR","departement":"DAKAR","commune":"HANN BEL AIR","syscolCommune":"01130124","numSection":"037","surfaceM2":316617.0151}},{"type":"Feature","geometry":{"type":"MultiPolygon","coordinates":[[[[-17.442629406,14.692570565],[-17.444811115,14.692567811],[-17.447465538,14.695057531],[-17.447470041,14.695637909],[-17.447465432,14.695727286],[-17.447345021,14.69806222],[-17.447281657,14.698048386],[-17.447281613,14.698048376],[-17.44712895,14.698016169],[-17.446951509,14.697886762],[-17.446732396,14.697726963],[-17.446527483,14.697599127],[-17.44607816,14.697445275],[-17.445389769,14.697373656],[-17.444679512,14.697543688],[-17.444611398,14.697601773],[-17.444091013,14.697621601],[-17.442309196,14.697506451],[-17.442370436,14.696323008],[-17.442378856,14.696201002],[-17.442629406,14.692570565]]]]},"properties":{"region":"DAKAR","departement":"DAKAR","commune":"GUEULE TAPEE FASS COLOBANE","syscolCommune":"01130114","numSection":"009","surfaceM2":259445.6778}},{"type":"Feature","geometry":{"type":"MultiPolygon","coordinates":[[[[-17.47021509,14.685139738],[-17.470215006,14.685109634],[-17.470213653,14.685084376],[-17.470212087,14.68505513],[-17.470211471,14.685043617],[-17.470203262,14.685023817],[-17.470182263,14.684967715],[-17.470175951,14.684942846],[-17.470172977,14.68492838],[-17.470145256,14.684876586],[-17.470132111,14.684852026],[-17.470116641,14.684826786],[-17.470084803,14.684774841],[-17.470064408,14.684758823],[-17.470015496,14.684721395],[-17.469959772,14.68468037],[-17.469926942,14.684657499],[-17.469866712,14.684616192],[-17.469821607,14.684582503],[-17.46979615,14.684556189],[-17.469767119,14.684526181],[-17.469721929,14.684488201],[-17.469702394,14.684471782],[-17.469678867,14.684456682],[-17.469624226,14.68442244],[-17.469581733,14.684398165],[-17.46956305,14.684387493],[-17.469532847,14.684364803],[-17.469508711,14.684343821],[-17.469496075,14.684322003],[-17.469483233,14.684299826],[-17.469459149,14.684228571],[-17.469424705,14.684113194],[-17.469390022,14.683983833],[-17.469363999,14.68386234],[-17.469339094,14.683752333],[-17.469335566,14.683733518],[-17.469334872,14.683733366],[-17.469298047,14.683567947],[-17.469258082,14.683405735],[-17.469214322,14.683239861],[-17.46917897,14.68315712],[-17.469181511,14.683144439],[-17.469179068,14.683147917],[-17.469179443,14.683112835],[-17.469193075,14.683093707],[-17.469200846,14.683038496],[-17.469193285,14.682949119],[-17.469214805,14.682897732],[-17.469241969,14.682855385],[-17.469235431,14.682822836],[-17.468559637,14.68276157],[-17.46828387,14.682743464],[-17.467843502,14.682742888],[-17.467162897,14.682760644],[-17.466538812,14.682759388],[-17.465774289,14.682762253],[-17.465136756,14.682766396],[-17.464420856,14.68276874],[-17.463948159,14.682776389],[-17.463402616,14.6827927],[-17.462937699,14.682771336],[-17.46266757,14.682774203],[-17.462278377,14.682759923],[-17.461935372,14.682768823],[-17.461667885,14.682766399],[-17.461538605,14.68280196],[-17.461406566,14.682832288],[-17.461199764,14.682906565],[-17.460871993,14.683024289],[-17.460697552,14.68311308],[-17.460697491,14.683122519],[-17.460699321,14.683121863],[-17.460738682,14.686376787],[-17.458525997,14.690180227],[-17.458897966,14.690472375],[-17.460519998,14.69184115],[-17.461127357,14.692320941],[-17.461418649,14.692598369],[-17.461576206,14.692728907],[-17.462287602,14.693318303],[-17.462371484,14.693228169],[-17.462399147,14.693125018],[-17.462412298,14.69301267],[-17.462702056,14.692724399],[-17.463394262,14.691917567],[-17.463770462,14.691628377],[-17.463872258,14.691711451],[-17.464417781,14.69110254],[-17.464897065,14.690583162],[-17.46530415,14.690050525],[-17.465706381,14.689513264],[-17.465943932,14.689281648],[-17.466043734,14.689187081],[-17.466746434,14.689745323],[-17.467292205,14.690015362],[-17.467635908,14.690254822],[-17.468284633,14.690710774],[-17.468567261,14.690809425],[-17.468576821,14.690812762],[-17.469514368,14.689870157],[-17.468923378,14.689422943],[-17.468714563,14.689219452],[-17.468341259,14.688910179],[-17.468069385,14.688651254],[-17.467761848,14.688210371],[-17.467555844,14.687829187],[-17.467456806,14.687563748],[-17.467513962,14.687521062],[-17.468839367,14.687502287],[-17.46880903,14.687367026],[-17.468753579,14.68713385],[-17.468759037,14.686764443],[-17.468864976,14.686361239],[-17.469125535,14.686040546],[-17.469201953,14.68600233],[-17.469660221,14.686074229],[-17.469759218,14.686088872],[-17.46975849,14.68607912],[-17.469766129,14.68605825],[-17.469836959,14.685961581],[-17.469874527,14.685917145],[-17.469903478,14.685880559],[-17.469916582,14.685863999],[-17.469925127,14.685835529],[-17.469934557,14.685732768],[-17.469940679,14.685709618],[-17.469952209,14.685666008],[-17.469955885,14.685652105],[-17.469957589,14.685610285],[-17.469961692,14.68554843],[-17.46996253,14.685536724],[-17.469964614,14.685518367],[-17.46996793,14.685491933],[-17.469970964,14.685437679],[-17.469979045,14.685422407],[-17.469993957,14.685394227],[-17.469998458,14.68538774],[-17.470014069,14.68536793],[-17.470021711,14.685358494],[-17.470028471,14.685353899],[-17.470047047,14.685348696],[-17.470061048,14.685344774],[-17.470073495,14.685341287],[-17.470112579,14.685333109],[-17.470121992,14.685331167],[-17.47016383,14.685290509],[-17.470170816,14.685283721],[-17.470176868,14.685275284],[-17.470180683,14.685269966],[-17.470192054,14.685246492],[-17.470197582,14.68523508],[-17.47020198,14.685226003],[-17.47020916,14.68521118],[-17.470213263,14.685195501],[-17.470213693,14.685182365],[-17.470214557,14.685156009],[-17.47021509,14.685139738]]]]},"properties":{"region":"DAKAR","departement":"DAKAR","commune":"FANN POINT E AMITIE","syscolCommune":"01130115","numSection":"012","surfaceM2":901683.7344}},{"type":"Feature","geometry":{"type":"MultiPolygon","coordinates":[[[[-17.461578192,14.692730799],[-17.461420635,14.69260026],[-17.461129343,14.692322832],[-17.460521984,14.691843042],[-17.458899952,14.690474266],[-17.458525865,14.690180455],[-17.458515973,14.690197458],[-17.454496632,14.694019602],[-17.454414013,14.694093347],[-17.454594389,14.694341157],[-17.455472437,14.695547451],[-17.45597303,14.6962154],[-17.456609129,14.697090451],[-17.456746527,14.697296755],[-17.456773627,14.697329716],[-17.456845061,14.697180723],[-17.457733262,14.69566689],[-17.458328856,14.694713041],[-17.459216295,14.69313272],[-17.4593529,14.693131271],[-17.461578192,14.692730799]]]]},"properties":{"region":"DAKAR","departement":"DAKAR","commune":"FANN POINT E AMITIE","syscolCommune":"01130115","numSection":"003","surfaceM2":239145.8845}},{"type":"Feature","geometry":{"type":"MultiPolygon","coordinates":[[[[-17.470586733,14.675696694],[-17.470582387,14.675624019],[-17.470567335,14.675526224],[-17.470556056,14.675436693],[-17.470533423,14.675347213],[-17.470510881,14.675300073],[-17.470461087,14.675226271],[-17.470398537,14.675157403],[-17.470354182,14.67511275],[-17.470307646,14.67507852],[-17.470240015,14.675042942],[-17.470170325,14.675000023],[-17.470091139,14.674954419],[-17.470030228,14.674912201],[-17.469937954,14.674819755],[-17.469860965,14.674733465],[-17.469845173,14.674681213],[-17.469845457,14.674604151],[-17.469870925,14.674509731],[-17.469906173,14.674413516],[-17.46994027,14.674312521],[-17.469982355,14.674196184],[-17.470034694,14.674050168],[-17.470059602,14.673959553],[-17.469995349,14.673889484],[-17.469953003,14.673975824],[-17.469893704,14.674118888],[-17.469842588,14.674207982],[-17.469800011,14.67430536],[-17.469754085,14.674412983],[-17.469685674,14.674536257],[-17.469625169,14.674599284],[-17.469569633,14.674616171],[-17.469501357,14.674617476],[-17.469431989,14.674615497],[-17.46937377,14.674611763],[-17.469277919,14.674600248],[-17.469157394,14.674588467],[-17.469069144,14.67460152],[-17.468943098,14.674634872],[-17.468874146,14.67470545],[-17.46881594,14.674788152],[-17.468781588,14.674868057],[-17.468738786,14.67493911],[-17.468706851,14.674983747],[-17.468746336,14.675027584],[-17.468853497,14.675097316],[-17.468889721,14.675143459],[-17.468902592,14.675209282],[-17.468883592,14.675321205],[-17.468843603,14.675443175],[-17.468764515,14.675465745],[-17.468695104,14.675455135],[-17.468621292,14.675434884],[-17.468508471,14.675400064],[-17.46842449,14.675372852],[-17.468361631,14.675356294],[-17.468329875,14.675403142],[-17.468394568,14.675448596],[-17.468474222,14.675474403],[-17.468582897,14.67549669],[-17.468670441,14.675519209],[-17.468747014,14.675536749],[-17.468822614,14.675581759],[-17.468865463,14.675670041],[-17.468907851,14.675733434],[-17.468920842,14.675809287],[-17.468899205,14.675918493],[-17.468875381,14.675997091],[-17.468852167,14.676049523],[-17.468781389,14.676155797],[-17.468730587,14.676225237],[-17.468634448,14.676330371],[-17.468539643,14.676424467],[-17.468433423,14.676527174],[-17.468204842,14.676622119],[-17.468055279,14.676693311],[-17.467947024,14.67673412],[-17.46786923,14.676742181],[-17.46776228,14.676753263],[-17.467654296,14.67673894],[-17.467567537,14.676727433],[-17.467400839,14.676727296],[-17.467170615,14.676622692],[-17.466995275,14.676571753],[-17.467023319,14.676331407],[-17.467072992,14.676186502],[-17.467119556,14.676213815],[-17.467130855,14.676149439],[-17.467360041,14.67587994],[-17.467425523,14.675833122],[-17.467446863,14.675772881],[-17.467389187,14.675738193],[-17.467323239,14.675748598],[-17.467296336,14.675801355],[-17.467117837,14.676010183],[-17.467007691,14.676131341],[-17.466953463,14.676203519],[-17.466900256,14.676289188],[-17.466855596,14.676335773],[-17.46677971,14.676337704],[-17.466702343,14.676328327],[-17.46664836,14.676321784],[-17.46656452,14.676311622],[-17.466499995,14.676303802],[-17.466433245,14.676295711],[-17.466351275,14.676286357],[-17.466262612,14.676285032],[-17.466180604,14.676329389],[-17.466124906,14.676392299],[-17.466088432,14.676471255],[-17.466052489,14.676562042],[-17.466025606,14.676629942],[-17.465968477,14.676726562],[-17.465867688,14.676754674],[-17.4657922,14.676816005],[-17.465690407,14.676845302],[-17.465578585,14.676850558],[-17.46548431,14.67685161],[-17.465369427,14.676813433],[-17.465201267,14.676747594],[-17.465160956,14.676709637],[-17.465106049,14.676657936],[-17.465028581,14.676584992],[-17.464983024,14.676542096],[-17.464857583,14.676356979],[-17.464790412,14.676187437],[-17.464669612,14.675886206],[-17.464632935,14.675795692],[-17.464590719,14.675721706],[-17.464481081,14.675529557],[-17.464408112,14.675401672],[-17.46441568,14.675296583],[-17.464498693,14.675239901],[-17.464578696,14.67522893],[-17.464685626,14.675220647],[-17.464742915,14.675220009],[-17.464799755,14.675155962],[-17.464813947,14.675082041],[-17.464777629,14.674958794],[-17.464712728,14.674878247],[-17.464676676,14.674834885],[-17.464617609,14.67480085],[-17.464563596,14.674769727],[-17.464470583,14.674733028],[-17.464373381,14.674694676],[-17.464240064,14.674654872],[-17.464165633,14.67463265],[-17.464100678,14.674611146],[-17.46390474,14.674543386],[-17.463808274,14.674515218],[-17.463727968,14.674491769],[-17.463668036,14.674485515],[-17.463482266,14.674466126],[-17.463412691,14.674458866],[-17.463282215,14.674493569],[-17.463235692,14.674570181],[-17.463359087,14.674763816],[-17.463370245,14.674857208],[-17.463377034,14.674919611],[-17.463380984,14.674982196],[-17.463380652,14.675100189],[-17.463390762,14.675194469],[-17.463402923,14.675307872],[-17.463377192,14.67537241],[-17.463259198,14.675426845],[-17.463097631,14.675513574],[-17.462841673,14.675645776],[-17.462624241,14.675758079],[-17.462571825,14.675793001],[-17.462609011,14.675860087],[-17.462634456,14.67596915],[-17.462697186,14.676062703],[-17.462741935,14.67611796],[-17.46275499,14.676211149],[-17.462773779,14.676338912],[-17.462777318,14.676411978],[-17.462769227,14.676492223],[-17.462735614,14.676557029],[-17.462674697,14.676617883],[-17.462624329,14.676665348],[-17.462580342,14.676706236],[-17.462514796,14.676796474],[-17.462578831,14.676812072],[-17.462673945,14.676769585],[-17.462721029,14.676742622],[-17.462787475,14.67670935],[-17.462857778,14.676697994],[-17.462929549,14.676705762],[-17.46298976,14.676749387],[-17.463067418,14.676907837],[-17.463132742,14.67703714],[-17.463187072,14.677180313],[-17.463194596,14.677258062],[-17.463193812,14.677335016],[-17.46317833,14.67741997],[-17.463144883,14.677498961],[-17.463053868,14.677617338],[-17.462926236,14.677744374],[-17.46284887,14.677828572],[-17.46277128,14.67790938],[-17.462703243,14.677983207],[-17.462665497,14.678023095],[-17.462597025,14.67810263],[-17.462481868,14.678202349],[-17.462375135,14.67828029],[-17.4623086,14.678317833],[-17.462180297,14.678371983],[-17.462126126,14.678388452],[-17.462050161,14.678402199],[-17.461925764,14.678439883],[-17.461753341,14.678465299],[-17.461665207,14.678470798],[-17.461549121,14.678486246],[-17.46132844,14.678492623],[-17.461059125,14.678488394],[-17.460898113,14.678507673],[-17.46073757,14.678534266],[-17.460644434,14.678581652],[-17.460649098,14.678967466],[-17.46069414,14.679013591],[-17.460681885,14.67927169],[-17.46066214,14.679537238],[-17.460720839,14.680723272],[-17.460687065,14.682108194],[-17.460699205,14.683112239],[-17.460871993,14.683024289],[-17.461199764,14.682906565],[-17.461207972,14.682903617],[-17.461236741,14.682866548],[-17.461246251,14.682750733],[-17.46188312,14.682365275],[-17.461854445,14.68173441],[-17.461852082,14.681201447],[-17.46389127,14.681235912],[-17.464138429,14.681239302],[-17.46421737,14.681274872],[-17.46444252,14.681290731],[-17.46434131,14.677538578],[-17.464457123,14.67752195],[-17.464783992,14.67751848],[-17.465205874,14.677524266],[-17.465643629,14.677535015],[-17.466139319,14.677540015],[-17.466413582,14.677547367],[-17.466635584,14.677596337],[-17.466910596,14.677670406],[-17.467223433,14.677826199],[-17.467345669,14.677912157],[-17.467542693,14.678084578],[-17.467739833,14.678267264],[-17.467933255,14.678588574],[-17.468073489,14.67837875],[-17.468158016,14.678341694],[-17.468785807,14.678808031],[-17.469323223,14.678863535],[-17.469318921,14.678793774],[-17.469359911,14.678578289],[-17.469376956,14.678488684],[-17.469519091,14.678212746],[-17.469634718,14.677990558],[-17.469678402,14.677906614],[-17.469733294,14.677782623],[-17.469764238,14.677712724],[-17.469838504,14.677629152],[-17.469898957,14.677561121],[-17.470007014,14.6773884],[-17.470080825,14.677293039],[-17.470123346,14.677213395],[-17.47015274,14.677144321],[-17.470153799,14.677071836],[-17.470146929,14.67701847],[-17.470128189,14.676932508],[-17.470102875,14.676843599],[-17.470097532,14.676773535],[-17.47009924,14.676691038],[-17.470090627,14.676607474],[-17.470034329,14.676524253],[-17.470021954,14.676447889],[-17.470031287,14.676378747],[-17.470071809,14.676257315],[-17.470107572,14.676179886],[-17.470131518,14.676123788],[-17.470187109,14.676012194],[-17.470278165,14.67587518],[-17.470353198,14.675867384],[-17.470464857,14.675847612],[-17.47053845,14.675813444],[-17.470576473,14.675765102],[-17.470586733,14.675696694]]],[[[-17.462726235,14.677946897],[-17.462720527,14.677950756],[-17.462718088,14.677955506],[-17.462726235,14.677946897]]]]},"properties":{"region":"DAKAR","departement":"DAKAR","commune":"FANN POINT E AMITIE","syscolCommune":"01130115","numSection":"005","surfaceM2":347116.4598}},{"type":"Feature","geometry":{"type":"MultiPolygon","coordinates":[[[[-17.459218085,14.700012857],[-17.459068099,14.699840815],[-17.45827771,14.698986599],[-17.45775249,14.698408334],[-17.456841716,14.697418634],[-17.45677021,14.697331665],[-17.45674311,14.697298704],[-17.456605712,14.6970924],[-17.455969613,14.696217349],[-17.45546902,14.6955494],[-17.454590972,14.694343106],[-17.454411082,14.694095963],[-17.454242385,14.694246541],[-17.451451673,14.697022672],[-17.451460992,14.697042359],[-17.45193605,14.697609545],[-17.454349526,14.700326436],[-17.45544128,14.701651401],[-17.456061734,14.702371257],[-17.456092867,14.702352227],[-17.456765661,14.701952369],[-17.457318856,14.701595854],[-17.457619334,14.701405655],[-17.457776308,14.701268406],[-17.458023224,14.70101332],[-17.459210341,14.700012102],[-17.459214002,14.700016301],[-17.459218085,14.700012857]]]]},"properties":{"region":"DAKAR","departement":"DAKAR","commune":"FANN POINT E AMITIE","syscolCommune":"01130115","numSection":"002","surfaceM2":348380.7151}},{"type":"Feature","geometry":{"type":"MultiPolygon","coordinates":[[[[-17.460044561,14.707155638],[-17.458772689,14.705656659],[-17.45865706,14.705735886],[-17.458221447,14.706034359],[-17.457851456,14.706289072],[-17.457580633,14.706469102],[-17.457568062,14.706477459],[-17.457523331,14.706508191],[-17.45723151,14.706709656],[-17.456861985,14.70694816],[-17.456829917,14.706968859],[-17.45639725,14.707260413],[-17.456235015,14.707330299],[-17.455800885,14.707482922],[-17.455313047,14.707662992],[-17.455127472,14.707731492],[-17.454269994,14.708010788],[-17.453561984,14.708245049],[-17.453131755,14.708387398],[-17.453077519,14.708405343],[-17.453057765,14.70841188],[-17.453053467,14.708413003],[-17.453054729,14.70841666],[-17.454693279,14.713284337],[-17.457126329,14.710547471],[-17.458178756,14.709324426],[-17.460039973,14.7072081],[-17.460018295,14.707184571],[-17.460044561,14.707155638]]]]},"properties":{"region":"DAKAR","departement":"DAKAR","commune":"GRAND DAKAR","syscolCommune":"01130121","numSection":"001","surfaceM2":273769.797}},{"type":"Feature","geometry":{"type":"MultiPolygon","coordinates":[[[[-17.460018295,14.707184571],[-17.460107092,14.707086757],[-17.460140484,14.707080256],[-17.460549547,14.706720588],[-17.461587895,14.705508002],[-17.462266517,14.704771443],[-17.462783098,14.704148811],[-17.462855155,14.704045495],[-17.462869571,14.70406216],[-17.462992545,14.703945139],[-17.463024234,14.703917112],[-17.463040702,14.70390255],[-17.46330362,14.704217969],[-17.464387248,14.705437225],[-17.464677038,14.705739208],[-17.46472385,14.705817606],[-17.464697425,14.705870484],[-17.464630358,14.705913275],[-17.464592919,14.705947862],[-17.464617795,14.705997564],[-17.465137796,14.706589013],[-17.465471642,14.706964161],[-17.466305994,14.707878363],[-17.466519673,14.708139075],[-17.46652793,14.70816317],[-17.466358431,14.708344211],[-17.465361725,14.709413776],[-17.464565551,14.71037601],[-17.464035322,14.71096022],[-17.463764446,14.711220503],[-17.46367962,14.711271276],[-17.463590333,14.711288059],[-17.463585883,14.711288895],[-17.46337844,14.711066686],[-17.462625332,14.710160409],[-17.461067624,14.708323455],[-17.460018295,14.707184571]]]]},"properties":{"region":"DAKAR","departement":"DAKAR","commune":"MERMOZ-SACRE COEUR","syscolCommune":"01130134","numSection":"001","surfaceM2":283478.1878}},{"type":"Feature","geometry":{"type":"MultiPolygon","coordinates":[[[[-17.463595419,14.711287103],[-17.463590333,14.711288059],[-17.463585883,14.711288895],[-17.46337844,14.711066686],[-17.462625332,14.710160409],[-17.461067624,14.708323455],[-17.460039973,14.7072081],[-17.458189027,14.709312747],[-17.458250574,14.709376566],[-17.458726056,14.709895158],[-17.45959164,14.710933243],[-17.460361911,14.711847662],[-17.461383351,14.713075251],[-17.461180568,14.713268575],[-17.460976853,14.713378791],[-17.460995073,14.713483663],[-17.46100424,14.713536423],[-17.461186348,14.713783838],[-17.461379989,14.713944146],[-17.461384187,14.713947622],[-17.461839449,14.713452742],[-17.463476534,14.711706509],[-17.463508636,14.71152331],[-17.463554744,14.711397952],[-17.463555274,14.711398507],[-17.463555481,14.711397944],[-17.463592239,14.711298006],[-17.463595419,14.711287103]]]]},"properties":{"region":"DAKAR","departement":"DAKAR","commune":"SICAP LIBERTE","syscolCommune":"01130125","numSection":"001","surfaceM2":191292.0302}},{"type":"Feature","geometry":{"type":"MultiPolygon","coordinates":[[[[-17.461381601,14.71307692],[-17.460361954,14.711851485],[-17.459591683,14.710937067],[-17.458726098,14.709898981],[-17.458250617,14.70938039],[-17.458187289,14.709314724],[-17.458178756,14.709324426],[-17.457126329,14.710547471],[-17.454924301,14.713024468],[-17.454946187,14.713039735],[-17.45501185,14.713196928],[-17.455017943,14.713302122],[-17.454990218,14.713460304],[-17.455036488,14.713641625],[-17.455321051,14.714471111],[-17.455397348,14.714699958],[-17.455412564,14.71469235],[-17.455412795,14.714692235],[-17.455412548,14.714690916],[-17.455661305,14.714566545],[-17.456123479,14.714135824],[-17.456257568,14.713818625],[-17.456375091,14.713338929],[-17.456403886,14.713276426],[-17.457456526,14.713337027],[-17.458150094,14.713377513],[-17.459236924,14.713418606],[-17.460786151,14.713488273],[-17.460994868,14.713486056],[-17.460976896,14.713382615],[-17.460977464,14.713382308],[-17.460976853,14.713378791],[-17.461180568,14.713268575],[-17.461381601,14.71307692]]]]},"properties":{"region":"DAKAR","departement":"DAKAR","commune":"SICAP LIBERTE","syscolCommune":"01130125","numSection":"002","surfaceM2":184009.1265}},{"type":"Feature","geometry":{"type":"MultiPolygon","coordinates":[[[[-17.461531754,14.71966242],[-17.460718599,14.718947719],[-17.459303031,14.717795345],[-17.45853359,14.717173589],[-17.458533152,14.717174095],[-17.458431306,14.71729196],[-17.457512698,14.718373435],[-17.45718866,14.718702219],[-17.456967407,14.718844912],[-17.456849764,14.71888447],[-17.456846018,14.71888573],[-17.456850443,14.718899597],[-17.456855441,14.718897916],[-17.457387919,14.720566684],[-17.458257004,14.723007277],[-17.458274775,14.722986278],[-17.458317474,14.722938486],[-17.458417086,14.72290587],[-17.458594284,14.722804053],[-17.458747195,14.722705124],[-17.458899694,14.722569381],[-17.459084171,14.72239385],[-17.459268323,14.722189394],[-17.459668813,14.7217591],[-17.460503878,14.720806104],[-17.460930761,14.720320301],[-17.461302338,14.719916124],[-17.461331185,14.719884746],[-17.461531754,14.71966242]]]]},"properties":{"region":"DAKAR","departement":"DAKAR","commune":"SICAP LIBERTE","syscolCommune":"01130125","numSection":"004","surfaceM2":169099.4145}},{"type":"Feature","geometry":{"type":"MultiPolygon","coordinates":[[[[-17.458259584,14.723014521],[-17.457387919,14.720566684],[-17.456855441,14.718897916],[-17.45683243,14.718905654],[-17.45673801,14.718937404],[-17.456503006,14.719022828],[-17.456280753,14.719076221],[-17.455440955,14.719002197],[-17.454298901,14.718861201],[-17.453743744,14.71878525],[-17.453562908,14.720037363],[-17.453177759,14.722643413],[-17.453408898,14.722675787],[-17.454791659,14.722848255],[-17.457190074,14.723188557],[-17.457252641,14.723198878],[-17.457253472,14.723192447],[-17.457517544,14.723180294],[-17.457833769,14.723106806],[-17.457944714,14.723147707],[-17.458017181,14.723184339],[-17.458122852,14.723183217],[-17.458238037,14.723039982],[-17.458259584,14.723014521]]]]},"properties":{"region":"DAKAR","departement":"DAKAR","commune":"DIEUPPEUL DERKLE","syscolCommune":"01130126","numSection":"003","surfaceM2":197051.4036}},{"type":"Feature","geometry":{"type":"MultiPolygon","coordinates":[[[[-17.4717059,14.715276204],[-17.471546065,14.715362185],[-17.471350139,14.715594923],[-17.471273853,14.715645607],[-17.471158371,14.715628138],[-17.471017343,14.715617175],[-17.470806503,14.715663061],[-17.470437036,14.715841546],[-17.469717385,14.716204544],[-17.468342185,14.716936085],[-17.466966763,14.71764892],[-17.466568262,14.717866018],[-17.466574093,14.718054035],[-17.466470526,14.718169965],[-17.466435914,14.718184841],[-17.466428301,14.718193362],[-17.466336982,14.718232611],[-17.466242661,14.718223427],[-17.466067502,14.718467704],[-17.465919709,14.718730829],[-17.465911331,14.718740556],[-17.466528742,14.719285095],[-17.468151781,14.720620206],[-17.468460012,14.720829562],[-17.468593363,14.720959559],[-17.468592839,14.720959996],[-17.468593274,14.72096042],[-17.469146604,14.720499885],[-17.470276918,14.719985991],[-17.47077327,14.719827594],[-17.471210676,14.719751084],[-17.471594435,14.716734884],[-17.4717059,14.715276204]]]]},"properties":{"region":"DAKAR","departement":"DAKAR","commune":"SICAP LIBERTE","syscolCommune":"01130125","numSection":"014","surfaceM2":214648.9338}},{"type":"Feature","geometry":{"type":"MultiPolygon","coordinates":[[[[-17.465674027,14.723684496],[-17.46563342,14.723648927],[-17.464601462,14.722808281],[-17.463976112,14.722279078],[-17.463643562,14.721995549],[-17.463460621,14.721901807],[-17.463317863,14.721884188],[-17.463215362,14.721874897],[-17.463200995,14.72191656],[-17.462702231,14.722444968],[-17.462313878,14.722882891],[-17.461989484,14.723179789],[-17.461594,14.723566753],[-17.461069588,14.724146465],[-17.460756949,14.724473846],[-17.460749827,14.724468576],[-17.460747764,14.724470736],[-17.460752037,14.724473898],[-17.460695404,14.724533202],[-17.460132236,14.725164359],[-17.460057907,14.725249409],[-17.460057908,14.725249409],[-17.460060987,14.725245886],[-17.460354343,14.725481495],[-17.460533122,14.725642267],[-17.460662318,14.72576529],[-17.460746095,14.725783537],[-17.460849479,14.725796792],[-17.460948378,14.725848369],[-17.461018214,14.725938532],[-17.461172755,14.726044164],[-17.461257045,14.725974268],[-17.461261002,14.725977018],[-17.461264413,14.72597419],[-17.461522054,14.72615326],[-17.461819932,14.726413238],[-17.461973599,14.72652643],[-17.462365408,14.726833252],[-17.462636768,14.727059289],[-17.463838074,14.725743969],[-17.465674027,14.723684496]]]]},"properties":{"region":"DAKAR","departement":"DAKAR","commune":"SICAP LIBERTE","syscolCommune":"01130125","numSection":"006","surfaceM2":171120.0081}},{"type":"Feature","geometry":{"type":"MultiPolygon","coordinates":[[[[-17.469987428,14.705299356],[-17.469984495,14.705285361],[-17.469941373,14.705079655],[-17.469644959,14.703779965],[-17.469476807,14.703064877],[-17.469254624,14.702101015],[-17.469001196,14.701206057],[-17.468743119,14.700466991],[-17.468283663,14.699474485],[-17.468225401,14.699419002],[-17.468090647,14.699395501],[-17.467904525,14.699360081],[-17.467749509,14.69924329],[-17.467646353,14.699182051],[-17.467474768,14.699190066],[-17.467365063,14.699255734],[-17.467237833,14.699331893],[-17.467233903,14.699333561],[-17.467219068,14.699342442],[-17.467053346,14.699412777],[-17.466993416,14.699421897],[-17.466236878,14.700275487],[-17.465655286,14.70095284],[-17.464229689,14.702513972],[-17.463378148,14.703487178],[-17.463091671,14.703831001],[-17.463011025,14.703925092],[-17.463027492,14.703910529],[-17.463029269,14.70391266],[-17.463040702,14.70390255],[-17.46330362,14.704217969],[-17.464387248,14.705437225],[-17.464677038,14.705739208],[-17.46472385,14.705817606],[-17.464697425,14.705870484],[-17.464630358,14.705913275],[-17.464592919,14.705947862],[-17.464617795,14.705997564],[-17.465137796,14.706589013],[-17.465471642,14.706964161],[-17.466305994,14.707878363],[-17.466519673,14.708139075],[-17.46652793,14.70816317],[-17.466516258,14.708175637],[-17.466517103,14.708178101],[-17.466533487,14.708160602],[-17.466550371,14.708209875],[-17.466556389,14.70821632],[-17.466585601,14.708187258],[-17.466673503,14.708030478],[-17.466735789,14.707873971],[-17.466976471,14.707634527],[-17.467217642,14.707438713],[-17.467478866,14.70731749],[-17.467625662,14.707272291],[-17.467848322,14.707139011],[-17.468045226,14.706993538],[-17.468521162,14.706601977],[-17.469028763,14.706178908],[-17.469599769,14.705699061],[-17.46992229,14.705334067],[-17.469987428,14.705299356]]]]},"properties":{"region":"DAKAR","departement":"DAKAR","commune":"MERMOZ-SACRE COEUR","syscolCommune":"01130134","numSection":"002","surfaceM2":424218.2094}},{"type":"Feature","geometry":{"type":"MultiPolygon","coordinates":[[[[-17.471082652,14.709791877],[-17.471049609,14.709719832],[-17.470985134,14.709512761],[-17.470772035,14.708584065],[-17.470745708,14.708405516],[-17.470574586,14.707605236],[-17.470371786,14.706871039],[-17.470305952,14.70654301],[-17.470122154,14.705816499],[-17.470013963,14.705325869],[-17.470006194,14.705288807],[-17.469987325,14.705298862],[-17.469987428,14.705299356],[-17.46994014,14.705324555],[-17.469618535,14.705688512],[-17.469047529,14.70616836],[-17.468539927,14.706591429],[-17.468063992,14.70698299],[-17.467867087,14.707128463],[-17.467644428,14.707261743],[-17.467642073,14.707262468],[-17.467625662,14.707272291],[-17.467478866,14.70731749],[-17.467231119,14.707432459],[-17.466995237,14.707623979],[-17.466754555,14.707863423],[-17.466692269,14.70801993],[-17.466604367,14.708176709],[-17.46656032,14.70822053],[-17.466637886,14.708303618],[-17.467307699,14.709001288],[-17.467458386,14.709186403],[-17.467745968,14.709469118],[-17.467894518,14.709579743],[-17.468011258,14.709709408],[-17.468103155,14.709907908],[-17.468591761,14.711211787],[-17.468771174,14.711626297],[-17.46878245,14.71165235],[-17.469334608,14.71120387],[-17.470686561,14.710117255],[-17.471082652,14.709791877]]]]},"properties":{"region":"DAKAR","departement":"DAKAR","commune":"MERMOZ-SACRE COEUR","syscolCommune":"01130134","numSection":"011","surfaceM2":174303.7918}},{"type":"Feature","geometry":{"type":"MultiPolygon","coordinates":[[[[-17.47170085,14.713450479],[-17.471682074,14.712920813],[-17.471591101,14.712236075],[-17.471387894,14.711253315],[-17.471178005,14.71024569],[-17.471073577,14.709799332],[-17.470686561,14.710117255],[-17.469334608,14.71120387],[-17.46878245,14.71165235],[-17.468781449,14.711650037],[-17.468772438,14.711657356],[-17.468762309,14.711633954],[-17.467921151,14.712360397],[-17.467321344,14.712843667],[-17.46710826,14.713117105],[-17.466870215,14.713306652],[-17.466599232,14.713557329],[-17.466576058,14.71363238],[-17.466585617,14.713641483],[-17.466857678,14.713900549],[-17.467210922,14.714130552],[-17.467583117,14.714336975],[-17.468113231,14.714490287],[-17.468819951,14.714543534],[-17.469314079,14.714486839],[-17.469563044,14.714414054],[-17.469869223,14.714303258],[-17.470234998,14.71413419],[-17.470694832,14.71386455],[-17.470696301,14.713864553],[-17.470704845,14.713859543],[-17.471267939,14.713860808],[-17.471699399,14.713850678],[-17.471699412,14.713847008],[-17.47170085,14.713450479]]],[[[-17.471077595,14.709799205],[-17.471077534,14.709798946],[-17.471076972,14.709796543],[-17.471075486,14.709797763],[-17.471076543,14.709800069],[-17.471077595,14.709799205]]]]},"properties":{"region":"DAKAR","departement":"DAKAR","commune":"MERMOZ-SACRE COEUR","syscolCommune":"01130134","numSection":"016","surfaceM2":159807.2143}},{"type":"Feature","geometry":{"type":"MultiPolygon","coordinates":[[[[-17.477285046,14.717358338],[-17.477274732,14.717310838],[-17.477231014,14.717109427],[-17.477123328,14.715703253],[-17.477110439,14.715621566],[-17.476922301,14.714429242],[-17.476768107,14.713474784],[-17.476729835,14.713217045],[-17.476653751,14.71296945],[-17.476587867,14.712755042],[-17.476556749,14.712653776],[-17.476316637,14.712778023],[-17.475982947,14.71295069],[-17.473608778,14.714179182],[-17.472973101,14.714508099],[-17.471703263,14.715165144],[-17.471706075,14.715171612],[-17.471718043,14.715165627],[-17.471722077,14.715174906],[-17.471713218,14.715179336],[-17.471705889,14.715275249],[-17.471546054,14.715361229],[-17.471512047,14.715401625],[-17.471511979,14.715402675],[-17.471546065,14.715362185],[-17.4717059,14.715276204],[-17.471636158,14.716188877],[-17.471898251,14.716198001],[-17.471908688,14.716198365],[-17.47191545,14.716198601],[-17.471959349,14.716394356],[-17.471971141,14.716398382],[-17.471976605,14.716400247],[-17.471985965,14.716413593],[-17.4719962,14.71645346],[-17.472008763,14.716502389],[-17.472013243,14.716522488],[-17.472035274,14.716621319],[-17.472038562,14.716680549],[-17.472040281,14.716711497],[-17.472068032,14.716831313],[-17.472077936,14.716882014],[-17.472093887,14.716963657],[-17.472116565,14.717004308],[-17.472122068,14.717012577],[-17.472238123,14.717186954],[-17.472445043,14.717497853],[-17.472572504,14.717689363],[-17.472830606,14.717951749],[-17.473230363,14.718358139],[-17.473564573,14.718280733],[-17.474633608,14.71803313],[-17.475833777,14.717779863],[-17.475797707,14.717489719],[-17.475838855,14.717485057],[-17.476008302,14.717465864],[-17.47642206,14.717418995],[-17.4768023,14.717368598],[-17.477175131,14.717364609],[-17.477223859,14.717361829],[-17.477285046,14.717358338]]]]},"properties":{"region":"DAKAR","departement":"DAKAR","commune":"OUAKAM","syscolCommune":"01130131","numSection":"004","surfaceM2":247710.6566}},{"type":"Feature","geometry":{"type":"MultiPolygon","coordinates":[[[[-17.474137329,14.721417097],[-17.473230363,14.718358139],[-17.472830606,14.717951749],[-17.472572504,14.717689363],[-17.472445043,14.717497853],[-17.472238123,14.717186954],[-17.472122068,14.717012577],[-17.472116565,14.717004308],[-17.472093887,14.716963657],[-17.472077936,14.716882014],[-17.472068032,14.716831313],[-17.472040281,14.716711497],[-17.472038562,14.716680549],[-17.472035274,14.716621319],[-17.472013243,14.716522488],[-17.472008763,14.716502389],[-17.4719962,14.71645346],[-17.471985965,14.716413593],[-17.471976605,14.716400247],[-17.471971141,14.716398382],[-17.471959349,14.716394356],[-17.47191545,14.716198601],[-17.471908688,14.716198365],[-17.471898251,14.716198001],[-17.471636158,14.716188877],[-17.471594435,14.716734884],[-17.471210676,14.719751084],[-17.471187088,14.71975521],[-17.471187073,14.719755384],[-17.471217542,14.719750055],[-17.471194653,14.719929947],[-17.471131903,14.721003438],[-17.471567584,14.72101509],[-17.471768611,14.721027983],[-17.472702921,14.721087907],[-17.473385745,14.721134663],[-17.473632007,14.721162917],[-17.47371517,14.721145434],[-17.473814559,14.721495418],[-17.474137329,14.721417097]]]]},"properties":{"region":"DAKAR","departement":"DAKAR","commune":"OUAKAM","syscolCommune":"01130131","numSection":"003","surfaceM2":101970.7369}},{"type":"Feature","geometry":{"type":"MultiPolygon","coordinates":[[[[-17.475345695,14.725492408],[-17.475326612,14.72542805],[-17.474137329,14.721417097],[-17.473814559,14.721495418],[-17.47371517,14.721145434],[-17.473632007,14.721162917],[-17.473385745,14.721134663],[-17.472702921,14.721087907],[-17.471768611,14.721027983],[-17.471567584,14.72101509],[-17.471131903,14.721003438],[-17.471029108,14.722761971],[-17.471104498,14.723727963],[-17.471045425,14.723766114],[-17.471097575,14.723732435],[-17.471126911,14.724108323],[-17.471303741,14.724891292],[-17.471302055,14.724892061],[-17.471597416,14.726199847],[-17.471630349,14.726299077],[-17.472683894,14.726293131],[-17.472864628,14.726292112],[-17.475249024,14.726278639],[-17.475273313,14.726278501],[-17.475282907,14.726278446],[-17.475279744,14.726253489],[-17.475277352,14.726234625],[-17.475274916,14.726215392],[-17.475265738,14.726142971],[-17.475205198,14.725665265],[-17.475199182,14.725617811],[-17.475189865,14.725544287],[-17.475345695,14.725492408]]]]},"properties":{"region":"DAKAR","departement":"DAKAR","commune":"OUAKAM","syscolCommune":"01130131","numSection":"002","surfaceM2":221283.1308}},{"type":"Feature","geometry":{"type":"MultiPolygon","coordinates":[[[[-17.463635849,14.727896237],[-17.462881502,14.727263147],[-17.462365408,14.726833252],[-17.461973599,14.72652643],[-17.461819932,14.726413238],[-17.461522054,14.72615326],[-17.461264413,14.72597419],[-17.461176741,14.726046889],[-17.461018214,14.725938532],[-17.460948378,14.725848369],[-17.460849479,14.725796792],[-17.460746095,14.725783537],[-17.460662318,14.72576529],[-17.460533122,14.725642267],[-17.460354343,14.725481495],[-17.460060987,14.725245886],[-17.458579057,14.726941552],[-17.457866925,14.727733772],[-17.457640399,14.72799135],[-17.4574985,14.728196994],[-17.457427551,14.728299817],[-17.457290491,14.728352307],[-17.457107624,14.728411662],[-17.457036388,14.72848897],[-17.457017151,14.728552724],[-17.457459858,14.728614205],[-17.458483729,14.728747055],[-17.459768923,14.72895491],[-17.460151954,14.729004403],[-17.462916829,14.729392671],[-17.462945468,14.729018366],[-17.462971466,14.728707099],[-17.463043423,14.728548446],[-17.463407996,14.728180946],[-17.463635849,14.727896237]]]]},"properties":{"region":"DAKAR","departement":"DAKAR","commune":"SICAP LIBERTE","syscolCommune":"01130125","numSection":"008","surfaceM2":173019.2471}},{"type":"Feature","geometry":{"type":"MultiPolygon","coordinates":[[[[-17.471303741,14.724891292],[-17.471126911,14.724108323],[-17.471097575,14.723732435],[-17.47094415,14.723831521],[-17.470670241,14.723954055],[-17.470578522,14.724103352],[-17.470219531,14.724528214],[-17.469791832,14.724963379],[-17.469645611,14.725074981],[-17.469639539,14.725076424],[-17.469638513,14.725077207],[-17.469427692,14.725127301],[-17.468597322,14.725164865],[-17.467953681,14.725195651],[-17.467550031,14.725147326],[-17.467173934,14.724926466],[-17.466509411,14.724412042],[-17.465681173,14.72368657],[-17.46384522,14.725746043],[-17.462641902,14.727063565],[-17.462881502,14.727263147],[-17.463635849,14.727896237],[-17.463634729,14.727897636],[-17.463635627,14.72789839],[-17.463407774,14.728183098],[-17.463043201,14.728550598],[-17.462971296,14.728709138],[-17.462945468,14.729018366],[-17.462916829,14.729392671],[-17.46372398,14.729506018],[-17.46379505,14.729530124],[-17.464181509,14.729661202],[-17.464395231,14.729745465],[-17.46534479,14.730119834],[-17.465460004,14.729985717],[-17.466085259,14.72904768],[-17.466544271,14.728481411],[-17.467083005,14.728009982],[-17.467771182,14.727422132],[-17.468699047,14.726582931],[-17.469400394,14.726001315],[-17.470604439,14.725242092],[-17.470891008,14.725079551],[-17.471303741,14.724891292]]]]},"properties":{"region":"DAKAR","departement":"DAKAR","commune":"SICAP LIBERTE","syscolCommune":"01130125","numSection":"009","surfaceM2":290469.2632}},{"type":"Feature","geometry":{"type":"MultiPolygon","coordinates":[[[[-17.450714702,14.722259992],[-17.450526098,14.722225951],[-17.450132205,14.72217058],[-17.449396184,14.721999747],[-17.448782313,14.721810608],[-17.448324878,14.721543259],[-17.447893374,14.721250119],[-17.447821948,14.721192466],[-17.447607404,14.721427967],[-17.44759419,14.72144165],[-17.447015704,14.722130075],[-17.446603908,14.722660951],[-17.445076882,14.725407445],[-17.444542645,14.726318052],[-17.444450743,14.726499379],[-17.444342549,14.726778316],[-17.444226489,14.726768401],[-17.444225575,14.726770297],[-17.444483525,14.726807367],[-17.444766789,14.726865739],[-17.446591232,14.727159644],[-17.447151414,14.727249881],[-17.44945915,14.727550677],[-17.449588251,14.726615574],[-17.44971999,14.725891187],[-17.450201751,14.725988158],[-17.450434827,14.724165451],[-17.450546615,14.723220124],[-17.450620413,14.722785548],[-17.450714702,14.722259992]]],[[[-17.446591232,14.727159644],[-17.446589968,14.7271767],[-17.446589968,14.7271767],[-17.446591232,14.727159644]]]]},"properties":{"region":"DAKAR","departement":"DAKAR","commune":"DIEUPPEUL DERKLE","syscolCommune":"01130126","numSection":"004","surfaceM2":300026.1677}},{"type":"Feature","geometry":{"type":"MultiPolygon","coordinates":[[[[-17.486529166,14.709489778],[-17.486270651,14.709486651],[-17.486257839,14.709743026],[-17.486001935,14.709809967],[-17.485357692,14.709998876],[-17.485355123,14.710148154],[-17.485244719,14.710178359],[-17.484528362,14.710006345],[-17.483761433,14.709856217],[-17.483585645,14.709791284],[-17.483363444,14.709741019],[-17.482611874,14.709817308],[-17.482332345,14.70984568],[-17.482290986,14.70984713],[-17.482245862,14.709854459],[-17.48220287,14.709858822],[-17.481692207,14.709910529],[-17.481667405,14.710009178],[-17.481617637,14.710034932],[-17.481601148,14.709903667],[-17.481599881,14.709897282],[-17.48159836,14.709885173],[-17.481560158,14.709692728],[-17.481529716,14.70954929],[-17.481424695,14.709182238],[-17.481122665,14.70859639],[-17.480920988,14.708308847],[-17.481305039,14.708028076],[-17.482036673,14.70759635],[-17.48243046,14.707305381],[-17.482849367,14.706970508],[-17.483444755,14.706384397],[-17.483469735,14.706328026],[-17.483462502,14.706314324],[-17.483464614,14.706309557],[-17.48338791,14.70616426],[-17.483803557,14.705831988],[-17.484209158,14.70545362],[-17.484722017,14.705134555],[-17.484742058,14.705370976],[-17.485165524,14.706211574],[-17.485523415,14.706610651],[-17.486482875,14.706934482],[-17.487141685,14.706861897],[-17.487480417,14.707054805],[-17.487957019,14.707534495],[-17.488331288,14.708486989],[-17.488442981,14.708839567],[-17.488284119,14.709224534],[-17.488183498,14.709364172],[-17.487831617,14.709450079],[-17.487668774,14.709300239],[-17.487607457,14.709151647],[-17.487539174,14.709139943],[-17.487427188,14.709141145],[-17.487423877,14.709137363],[-17.487411762,14.709141311],[-17.487368815,14.709141772],[-17.487122126,14.709173441],[-17.486812913,14.709326011],[-17.486768618,14.709350891],[-17.486740656,14.709360003],[-17.486668123,14.709491459],[-17.486529166,14.709489778]]]]},"properties":{"region":"DAKAR","departement":"DAKAR","commune":"MERMOZ-SACRE COEUR","syscolCommune":"01130134","numSection":"006","surfaceM2":250046.0784}},{"type":"Feature","geometry":{"type":"MultiPolygon","coordinates":[[[[-17.4816172,14.710035158],[-17.48159836,14.709885173],[-17.481560158,14.709692728],[-17.481529716,14.70954929],[-17.481424695,14.709182238],[-17.481122665,14.70859639],[-17.480911468,14.708295275],[-17.48091069,14.708294164],[-17.480909136,14.7082953],[-17.480907964,14.708293628],[-17.480857019,14.708248589],[-17.480368515,14.707738371],[-17.480347713,14.707715269],[-17.479343141,14.708562821],[-17.478416096,14.709414288],[-17.477921985,14.709896451],[-17.476490678,14.71118343],[-17.476489691,14.711179632],[-17.476486615,14.711182398],[-17.476451465,14.711047191],[-17.476380143,14.710657141],[-17.47553111,14.710857067],[-17.475421839,14.710886062],[-17.475420961,14.710886295],[-17.475114574,14.711403849],[-17.475053613,14.711535408],[-17.475050392,14.711675701],[-17.475183285,14.711959474],[-17.475382102,14.712125659],[-17.47560641,14.71242248],[-17.475846024,14.712798616],[-17.475931833,14.712968013],[-17.476023301,14.712922165],[-17.476742849,14.712516469],[-17.477310284,14.71222019],[-17.478783672,14.711429152],[-17.479821416,14.71091225],[-17.480351027,14.710661974],[-17.48045003,14.710639142],[-17.481431289,14.710131364],[-17.481512759,14.710089204],[-17.481546439,14.710071776],[-17.481572795,14.710058137],[-17.481592055,14.71004817],[-17.4816172,14.710035158]]]]},"properties":{"region":"DAKAR","departement":"DAKAR","commune":"MERMOZ-SACRE COEUR","syscolCommune":"01130134","numSection":"007","surfaceM2":157456.7926}},{"type":"Feature","geometry":{"type":"MultiPolygon","coordinates":[[[[-17.420335094,14.76915506],[-17.420335407,14.769154873],[-17.421868719,14.77171849],[-17.421801306,14.772010339],[-17.422483325,14.773526749],[-17.418716731,14.774930918],[-17.418579505,14.774617655],[-17.418579458,14.774617547],[-17.418578762,14.774615972],[-17.418578267,14.774614862],[-17.418578122,14.774614534],[-17.417036182,14.771147691],[-17.420333845,14.769155814],[-17.420334676,14.769155312],[-17.420335094,14.76915506]]]]},"properties":{"region":"DAKAR","departement":"DAKAR","commune":"CAMBERENE","syscolCommune":"01130144","numSection":"016","surfaceM2":216411.4198}},{"type":"Feature","geometry":{"type":"MultiPolygon","coordinates":[[[[-17.424380244,14.766686343],[-17.424621736,14.766538428],[-17.424621746,14.766538507],[-17.424621795,14.766539013],[-17.424652463,14.766852667],[-17.424715708,14.767270248],[-17.424937076,14.767499859],[-17.424796984,14.76790437],[-17.424887522,14.767964254],[-17.424626063,14.769404247],[-17.425048575,14.769449237],[-17.424700763,14.772667334],[-17.422483325,14.773526749],[-17.421801306,14.772010339],[-17.421868719,14.77171849],[-17.420335479,14.76915483],[-17.420335502,14.769154816],[-17.420560488,14.769020802],[-17.420620311,14.768985176],[-17.420867968,14.768837555],[-17.420868618,14.768837167],[-17.420869395,14.768836703],[-17.420869701,14.768836522],[-17.420870119,14.768836269],[-17.420870228,14.768836203],[-17.420870493,14.768836043],[-17.420871071,14.768835691],[-17.423133394,14.767450042],[-17.424380244,14.766686343]]]]},"properties":{"region":"DAKAR","departement":"DAKAR","commune":"CAMBERENE","syscolCommune":"01130144","numSection":"015","surfaceM2":233260.9443}}]}